<Footprint name="CRYSTAL_HC49SDLF_FXT" >
  <Units type="mils" precision="3" />
  <Extents minX="-2586.5" minY="-2408.5" width="4123" height="3807" />
  <Padstack name="RX216p5Y83D0T" type="single" > 
    <Layers>
      <Layer name="TOP" >
        <Pad shape="rectangle" width="216.5" height="83" /> 
      </Layer>
      <Layer name="PASTEMASK_TOP" >
        <Pad shape="rectangle" width="216.5" height="83" /> 
      </Layer>
      <Layer name="SOLDERMASK_TOP" >
        <Pad shape="rectangle" width="216.5" height="83" /> 
      </Layer>
    </Layers>
  </Padstack>

  <Padstack name="RX216p5Y83D0T" type="single" > 
    <Layers>
      <Layer name="TOP" >
        <Pad shape="rectangle" width="216.5" height="83" /> 
      </Layer>
      <Layer name="PASTEMASK_TOP" >
        <Pad shape="rectangle" width="216.5" height="83" /> 
      </Layer>
      <Layer name="SOLDERMASK_TOP" >
        <Pad shape="rectangle" width="216.5" height="83" /> 
      </Layer>
    </Layers>
  </Padstack>
  <TextBlocks>
    <TextBlock name="17" width="6.25" height="25" lineSpacing="25" characterSpacing="6.25" /> 
  </TextBlocks>

  <Pins>
    <Pin number="1" padName="RX216p5Y83D0T" originX="-188.75" originY="0" rotation="0" isMechanical="no" textBlockName="17" />
    <Pin number="2" padName="RX216p5Y83D0T" originX="188.75" originY="0" rotation="0" isMechanical="no" textBlockName="17" />
  </Pins>
  <Vias>
  </Vias>
  <Layers>
    <Layer name="ROUTE KEEPOUT/TOP" packageHeight="177" >
      <Path lineWidth="0" type="shape" >
        <Point x="-78.5" y="96.5" />
        <Point x="78.5" y="96.5" />
        <Point x="78.5" y="-96.5" />
        <Point x="-78.5" y="-96.5" />
        <Point x="-78.5" y="96.5" />
      </Path>
    </Layer>
    <Layer name="PACKAGE GEOMETRY/PLACE_BOUND_TOP" packageHeight="177" packageHeightMin="0">
      <Path lineWidth="0" type="shape" >
        <Point x="-307" y="-51.5" />
        <Point x="-307" y="51.5" />
        <Point x="-240.5" y="51.5" />
        <Point x="-240.5" y="108.5" />
        <Point x="240.5" y="108.5" />
        <Point x="240.5" y="51.5" />
        <Point x="307" y="51.5" />
        <Point x="307" y="-51.5" />
        <Point x="240.5" y="-51.5" />
        <Point x="240.5" y="-108.5" />
        <Point x="-240.5" y="-108.5" />
        <Point x="-240.5" y="-51.5" />
        <Point x="-307" y="-51.5" />
      </Path>
    </Layer>
    <Layer name="MANUFACTURING/NO_PROBE_TOP" packageHeight="177" >
      <Path lineWidth="0" type="shape" >
        <Point x="-312" y="-113.5" />
        <Point x="-312" y="113.5" />
        <Point x="312" y="113.5" />
        <Point x="312" y="-113.5" />
        <Point x="-312" y="-113.5" />
      </Path>
    </Layer>
    <Layer name="REF DES/SILKSCREEN_TOP" packageHeight="177" >
      <Label layer="REF DES/SILKSCREEN_TOP" textBlock="3" angle="0" x="0" y="-25" text="Ref" justify="center" />
    </Layer>
    <Layer name="DEVICE TYPE/SILKSCREEN_TOP" packageHeight="177" >
      <Label layer="DEVICE TYPE/SILKSCREEN_TOP" textBlock="3" angle="0" x="0" y="-25" text="Dev" justify="center" />
    </Layer>
    <Layer name="USER PART NUMBER/SILKSCREEN_TOP" packageHeight="177" >
      <Label layer="USER PART NUMBER/SILKSCREEN_TOP" textBlock="3" angle="0" x="0" y="-25" text="PN" justify="center" />
    </Layer>
    <Layer name="DEVICE TYPE/ASSEMBLY_TOP" packageHeight="177" >
      <Label layer="DEVICE TYPE/ASSEMBLY_TOP" textBlock="3" angle="0" x="0" y="-25" text="DEV" justify="center" />
    </Layer>
    <Layer name="COMPONENT VALUE/SILKSCREEN_TOP" packageHeight="177" >
      <Label layer="COMPONENT VALUE/SILKSCREEN_TOP" textBlock="3" angle="0" x="0" y="-25" text="VAL" justify="center" />
    </Layer>
    <Layer name="TOLERANCE/SILKSCREEN_TOP" packageHeight="177" >
      <Label layer="TOLERANCE/SILKSCREEN_TOP" textBlock="3" angle="0" x="0" y="-25" text="TOL" justify="center" />
    </Layer>
    <Layer name="REF DES/ASSEMBLY_TOP" packageHeight="177" >
      <Label layer="REF DES/ASSEMBLY_TOP" textBlock="3" angle="0" x="0" y="-25" text="Ref" justify="center" />
    </Layer>
    <Layer name="PACKAGE GEOMETRY/SILKSCREEN_TOP" packageHeight="177" >
      <Path lineWidth="6" type="line" >
        <Point x="-235.5" y="-103.5" />
        <Point x="235.5" y="-103.5" />
      </Path>
    </Layer>
    <Layer name="PACKAGE GEOMETRY/SILKSCREEN_TOP" packageHeight="177" >
      <Path lineWidth="6" type="line" >
        <Point x="235.5" y="-103.5" />
        <Point x="235.5" y="-54.6" />
      </Path>
    </Layer>
    <Layer name="PACKAGE GEOMETRY/SILKSCREEN_TOP" packageHeight="177" >
      <Path lineWidth="6" type="line" >
        <Point x="235.5" y="103.5" />
        <Point x="-235.5" y="103.5" />
      </Path>
    </Layer>
    <Layer name="PACKAGE GEOMETRY/SILKSCREEN_TOP" packageHeight="177" >
      <Path lineWidth="6" type="line" >
        <Point x="-235.5" y="103.5" />
        <Point x="-235.5" y="54.6" />
      </Path>
    </Layer>
    <Layer name="PACKAGE GEOMETRY/ASSEMBLY_TOP" packageHeight="177" >
      <Path lineWidth="0" type="line" >
        <Point x="-230.5" y="-98.5" />
        <Point x="230.5" y="-98.5" />
      </Path>
    </Layer>
    <Layer name="PACKAGE GEOMETRY/ASSEMBLY_TOP" packageHeight="177" >
      <Path lineWidth="0" type="line" >
        <Point x="230.5" y="-98.5" />
        <Point x="230.5" y="98.5" />
      </Path>
    </Layer>
    <Layer name="PACKAGE GEOMETRY/ASSEMBLY_TOP" packageHeight="177" >
      <Path lineWidth="0" type="line" >
        <Point x="230.5" y="98.5" />
        <Point x="-230.5" y="98.5" />
      </Path>
    </Layer>
    <Layer name="PACKAGE GEOMETRY/ASSEMBLY_TOP" packageHeight="177" >
      <Path lineWidth="0" type="line" >
        <Point x="-230.5" y="98.5" />
        <Point x="-230.5" y="-98.5" />
      </Path>
    </Layer>
    <Layer name="PACKAGE GEOMETRY/SILKSCREEN_TOP" packageHeight="177" >
      <Path lineWidth="6" type="line" >
        <Point x="-235.5" y="-54.6" />
        <Point x="-235.5" y="-103.5" />
      </Path>
    </Layer>
    <Layer name="PACKAGE GEOMETRY/SILKSCREEN_TOP" packageHeight="177" >
      <Path lineWidth="6" type="line" >
        <Point x="235.5" y="54.6" />
        <Point x="235.5" y="103.5" />
      </Path>
    </Layer>
  </Layers>
</Footprint>
