<Footprint name="DIO_EDZV_ROM-M" >
  <Units type="mils" precision="3" />
  <Extents minX="-2350" minY="-2483" width="3968.5" height="4058" />
  <Padstack name="RX20Y16D0T" type="single" > 
    <Layers>
      <Layer name="TOP" >
        <Pad shape="rectangle" width="20" height="16" /> 
      </Layer>
      <Layer name="PASTEMASK_TOP" >
        <Pad shape="rectangle" width="20" height="16" /> 
      </Layer>
      <Layer name="SOLDERMASK_TOP" >
        <Pad shape="rectangle" width="20" height="16" /> 
      </Layer>
    </Layers>
  </Padstack>

  <Padstack name="RX20Y16D0T" type="single" > 
    <Layers>
      <Layer name="TOP" >
        <Pad shape="rectangle" width="20" height="16" /> 
      </Layer>
      <Layer name="PASTEMASK_TOP" >
        <Pad shape="rectangle" width="20" height="16" /> 
      </Layer>
      <Layer name="SOLDERMASK_TOP" >
        <Pad shape="rectangle" width="20" height="16" /> 
      </Layer>
    </Layers>
  </Padstack>
  <TextBlocks>
    <TextBlock name="17" width="6.25" height="25" lineSpacing="25" characterSpacing="6.25" /> 
  </TextBlocks>

  <Pins>
    <Pin number="1" padName="RX20Y16D0T" originX="-35.5" originY="0" rotation="0" isMechanical="no" textBlockName="17" />
    <Pin number="2" padName="RX20Y16D0T" originX="35.5" originY="0" rotation="0" isMechanical="no" textBlockName="17" />
  </Pins>
  <Vias>
  </Vias>
  <Layers>
    <Layer name="PACKAGE GEOMETRY/ASSEMBLY_TOP" packageHeight="28" >
      <Path lineWidth="0" type="line" >
        <Point x="-23.5" y="-7" />
        <Point x="-23.5" y="7" />
      </Path>
    </Layer>
    <Layer name="PACKAGE GEOMETRY/ASSEMBLY_TOP" packageHeight="28" >
      <Path lineWidth="0" type="line" >
        <Point x="-23.5" y="7" />
        <Point x="-33.5" y="7" />
      </Path>
    </Layer>
    <Layer name="PACKAGE GEOMETRY/ASSEMBLY_TOP" packageHeight="28" >
      <Path lineWidth="0" type="line" >
        <Point x="-33.5" y="7" />
        <Point x="-33.5" y="-7" />
      </Path>
    </Layer>
    <Layer name="PACKAGE GEOMETRY/ASSEMBLY_TOP" packageHeight="28" >
      <Path lineWidth="0" type="line" >
        <Point x="-33.5" y="-7" />
        <Point x="-23.5" y="-7" />
      </Path>
    </Layer>
    <Layer name="PACKAGE GEOMETRY/ASSEMBLY_TOP" packageHeight="28" >
      <Path lineWidth="0" type="line" >
        <Point x="23.5" y="7" />
        <Point x="23.5" y="-7" />
      </Path>
    </Layer>
    <Layer name="PACKAGE GEOMETRY/ASSEMBLY_TOP" packageHeight="28" >
      <Path lineWidth="0" type="line" >
        <Point x="23.5" y="-7" />
        <Point x="33.5" y="-7" />
      </Path>
    </Layer>
    <Layer name="PACKAGE GEOMETRY/ASSEMBLY_TOP" packageHeight="28" >
      <Path lineWidth="0" type="line" >
        <Point x="33.5" y="-7" />
        <Point x="33.5" y="7" />
      </Path>
    </Layer>
    <Layer name="PACKAGE GEOMETRY/ASSEMBLY_TOP" packageHeight="28" >
      <Path lineWidth="0" type="line" >
        <Point x="33.5" y="7" />
        <Point x="23.5" y="7" />
      </Path>
    </Layer>
    <Layer name="VIA KEEPOUT/TOP" packageHeight="28" >
      <Path lineWidth="6" type="shape" >
        <Point x="-23.5" y="14" />
        <Point x="23.5" y="14" />
        <Point x="23.5" y="-14" />
        <Point x="-23.5" y="-14" />
        <Point x="-23.5" y="14" />
      </Path>
    </Layer>
    <Layer name="ROUTE KEEPOUT/TOP" packageHeight="28" >
      <Path lineWidth="6" type="shape" >
        <Point x="-23.5" y="14" />
        <Point x="23.5" y="14" />
        <Point x="23.5" y="-14" />
        <Point x="-23.5" y="-14" />
        <Point x="-23.5" y="14" />
      </Path>
    </Layer>
    <Layer name="ROUTE KEEPOUT/TOP" packageHeight="28" >
      <Path lineWidth="6" type="shape" >
        <Point x="-23.5" y="14" />
        <Point x="23.5" y="14" />
        <Point x="23.5" y="-14" />
        <Point x="-23.5" y="-14" />
        <Point x="-23.5" y="14" />
      </Path>
    </Layer>
    <Layer name="PACKAGE GEOMETRY/PLACE_BOUND_TOP" packageHeight="28" packageHeightMin="0">
      <Path lineWidth="6" type="shape" >
        <Point x="-65.5" y="-28" />
        <Point x="-65.5" y="28" />
        <Point x="-43.5" y="28" />
        <Point x="-43.5" y="36" />
        <Point x="43.5" y="36" />
        <Point x="43.5" y="28" />
        <Point x="65.5" y="28" />
        <Point x="65.5" y="-28" />
        <Point x="43.5" y="-28" />
        <Point x="43.5" y="-36" />
        <Point x="-43.5" y="-36" />
        <Point x="-43.5" y="-28" />
        <Point x="-65.5" y="-28" />
      </Path>
    </Layer>
    <Layer name="MANUFACTURING/NO_PROBE_TOP" packageHeight="28" >
      <Path lineWidth="6" type="shape" >
        <Point x="-53" y="-23.5" />
        <Point x="-53" y="23.5" />
        <Point x="53" y="23.5" />
        <Point x="53" y="-23.5" />
        <Point x="-53" y="-23.5" />
      </Path>
    </Layer>
    <Layer name="REF DES/SILKSCREEN_TOP" packageHeight="28" >
      <Label layer="REF DES/SILKSCREEN_TOP" textBlock="3" angle="0" x="0" y="-25" text="Ref" justify="center" />
    </Layer>
    <Layer name="DEVICE TYPE/SILKSCREEN_TOP" packageHeight="28" >
      <Label layer="DEVICE TYPE/SILKSCREEN_TOP" textBlock="3" angle="0" x="0" y="-25" text="Dev" justify="center" />
    </Layer>
    <Layer name="USER PART NUMBER/SILKSCREEN_TOP" packageHeight="28" >
      <Label layer="USER PART NUMBER/SILKSCREEN_TOP" textBlock="3" angle="0" x="0" y="-25" text="PN" justify="center" />
    </Layer>
    <Layer name="DEVICE TYPE/ASSEMBLY_TOP" packageHeight="28" >
      <Label layer="DEVICE TYPE/ASSEMBLY_TOP" textBlock="3" angle="0" x="0" y="-25" text="DEV" justify="center" />
    </Layer>
    <Layer name="COMPONENT VALUE/SILKSCREEN_TOP" packageHeight="28" >
      <Label layer="COMPONENT VALUE/SILKSCREEN_TOP" textBlock="3" angle="0" x="0" y="-25" text="VAL" justify="center" />
    </Layer>
    <Layer name="TOLERANCE/SILKSCREEN_TOP" packageHeight="28" >
      <Label layer="TOLERANCE/SILKSCREEN_TOP" textBlock="3" angle="0" x="0" y="-25" text="TOL" justify="center" />
    </Layer>
    <Layer name="REF DES/ASSEMBLY_TOP" packageHeight="28" >
      <Label layer="REF DES/ASSEMBLY_TOP" textBlock="3" angle="0" x="0" y="-25" text="Ref" justify="center" />
    </Layer>
    <Layer name="PACKAGE GEOMETRY/ASSEMBLY_TOP" packageHeight="28" >
      <Label layer="PACKAGE GEOMETRY/ASSEMBLY_TOP" textBlock="3" angle="0" x="-13.5" y="-25" text="*" justify="center" />
    </Layer>
    <Layer name="PACKAGE GEOMETRY/SILKSCREEN_TOP" packageHeight="28" >
      <Label layer="PACKAGE GEOMETRY/SILKSCREEN_TOP" textBlock="3" angle="0" x="-60.5" y="-25" text="*" justify="center" />
    </Layer>
    <Layer name="PACKAGE GEOMETRY/ASSEMBLY_TOP" packageHeight="28" >
      <Path lineWidth="0" type="line" >
        <Point x="-23.5" y="8" />
        <Point x="-15.5" y="16" />
      </Path>
    </Layer>
    <Layer name="PACKAGE GEOMETRY/ASSEMBLY_TOP" packageHeight="28" >
      <Path lineWidth="0" type="line" >
        <Point x="-23.5" y="-8" />
        <Point x="-15.5" y="-16" />
      </Path>
    </Layer>
    <Layer name="PACKAGE GEOMETRY/SILKSCREEN_TOP" packageHeight="28" >
      <Path lineWidth="6" type="line" >
        <Point x="-23.8844" y="-21" />
        <Point x="23.8844" y="-21" />
      </Path>
    </Layer>
    <Layer name="PACKAGE GEOMETRY/SILKSCREEN_TOP" packageHeight="28" >
      <Path lineWidth="6" type="line" >
        <Point x="23.8844" y="21" />
        <Point x="-23.8844" y="21" />
      </Path>
    </Layer>
    <Layer name="PACKAGE GEOMETRY/ASSEMBLY_TOP" packageHeight="28" >
      <Path lineWidth="0" type="line" >
        <Point x="-23.5" y="-16" />
        <Point x="23.5" y="-16" />
      </Path>
    </Layer>
    <Layer name="PACKAGE GEOMETRY/ASSEMBLY_TOP" packageHeight="28" >
      <Path lineWidth="0" type="line" >
        <Point x="23.5" y="-16" />
        <Point x="23.5" y="16" />
      </Path>
    </Layer>
    <Layer name="PACKAGE GEOMETRY/ASSEMBLY_TOP" packageHeight="28" >
      <Path lineWidth="0" type="line" >
        <Point x="23.5" y="16" />
        <Point x="-23.5" y="16" />
      </Path>
    </Layer>
    <Layer name="PACKAGE GEOMETRY/ASSEMBLY_TOP" packageHeight="28" >
      <Path lineWidth="0" type="line" >
        <Point x="-23.5" y="16" />
        <Point x="-23.5" y="-16" />
      </Path>
    </Layer>
  </Layers>
</Footprint>
