<Footprint name="CAPC10555_55N_KEM" >
  <Units type="mils" precision="3" />
  <Extents minX="-2425" minY="-2480.82675170898" width="3915.66925048828" height="4030.49606323242" />
  <Padstack name="RX19p81Y21p65D0T" type="single" > 
    <Layers>
      <Layer name="TOP" >
        <Pad shape="rectangle" width="19.811" height="21.6535" /> 
      </Layer>
      <Layer name="PASTEMASK_TOP" >
        <Pad shape="rectangle" width="19.811" height="21.6535" /> 
      </Layer>
      <Layer name="SOLDERMASK_TOP" >
        <Pad shape="rectangle" width="19.811" height="21.6535" /> 
      </Layer>
    </Layers>
  </Padstack>

  <Padstack name="RX19p81Y21p65D0T" type="single" > 
    <Layers>
      <Layer name="TOP" >
        <Pad shape="rectangle" width="19.811" height="21.6535" /> 
      </Layer>
      <Layer name="PASTEMASK_TOP" >
        <Pad shape="rectangle" width="19.811" height="21.6535" /> 
      </Layer>
      <Layer name="SOLDERMASK_TOP" >
        <Pad shape="rectangle" width="19.811" height="21.6535" /> 
      </Layer>
    </Layers>
  </Padstack>
  <TextBlocks>
    <TextBlock name="17" width="6.25" height="25" lineSpacing="25" characterSpacing="6.25" /> 
  </TextBlocks>

  <Pins>
    <Pin number="1" padName="RX19p81Y21p65D0T" originX="-18.7638" originY="0" rotation="0" isMechanical="no" textBlockName="17" />
    <Pin number="2" padName="RX19p81Y21p65D0T" originX="18.7638" originY="0" rotation="0" isMechanical="no" textBlockName="17" />
  </Pins>
  <Vias>
  </Vias>
  <Layers>
    <Layer name="PACKAGE GEOMETRY/ASSEMBLY_TOP" packageHeight="21.6535" >
      <Path lineWidth="0" type="line" >
        <Point x="-10.8267" y="-10.8267" />
        <Point x="-10.8267" y="10.8267" />
      </Path>
    </Layer>
    <Layer name="PACKAGE GEOMETRY/ASSEMBLY_TOP" packageHeight="21.6535" >
      <Path lineWidth="0" type="line" >
        <Point x="-10.8267" y="10.8267" />
        <Point x="-20.6693" y="10.8267" />
      </Path>
    </Layer>
    <Layer name="PACKAGE GEOMETRY/ASSEMBLY_TOP" packageHeight="21.6535" >
      <Path lineWidth="0" type="line" >
        <Point x="-20.6693" y="10.8267" />
        <Point x="-20.6693" y="-10.8267" />
      </Path>
    </Layer>
    <Layer name="PACKAGE GEOMETRY/ASSEMBLY_TOP" packageHeight="21.6535" >
      <Path lineWidth="0" type="line" >
        <Point x="-20.6693" y="-10.8267" />
        <Point x="-10.8267" y="-10.8267" />
      </Path>
    </Layer>
    <Layer name="PACKAGE GEOMETRY/ASSEMBLY_TOP" packageHeight="21.6535" >
      <Path lineWidth="0" type="line" >
        <Point x="10.8267" y="10.8267" />
        <Point x="10.8267" y="-10.8267" />
      </Path>
    </Layer>
    <Layer name="PACKAGE GEOMETRY/ASSEMBLY_TOP" packageHeight="21.6535" >
      <Path lineWidth="0" type="line" >
        <Point x="10.8267" y="-10.8267" />
        <Point x="20.6693" y="-10.8267" />
      </Path>
    </Layer>
    <Layer name="PACKAGE GEOMETRY/ASSEMBLY_TOP" packageHeight="21.6535" >
      <Path lineWidth="0" type="line" >
        <Point x="20.6693" y="-10.8267" />
        <Point x="20.6693" y="10.8267" />
      </Path>
    </Layer>
    <Layer name="PACKAGE GEOMETRY/ASSEMBLY_TOP" packageHeight="21.6535" >
      <Path lineWidth="0" type="line" >
        <Point x="20.6693" y="10.8267" />
        <Point x="10.8267" y="10.8267" />
      </Path>
    </Layer>
    <Layer name="VIA KEEPOUT/TOP" packageHeight="21.6535" >
      <Path lineWidth="0" type="shape" >
        <Point x="-6.8582501411438" y="10.8267498016357" />
        <Point x="6.8582501411438" y="10.8267498016357" />
        <Point x="6.8582501411438" y="-10.8267498016357" />
        <Point x="-6.8582501411438" y="-10.8267498016357" />
        <Point x="-6.8582501411438" y="10.8267498016357" />
      </Path>
    </Layer>
    <Layer name="ROUTE KEEPOUT/TOP" packageHeight="21.6535" >
      <Path lineWidth="0" type="shape" >
        <Point x="-6.8582501411438" y="10.8267498016357" />
        <Point x="6.8582501411438" y="10.8267498016357" />
        <Point x="6.8582501411438" y="-10.8267498016357" />
        <Point x="-6.8582501411438" y="-10.8267498016357" />
        <Point x="-6.8582501411438" y="10.8267498016357" />
      </Path>
    </Layer>
    <Layer name="ROUTE KEEPOUT/TOP" packageHeight="21.6535" >
      <Path lineWidth="0" type="shape" >
        <Point x="-6.8582501411438" y="8.82674980163574" />
        <Point x="6.8582501411438" y="8.82674980163574" />
        <Point x="6.8582501411438" y="-8.82674980163574" />
        <Point x="-6.8582501411438" y="-8.82674980163574" />
        <Point x="-6.8582501411438" y="8.82674980163574" />
      </Path>
    </Layer>
    <Layer name="PACKAGE GEOMETRY/PLACE_BOUND_TOP" packageHeight="21.6535" packageHeightMin="0">
      <Path lineWidth="0" type="shape" >
        <Point x="-34.6693" y="-16.8267" />
        <Point x="-34.6693" y="16.8267" />
        <Point x="34.6693" y="16.8267" />
        <Point x="34.6693" y="-16.8267" />
        <Point x="-34.6693" y="-16.8267" />
      </Path>
    </Layer>
    <Layer name="MANUFACTURING/NO_PROBE_TOP" packageHeight="21.6535" >
      <Path lineWidth="0" type="shape" >
        <Point x="-43.6693" y="-25.8267" />
        <Point x="-43.6693" y="25.8267" />
        <Point x="43.6693" y="25.8267" />
        <Point x="43.6693" y="-25.8267" />
        <Point x="-43.6693" y="-25.8267" />
      </Path>
    </Layer>
    <Layer name="REF DES/SILKSCREEN_TOP" packageHeight="21.6535" >
      <Label layer="REF DES/SILKSCREEN_TOP" textBlock="3" angle="0" x="0" y="-25" text="Ref" justify="center" />
    </Layer>
    <Layer name="DEVICE TYPE/SILKSCREEN_TOP" packageHeight="21.6535" >
      <Label layer="DEVICE TYPE/SILKSCREEN_TOP" textBlock="3" angle="0" x="0" y="-25" text="Dev" justify="center" />
    </Layer>
    <Layer name="USER PART NUMBER/SILKSCREEN_TOP" packageHeight="21.6535" >
      <Label layer="USER PART NUMBER/SILKSCREEN_TOP" textBlock="3" angle="0" x="0" y="-25" text="PN" justify="center" />
    </Layer>
    <Layer name="DEVICE TYPE/ASSEMBLY_TOP" packageHeight="21.6535" >
      <Label layer="DEVICE TYPE/ASSEMBLY_TOP" textBlock="3" angle="0" x="0" y="-25" text="DEV" justify="center" />
    </Layer>
    <Layer name="COMPONENT VALUE/SILKSCREEN_TOP" packageHeight="21.6535" >
      <Label layer="COMPONENT VALUE/SILKSCREEN_TOP" textBlock="3" angle="0" x="0" y="-25" text="VAL" justify="center" />
    </Layer>
    <Layer name="TOLERANCE/SILKSCREEN_TOP" packageHeight="21.6535" >
      <Label layer="TOLERANCE/SILKSCREEN_TOP" textBlock="3" angle="0" x="0" y="-25" text="TOL" justify="center" />
    </Layer>
    <Layer name="REF DES/ASSEMBLY_TOP" packageHeight="21.6535" >
      <Label layer="REF DES/ASSEMBLY_TOP" textBlock="3" angle="0" x="0" y="-25" text="Ref" justify="center" />
    </Layer>
    <Layer name="PACKAGE GEOMETRY/ASSEMBLY_TOP" packageHeight="21.6535" >
      <Path lineWidth="0" type="line" >
        <Point x="-20.6693" y="-10.8267" />
        <Point x="20.6693" y="-10.8267" />
      </Path>
    </Layer>
    <Layer name="PACKAGE GEOMETRY/ASSEMBLY_TOP" packageHeight="21.6535" >
      <Path lineWidth="0" type="line" >
        <Point x="20.6693" y="-10.8267" />
        <Point x="20.6693" y="10.8267" />
      </Path>
    </Layer>
    <Layer name="PACKAGE GEOMETRY/ASSEMBLY_TOP" packageHeight="21.6535" >
      <Path lineWidth="0" type="line" >
        <Point x="20.6693" y="10.8267" />
        <Point x="-20.6693" y="10.8267" />
      </Path>
    </Layer>
    <Layer name="PACKAGE GEOMETRY/ASSEMBLY_TOP" packageHeight="21.6535" >
      <Path lineWidth="0" type="line" >
        <Point x="-20.6693" y="10.8267" />
        <Point x="-20.6693" y="-10.8267" />
      </Path>
    </Layer>
  </Layers>
</Footprint>
