<Footprint name="CAPMP7P6X4P3_3P1N_KEM-L" >
  <Units type="mils" precision="3" />
  <Extents minX="-2412.5" minY="-2509.6455078125" width="4070.10598754883" height="4031.25152587891" />
  <Padstack name="RX85p8Y96p42D0T" type="single" > 
    <Layers>
      <Layer name="TOP" >
        <Pad shape="rectangle" width="96.425" height="85.803" /> 
      </Layer>
      <Layer name="PASTEMASK_TOP" >
        <Pad shape="rectangle" width="96.425" height="85.803" /> 
      </Layer>
      <Layer name="SOLDERMASK_TOP" >
        <Pad shape="rectangle" width="96.425" height="85.803" /> 
      </Layer>
    </Layers>
  </Padstack>

  <Padstack name="RX85p8Y96p42D0T" type="single" > 
    <Layers>
      <Layer name="TOP" >
        <Pad shape="rectangle" width="96.425" height="85.803" /> 
      </Layer>
      <Layer name="PASTEMASK_TOP" >
        <Pad shape="rectangle" width="96.425" height="85.803" /> 
      </Layer>
      <Layer name="SOLDERMASK_TOP" >
        <Pad shape="rectangle" width="96.425" height="85.803" /> 
      </Layer>
    </Layers>
  </Padstack>
  <TextBlocks>
    <TextBlock name="17" width="6.25" height="25" lineSpacing="25" characterSpacing="6.25" /> 
  </TextBlocks>

  <Pins>
    <Pin number="1" padName="RX85p8Y96p42D0T" originX="-109.7045" originY="0" rotation="90" isMechanical="no" textBlockName="17" />
    <Pin number="2" padName="RX85p8Y96p42D0T" originX="109.7045" originY="0" rotation="90" isMechanical="no" textBlockName="17" />
  </Pins>
  <Vias>
  </Vias>
  <Layers>
    <Layer name="VIA KEEPOUT/TOP" packageHeight="122.047" >
      <Path lineWidth="6" type="shape" >
        <Point x="-76.6139984130859" y="51.2125015258789" />
        <Point x="76.6139984130859" y="51.2125015258789" />
        <Point x="76.6139984130859" y="-51.2125015258789" />
        <Point x="-76.6139984130859" y="-51.2125015258789" />
        <Point x="-76.6139984130859" y="51.2125015258789" />
      </Path>
    </Layer>
    <Layer name="ROUTE KEEPOUT/TOP" packageHeight="122.047" >
      <Path lineWidth="6" type="shape" >
        <Point x="-76.6139984130859" y="51.2125015258789" />
        <Point x="76.6139984130859" y="51.2125015258789" />
        <Point x="76.6139984130859" y="-51.2125015258789" />
        <Point x="-76.6139984130859" y="-51.2125015258789" />
        <Point x="-76.6139984130859" y="51.2125015258789" />
      </Path>
    </Layer>
    <Layer name="ROUTE KEEPOUT/TOP" packageHeight="122.047" >
      <Path lineWidth="6" type="shape" >
        <Point x="-76.6139984130859" y="51.2125015258789" />
        <Point x="76.6139984130859" y="51.2125015258789" />
        <Point x="76.6139984130859" y="-51.2125015258789" />
        <Point x="-76.6139984130859" y="-51.2125015258789" />
        <Point x="-76.6139984130859" y="51.2125015258789" />
      </Path>
    </Layer>
    <Layer name="ROUTE KEEPOUT/TOP" packageHeight="122.047" >
      <Path lineWidth="6" type="shape" >
        <Point x="-147.606002807617" y="82.6455001831055" />
        <Point x="147.606002807617" y="82.6455001831055" />
        <Point x="147.606002807617" y="51.2125015258789" />
        <Point x="-147.606002807617" y="51.2125015258789" />
        <Point x="-147.606002807617" y="82.6455001831055" />
      </Path>
    </Layer>
    <Layer name="ROUTE KEEPOUT/TOP" packageHeight="122.047" >
      <Path lineWidth="6" type="shape" >
        <Point x="-147.606002807617" y="-51.2125015258789" />
        <Point x="147.606002807617" y="-51.2125015258789" />
        <Point x="147.606002807617" y="-82.6455001831055" />
        <Point x="-147.606002807617" y="-82.6455001831055" />
        <Point x="-147.606002807617" y="-51.2125015258789" />
      </Path>
    </Layer>
    <Layer name="PACKAGE GEOMETRY/PLACE_BOUND_TOP" packageHeight="122.047" packageHeightMin="0">
      <Path lineWidth="6" type="shape" >
        <Point x="-156.606" y="-52.2125" />
        <Point x="-156.606" y="52.2125" />
        <Point x="-153.606" y="52.2125" />
        <Point x="-153.606" y="88.6455" />
        <Point x="153.606" y="88.6455" />
        <Point x="153.606" y="52.2125" />
        <Point x="156.606" y="52.2125" />
        <Point x="156.606" y="-52.2125" />
        <Point x="153.606" y="-52.2125" />
        <Point x="153.606" y="-88.6455" />
        <Point x="-153.606" y="-88.6455" />
        <Point x="-153.606" y="-52.2125" />
        <Point x="-156.606" y="-52.2125" />
      </Path>
    </Layer>
    <Layer name="MANUFACTURING/NO_PROBE_TOP" packageHeight="122.047" >
      <Path lineWidth="6" type="shape" >
        <Point x="-171.606" y="-99.6455" />
        <Point x="-171.606" y="99.6455" />
        <Point x="171.606" y="99.6455" />
        <Point x="171.606" y="-99.6455" />
        <Point x="-171.606" y="-99.6455" />
      </Path>
    </Layer>
    <Layer name="REF DES/SILKSCREEN_TOP" packageHeight="122.047" >
      <Label layer="REF DES/SILKSCREEN_TOP" textBlock="3" angle="0" x="0" y="-25" text="Ref" justify="center" />
    </Layer>
    <Layer name="DEVICE TYPE/SILKSCREEN_TOP" packageHeight="122.047" >
      <Label layer="DEVICE TYPE/SILKSCREEN_TOP" textBlock="3" angle="0" x="0" y="-25" text="Dev" justify="center" />
    </Layer>
    <Layer name="USER PART NUMBER/SILKSCREEN_TOP" packageHeight="122.047" >
      <Label layer="USER PART NUMBER/SILKSCREEN_TOP" textBlock="3" angle="0" x="0" y="-25" text="PN" justify="center" />
    </Layer>
    <Layer name="DEVICE TYPE/ASSEMBLY_TOP" packageHeight="122.047" >
      <Label layer="DEVICE TYPE/ASSEMBLY_TOP" textBlock="3" angle="0" x="0" y="-25" text="DEV" justify="center" />
    </Layer>
    <Layer name="COMPONENT VALUE/SILKSCREEN_TOP" packageHeight="122.047" >
      <Label layer="COMPONENT VALUE/SILKSCREEN_TOP" textBlock="3" angle="0" x="0" y="-25" text="VAL" justify="center" />
    </Layer>
    <Layer name="TOLERANCE/SILKSCREEN_TOP" packageHeight="122.047" >
      <Label layer="TOLERANCE/SILKSCREEN_TOP" textBlock="3" angle="0" x="0" y="-25" text="TOL" justify="center" />
    </Layer>
    <Layer name="REF DES/ASSEMBLY_TOP" packageHeight="122.047" >
      <Label layer="REF DES/ASSEMBLY_TOP" textBlock="3" angle="0" x="0" y="-25" text="Ref" justify="center" />
    </Layer>
    <Layer name="PACKAGE GEOMETRY/ASSEMBLY_TOP" packageHeight="122.047" >
      <Path lineWidth="0" type="line" >
        <Point x="-192.291" y="0" />
        <Point x="-222.291" y="0" />
      </Path>
    </Layer>
    <Layer name="PACKAGE GEOMETRY/ASSEMBLY_TOP" packageHeight="122.047" >
      <Path lineWidth="0" type="line" >
        <Point x="-207.291" y="15" />
        <Point x="-207.291" y="-15" />
      </Path>
    </Layer>
    <Layer name="PACKAGE GEOMETRY/SILKSCREEN_TOP" packageHeight="122.047" >
      <Path lineWidth="6" type="line" >
        <Point x="-192.291" y="0" />
        <Point x="-222.291" y="0" />
      </Path>
    </Layer>
    <Layer name="PACKAGE GEOMETRY/SILKSCREEN_TOP" packageHeight="122.047" >
      <Path lineWidth="6" type="line" >
        <Point x="-207.291" y="15" />
        <Point x="-207.291" y="-15" />
      </Path>
    </Layer>
    <Layer name="PACKAGE GEOMETRY/SILKSCREEN_TOP" packageHeight="122.047" >
      <Path lineWidth="6" type="line" >
        <Point x="-154.606" y="-89.6455" />
        <Point x="154.606" y="-89.6455" />
      </Path>
    </Layer>
    <Layer name="PACKAGE GEOMETRY/SILKSCREEN_TOP" packageHeight="122.047" >
      <Path lineWidth="6" type="line" >
        <Point x="154.606" y="-89.6455" />
        <Point x="154.606" y="-61.1589" />
      </Path>
    </Layer>
    <Layer name="PACKAGE GEOMETRY/SILKSCREEN_TOP" packageHeight="122.047" >
      <Path lineWidth="6" type="line" >
        <Point x="154.606" y="89.6455" />
        <Point x="-154.606" y="89.6455" />
      </Path>
    </Layer>
    <Layer name="PACKAGE GEOMETRY/SILKSCREEN_TOP" packageHeight="122.047" >
      <Path lineWidth="6" type="line" >
        <Point x="-154.606" y="89.6455" />
        <Point x="-154.606" y="61.1589" />
      </Path>
    </Layer>
    <Layer name="PACKAGE GEOMETRY/ASSEMBLY_TOP" packageHeight="122.047" >
      <Path lineWidth="0" type="line" >
        <Point x="-149.606" y="-84.6455" />
        <Point x="149.606" y="-84.6455" />
      </Path>
    </Layer>
    <Layer name="PACKAGE GEOMETRY/ASSEMBLY_TOP" packageHeight="122.047" >
      <Path lineWidth="0" type="line" >
        <Point x="149.606" y="-84.6455" />
        <Point x="149.606" y="84.6455" />
      </Path>
    </Layer>
    <Layer name="PACKAGE GEOMETRY/ASSEMBLY_TOP" packageHeight="122.047" >
      <Path lineWidth="0" type="line" >
        <Point x="149.606" y="84.6455" />
        <Point x="-149.606" y="84.6455" />
      </Path>
    </Layer>
    <Layer name="PACKAGE GEOMETRY/ASSEMBLY_TOP" packageHeight="122.047" >
      <Path lineWidth="0" type="line" >
        <Point x="-149.606" y="84.6455" />
        <Point x="-149.606" y="-84.6455" />
      </Path>
    </Layer>
    <Layer name="PACKAGE GEOMETRY/SILKSCREEN_TOP" packageHeight="122.047" >
      <Path lineWidth="6" type="line" >
        <Point x="-154.606" y="-61.1589" />
        <Point x="-154.606" y="-89.6455" />
      </Path>
    </Layer>
    <Layer name="PACKAGE GEOMETRY/SILKSCREEN_TOP" packageHeight="122.047" >
      <Path lineWidth="6" type="line" >
        <Point x="154.606" y="61.1589" />
        <Point x="154.606" y="89.6455" />
      </Path>
    </Layer>
  </Layers>
</Footprint>
