<Footprint name="CAPMP7P6X4P3_3P1N_KEM" >
  <Units type="mils" precision="3" />
  <Extents minX="-2425" minY="-2509.6455078125" width="4085.60598754883" height="4040.25152587891" />
  <Padstack name="RX100p8Y98p42D0T" type="single" > 
    <Layers>
      <Layer name="TOP" >
        <Pad shape="rectangle" width="98.425" height="100.803" /> 
      </Layer>
      <Layer name="PASTEMASK_TOP" >
        <Pad shape="rectangle" width="98.425" height="100.803" /> 
      </Layer>
      <Layer name="SOLDERMASK_TOP" >
        <Pad shape="rectangle" width="98.425" height="100.803" /> 
      </Layer>
    </Layers>
  </Padstack>

  <Padstack name="RX100p8Y98p42D0T" type="single" > 
    <Layers>
      <Layer name="TOP" >
        <Pad shape="rectangle" width="98.425" height="100.803" /> 
      </Layer>
      <Layer name="PASTEMASK_TOP" >
        <Pad shape="rectangle" width="98.425" height="100.803" /> 
      </Layer>
      <Layer name="SOLDERMASK_TOP" >
        <Pad shape="rectangle" width="98.425" height="100.803" /> 
      </Layer>
    </Layers>
  </Padstack>
  <TextBlocks>
    <TextBlock name="17" width="6.25" height="25" lineSpacing="25" characterSpacing="6.25" /> 
  </TextBlocks>

  <Pins>
    <Pin number="1" padName="RX100p8Y98p42D0T" originX="-105.2045" originY="0" rotation="90" isMechanical="no" textBlockName="17" />
    <Pin number="2" padName="RX100p8Y98p42D0T" originX="105.2045" originY="0" rotation="90" isMechanical="no" textBlockName="17" />
  </Pins>
  <Vias>
  </Vias>
  <Layers>
    <Layer name="VIA KEEPOUT/TOP" packageHeight="122.047" >
      <Path lineWidth="0" type="shape" >
        <Point x="-64.6139984130859" y="51.2125015258789" />
        <Point x="64.6139984130859" y="51.2125015258789" />
        <Point x="64.6139984130859" y="-51.2125015258789" />
        <Point x="-64.6139984130859" y="-51.2125015258789" />
        <Point x="-64.6139984130859" y="51.2125015258789" />
      </Path>
    </Layer>
    <Layer name="ROUTE KEEPOUT/TOP" packageHeight="122.047" >
      <Path lineWidth="0" type="shape" >
        <Point x="-64.6139984130859" y="51.2125015258789" />
        <Point x="64.6139984130859" y="51.2125015258789" />
        <Point x="64.6139984130859" y="-51.2125015258789" />
        <Point x="-64.6139984130859" y="-51.2125015258789" />
        <Point x="-64.6139984130859" y="51.2125015258789" />
      </Path>
    </Layer>
    <Layer name="ROUTE KEEPOUT/TOP" packageHeight="122.047" >
      <Path lineWidth="0" type="shape" >
        <Point x="-64.6139984130859" y="51.2125015258789" />
        <Point x="64.6139984130859" y="51.2125015258789" />
        <Point x="64.6139984130859" y="-51.2125015258789" />
        <Point x="-64.6139984130859" y="-51.2125015258789" />
        <Point x="-64.6139984130859" y="51.2125015258789" />
      </Path>
    </Layer>
    <Layer name="ROUTE KEEPOUT/TOP" packageHeight="122.047" >
      <Path lineWidth="0" type="shape" >
        <Point x="-147.606002807617" y="82.6455001831055" />
        <Point x="147.606002807617" y="82.6455001831055" />
        <Point x="147.606002807617" y="51.2125015258789" />
        <Point x="-147.606002807617" y="51.2125015258789" />
        <Point x="-147.606002807617" y="82.6455001831055" />
      </Path>
    </Layer>
    <Layer name="ROUTE KEEPOUT/TOP" packageHeight="122.047" >
      <Path lineWidth="0" type="shape" >
        <Point x="-147.606002807617" y="-51.2125015258789" />
        <Point x="147.606002807617" y="-51.2125015258789" />
        <Point x="147.606002807617" y="-82.6455001831055" />
        <Point x="-147.606002807617" y="-82.6455001831055" />
        <Point x="-147.606002807617" y="-51.2125015258789" />
      </Path>
    </Layer>
    <Layer name="PACKAGE GEOMETRY/PLACE_BOUND_TOP" packageHeight="122.047" packageHeightMin="0">
      <Path lineWidth="0" type="shape" >
        <Point x="-165.606" y="-59.2125" />
        <Point x="-165.606" y="59.2125" />
        <Point x="-159.606" y="59.2125" />
        <Point x="-159.606" y="94.6455" />
        <Point x="159.606" y="94.6455" />
        <Point x="159.606" y="59.2125" />
        <Point x="165.606" y="59.2125" />
        <Point x="165.606" y="-59.2125" />
        <Point x="159.606" y="-59.2125" />
        <Point x="159.606" y="-94.6455" />
        <Point x="-159.606" y="-94.6455" />
        <Point x="-159.606" y="-59.2125" />
        <Point x="-165.606" y="-59.2125" />
      </Path>
    </Layer>
    <Layer name="MANUFACTURING/NO_PROBE_TOP" packageHeight="122.047" >
      <Path lineWidth="0" type="shape" >
        <Point x="-180.606" y="-99.6455" />
        <Point x="-180.606" y="99.6455" />
        <Point x="180.606" y="99.6455" />
        <Point x="180.606" y="-99.6455" />
        <Point x="-180.606" y="-99.6455" />
      </Path>
    </Layer>
    <Layer name="REF DES/SILKSCREEN_TOP" packageHeight="122.047" >
      <Label layer="REF DES/SILKSCREEN_TOP" textBlock="3" angle="0" x="0" y="-25" text="Ref" justify="center" />
    </Layer>
    <Layer name="DEVICE TYPE/SILKSCREEN_TOP" packageHeight="122.047" >
      <Label layer="DEVICE TYPE/SILKSCREEN_TOP" textBlock="3" angle="0" x="0" y="-25" text="Dev" justify="center" />
    </Layer>
    <Layer name="USER PART NUMBER/SILKSCREEN_TOP" packageHeight="122.047" >
      <Label layer="USER PART NUMBER/SILKSCREEN_TOP" textBlock="3" angle="0" x="0" y="-25" text="PN" justify="center" />
    </Layer>
    <Layer name="DEVICE TYPE/ASSEMBLY_TOP" packageHeight="122.047" >
      <Label layer="DEVICE TYPE/ASSEMBLY_TOP" textBlock="3" angle="0" x="0" y="-25" text="DEV" justify="center" />
    </Layer>
    <Layer name="COMPONENT VALUE/SILKSCREEN_TOP" packageHeight="122.047" >
      <Label layer="COMPONENT VALUE/SILKSCREEN_TOP" textBlock="3" angle="0" x="0" y="-25" text="VAL" justify="center" />
    </Layer>
    <Layer name="TOLERANCE/SILKSCREEN_TOP" packageHeight="122.047" >
      <Label layer="TOLERANCE/SILKSCREEN_TOP" textBlock="3" angle="0" x="0" y="-25" text="TOL" justify="center" />
    </Layer>
    <Layer name="REF DES/ASSEMBLY_TOP" packageHeight="122.047" >
      <Label layer="REF DES/ASSEMBLY_TOP" textBlock="3" angle="0" x="0" y="-25" text="Ref" justify="center" />
    </Layer>
    <Layer name="PACKAGE GEOMETRY/ASSEMBLY_TOP" packageHeight="122.047" >
      <Path lineWidth="0" type="line" >
        <Point x="-204.291" y="0" />
        <Point x="-234.291" y="0" />
      </Path>
    </Layer>
    <Layer name="PACKAGE GEOMETRY/ASSEMBLY_TOP" packageHeight="122.047" >
      <Path lineWidth="0" type="line" >
        <Point x="-219.291" y="15" />
        <Point x="-219.291" y="-15" />
      </Path>
    </Layer>
    <Layer name="PACKAGE GEOMETRY/SILKSCREEN_TOP" packageHeight="122.047" >
      <Path lineWidth="6" type="line" >
        <Point x="-204.291" y="0" />
        <Point x="-234.291" y="0" />
      </Path>
    </Layer>
    <Layer name="PACKAGE GEOMETRY/SILKSCREEN_TOP" packageHeight="122.047" >
      <Path lineWidth="6" type="line" >
        <Point x="-219.291" y="15" />
        <Point x="-219.291" y="-15" />
      </Path>
    </Layer>
    <Layer name="PACKAGE GEOMETRY/SILKSCREEN_TOP" packageHeight="122.047" >
      <Path lineWidth="6" type="line" >
        <Point x="-154.606" y="-89.6455" />
        <Point x="154.606" y="-89.6455" />
      </Path>
    </Layer>
    <Layer name="PACKAGE GEOMETRY/SILKSCREEN_TOP" packageHeight="122.047" >
      <Path lineWidth="6" type="line" >
        <Point x="154.606" y="-89.6455" />
        <Point x="154.606" y="-62.3125" />
      </Path>
    </Layer>
    <Layer name="PACKAGE GEOMETRY/SILKSCREEN_TOP" packageHeight="122.047" >
      <Path lineWidth="6" type="line" >
        <Point x="154.606" y="89.6455" />
        <Point x="-154.606" y="89.6455" />
      </Path>
    </Layer>
    <Layer name="PACKAGE GEOMETRY/SILKSCREEN_TOP" packageHeight="122.047" >
      <Path lineWidth="6" type="line" >
        <Point x="-154.606" y="89.6455" />
        <Point x="-154.606" y="62.3125" />
      </Path>
    </Layer>
    <Layer name="PACKAGE GEOMETRY/ASSEMBLY_TOP" packageHeight="122.047" >
      <Path lineWidth="0" type="line" >
        <Point x="-149.606" y="-84.6455" />
        <Point x="149.606" y="-84.6455" />
      </Path>
    </Layer>
    <Layer name="PACKAGE GEOMETRY/ASSEMBLY_TOP" packageHeight="122.047" >
      <Path lineWidth="0" type="line" >
        <Point x="149.606" y="-84.6455" />
        <Point x="149.606" y="84.6455" />
      </Path>
    </Layer>
    <Layer name="PACKAGE GEOMETRY/ASSEMBLY_TOP" packageHeight="122.047" >
      <Path lineWidth="0" type="line" >
        <Point x="149.606" y="84.6455" />
        <Point x="-149.606" y="84.6455" />
      </Path>
    </Layer>
    <Layer name="PACKAGE GEOMETRY/ASSEMBLY_TOP" packageHeight="122.047" >
      <Path lineWidth="0" type="line" >
        <Point x="-149.606" y="84.6455" />
        <Point x="-149.606" y="-84.6455" />
      </Path>
    </Layer>
    <Layer name="PACKAGE GEOMETRY/SILKSCREEN_TOP" packageHeight="122.047" >
      <Path lineWidth="6" type="line" >
        <Point x="-154.606" y="-62.3125" />
        <Point x="-154.606" y="-89.6455" />
      </Path>
    </Layer>
    <Layer name="PACKAGE GEOMETRY/SILKSCREEN_TOP" packageHeight="122.047" >
      <Path lineWidth="6" type="line" >
        <Point x="154.606" y="62.3125" />
        <Point x="154.606" y="89.6455" />
      </Path>
    </Layer>
  </Layers>
</Footprint>
