<Footprint name="CRYSTAL_FA-20H_EPS" >
  <Units type="mils" precision="3" />
  <Extents minX="-2478.4645690918" minY="-2641.5" width="4006.92913818359" height="3989.05905151367" />
  <Padstack name="RX47Y43D0T" type="single" > 
    <Layers>
      <Layer name="TOP" >
        <Pad shape="rectangle" width="47" height="43" /> 
      </Layer>
      <Layer name="PASTEMASK_TOP" >
        <Pad shape="rectangle" width="47" height="43" /> 
      </Layer>
      <Layer name="SOLDERMASK_TOP" >
        <Pad shape="rectangle" width="47" height="43" /> 
      </Layer>
    </Layers>
  </Padstack>

  <Padstack name="RX47Y43D0T" type="single" > 
    <Layers>
      <Layer name="TOP" >
        <Pad shape="rectangle" width="47" height="43" /> 
      </Layer>
      <Layer name="PASTEMASK_TOP" >
        <Pad shape="rectangle" width="47" height="43" /> 
      </Layer>
      <Layer name="SOLDERMASK_TOP" >
        <Pad shape="rectangle" width="47" height="43" /> 
      </Layer>
    </Layers>
  </Padstack>
  <TextBlocks>
    <TextBlock name="17" width="6.25" height="25" lineSpacing="25" characterSpacing="6.25" /> 
  </TextBlocks>

  <Pins>
    <Pin number="4" padName="RX47Y43D0T" originX="-33.4646" originY="27.5591" rotation="0" isMechanical="no" textBlockName="17" />
    <Pin number="1" padName="RX47Y43D0T" originX="-33.4646" originY="-27.5591" rotation="0" isMechanical="no" textBlockName="17" />
    <Pin number="2" padName="RX47Y43D0T" originX="33.4646" originY="-27.5591" rotation="180" isMechanical="no" textBlockName="17" />
    <Pin number="3" padName="RX47Y43D0T" originX="33.4646" originY="27.5591" rotation="180" isMechanical="no" textBlockName="17" />
  </Pins>
  <Vias>
  </Vias>
  <Layers>
    <Layer name="PACKAGE GEOMETRY/PLACE_BOUND_TOP" packageHeight="22" packageHeightMin="0">
      <Path lineWidth="0" type="shape" >
        <Point x="-66.9646" y="-59.0591" />
        <Point x="-66.9646" y="59.0591" />
        <Point x="-61" y="59.0591" />
        <Point x="-61" y="59.0591" />
        <Point x="61" y="59.0591" />
        <Point x="61" y="59.0591" />
        <Point x="66.9646" y="59.0591" />
        <Point x="66.9646" y="-59.0591" />
        <Point x="61" y="-59.0591" />
        <Point x="61" y="-59.0591" />
        <Point x="-61" y="-59.0591" />
        <Point x="-61" y="-59.0591" />
        <Point x="-66.9646" y="-59.0591" />
      </Path>
    </Layer>
    <Layer name="MANUFACTURING/NO_PROBE_TOP" packageHeight="22" >
      <Path lineWidth="0" type="shape" >
        <Point x="-71.9645" y="-56.5" />
        <Point x="-71.9645" y="56.5" />
        <Point x="71.9645" y="56.5" />
        <Point x="71.9645" y="-56.5" />
        <Point x="-71.9645" y="-56.5" />
      </Path>
    </Layer>
    <Layer name="REF DES/SILKSCREEN_TOP" packageHeight="22" >
      <Label layer="REF DES/SILKSCREEN_TOP" textBlock="3" angle="0" x="0" y="-25" text="Ref" justify="center" />
    </Layer>
    <Layer name="DEVICE TYPE/SILKSCREEN_TOP" packageHeight="22" >
      <Label layer="DEVICE TYPE/SILKSCREEN_TOP" textBlock="3" angle="0" x="0" y="-25" text="Dev" justify="center" />
    </Layer>
    <Layer name="USER PART NUMBER/SILKSCREEN_TOP" packageHeight="22" >
      <Label layer="USER PART NUMBER/SILKSCREEN_TOP" textBlock="3" angle="0" x="0" y="-25" text="PN" justify="center" />
    </Layer>
    <Layer name="DEVICE TYPE/ASSEMBLY_TOP" packageHeight="22" >
      <Label layer="DEVICE TYPE/ASSEMBLY_TOP" textBlock="3" angle="0" x="0" y="-25" text="DEV" justify="center" />
    </Layer>
    <Layer name="COMPONENT VALUE/SILKSCREEN_TOP" packageHeight="22" >
      <Label layer="COMPONENT VALUE/SILKSCREEN_TOP" textBlock="3" angle="0" x="0" y="-25" text="VAL" justify="center" />
    </Layer>
    <Layer name="TOLERANCE/SILKSCREEN_TOP" packageHeight="22" >
      <Label layer="TOLERANCE/SILKSCREEN_TOP" textBlock="3" angle="0" x="0" y="-25" text="TOL" justify="center" />
    </Layer>
    <Layer name="REF DES/ASSEMBLY_TOP" packageHeight="22" >
      <Label layer="REF DES/ASSEMBLY_TOP" textBlock="3" angle="0" x="0" y="-25" text="Ref" justify="center" />
    </Layer>
    <Layer name="PACKAGE GEOMETRY/ASSEMBLY_TOP" packageHeight="22" >
      <Circle type="line"  lineWidth="0" originX="-9.9646" originY="27.5591" radius="0" > 
    </Layer>
    <Layer name="PACKAGE GEOMETRY/ASSEMBLY_TOP" packageHeight="22" >
      <Path lineWidth="0" type="line" >
        <Point x="-51" y="-41.5" />
        <Point x="51" y="-41.5" />
      </Path>
    </Layer>
    <Layer name="PACKAGE GEOMETRY/ASSEMBLY_TOP" packageHeight="22" >
      <Path lineWidth="0" type="line" >
        <Point x="51" y="-41.5" />
        <Point x="51" y="41.5" />
      </Path>
    </Layer>
    <Layer name="PACKAGE GEOMETRY/ASSEMBLY_TOP" packageHeight="22" >
      <Path lineWidth="0" type="line" >
        <Point x="51" y="41.5" />
        <Point x="-51" y="41.5" />
      </Path>
    </Layer>
    <Layer name="PACKAGE GEOMETRY/ASSEMBLY_TOP" packageHeight="22" >
      <Path lineWidth="0" type="line" >
        <Point x="-51" y="41.5" />
        <Point x="-51" y="-41.5" />
      </Path>
    </Layer>
    <Layer name="PACKAGE GEOMETRY/ASSEMBLY_TOP" packageHeight="22" >
      <Arc lineWidth="0" centerX="0" centerY="41.5" x1="-12" y1="41.5" x2="12" y2="41.5" startAngle="180" stopAngle="360" /> 
    </Layer>
  </Layers>
</Footprint>
