<Footprint name="SMC_DIO-M" >
  <Units type="mils" precision="3" />
  <Extents minX="-2437.5" minY="-2547.44088745117" width="4137.53939819336" height="4102.4801940918" />
  <Padstack name="RX100p84Y125p2D0T" type="single" > 
    <Layers>
      <Layer name="TOP" >
        <Pad shape="rectangle" width="125.1969" height="100.8425" /> 
      </Layer>
      <Layer name="PASTEMASK_TOP" >
        <Pad shape="rectangle" width="125.1969" height="100.8425" /> 
      </Layer>
      <Layer name="SOLDERMASK_TOP" >
        <Pad shape="rectangle" width="125.1969" height="100.8425" /> 
      </Layer>
    </Layers>
  </Padstack>

  <Padstack name="RX100p84Y125p2D0T" type="single" > 
    <Layers>
      <Layer name="TOP" >
        <Pad shape="rectangle" width="125.1969" height="100.8425" /> 
      </Layer>
      <Layer name="PASTEMASK_TOP" >
        <Pad shape="rectangle" width="125.1969" height="100.8425" /> 
      </Layer>
      <Layer name="SOLDERMASK_TOP" >
        <Pad shape="rectangle" width="125.1969" height="100.8425" /> 
      </Layer>
    </Layers>
  </Padstack>
  <TextBlocks>
    <TextBlock name="17" width="6.25" height="25" lineSpacing="25" characterSpacing="6.25" /> 
  </TextBlocks>

  <Pins>
    <Pin number="1" padName="RX100p84Y125p2D0T" originX="-119.6181" originY="0" rotation="90" isMechanical="no" textBlockName="17" />
    <Pin number="2" padName="RX100p84Y125p2D0T" originX="119.6181" originY="0" rotation="90" isMechanical="no" textBlockName="17" />
  </Pins>
  <Vias>
  </Vias>
  <Layers>
    <Layer name="VIA KEEPOUT/TOP" packageHeight="94.4882" >
      <Path lineWidth="6" type="shape" >
        <Point x="-67.1968536376953" y="64.5984497070313" />
        <Point x="67.1968536376953" y="64.5984497070313" />
        <Point x="67.1968536376953" y="-64.5984497070313" />
        <Point x="-67.1968536376953" y="-64.5984497070313" />
        <Point x="-67.1968536376953" y="64.5984497070313" />
      </Path>
    </Layer>
    <Layer name="ROUTE KEEPOUT/TOP" packageHeight="94.4882" >
      <Path lineWidth="6" type="shape" >
        <Point x="-67.1968536376953" y="64.5984497070313" />
        <Point x="67.1968536376953" y="64.5984497070313" />
        <Point x="67.1968536376953" y="-64.5984497070313" />
        <Point x="-67.1968536376953" y="-64.5984497070313" />
        <Point x="-67.1968536376953" y="64.5984497070313" />
      </Path>
    </Layer>
    <Layer name="ROUTE KEEPOUT/TOP" packageHeight="94.4882" >
      <Path lineWidth="6" type="shape" >
        <Point x="-67.1968536376953" y="64.5984497070313" />
        <Point x="67.1968536376953" y="64.5984497070313" />
        <Point x="67.1968536376953" y="-64.5984497070313" />
        <Point x="-67.1968536376953" y="-64.5984497070313" />
        <Point x="-67.1968536376953" y="64.5984497070313" />
      </Path>
    </Layer>
    <Layer name="ROUTE KEEPOUT/TOP" packageHeight="94.4882" >
      <Path lineWidth="6" type="shape" >
        <Point x="-158.039352416992" y="120.440948486328" />
        <Point x="158.039352416992" y="120.440948486328" />
        <Point x="158.039352416992" y="64.5984497070313" />
        <Point x="-158.039352416992" y="64.5984497070313" />
        <Point x="-158.039352416992" y="120.440948486328" />
      </Path>
    </Layer>
    <Layer name="ROUTE KEEPOUT/TOP" packageHeight="94.4882" >
      <Path lineWidth="6" type="shape" >
        <Point x="-158.039352416992" y="-64.5984497070313" />
        <Point x="158.039352416992" y="-64.5984497070313" />
        <Point x="158.039352416992" y="-120.440948486328" />
        <Point x="-158.039352416992" y="-120.440948486328" />
        <Point x="-158.039352416992" y="-64.5984497070313" />
      </Path>
    </Layer>
    <Layer name="PACKAGE GEOMETRY/PLACE_BOUND_TOP" packageHeight="94.4882" packageHeightMin="0">
      <Path lineWidth="6" type="shape" >
        <Point x="-190.0394" y="-82.5984" />
        <Point x="-190.0394" y="82.5984" />
        <Point x="-180.0394" y="82.5984" />
        <Point x="-180.0394" y="142.4409" />
        <Point x="180.0394" y="142.4409" />
        <Point x="180.0394" y="82.5984" />
        <Point x="190.0394" y="82.5984" />
        <Point x="190.0394" y="-82.5984" />
        <Point x="180.0394" y="-82.5984" />
        <Point x="180.0394" y="-142.4409" />
        <Point x="-180.0394" y="-142.4409" />
        <Point x="-180.0394" y="-82.5984" />
        <Point x="-190.0394" y="-82.5984" />
      </Path>
    </Layer>
    <Layer name="MANUFACTURING/NO_PROBE_TOP" packageHeight="94.4882" >
      <Path lineWidth="6" type="shape" >
        <Point x="-205.0394" y="-137.4409" />
        <Point x="-205.0394" y="137.4409" />
        <Point x="205.0394" y="137.4409" />
        <Point x="205.0394" y="-137.4409" />
        <Point x="-205.0394" y="-137.4409" />
      </Path>
    </Layer>
    <Layer name="REF DES/SILKSCREEN_TOP" packageHeight="94.4882" >
      <Label layer="REF DES/SILKSCREEN_TOP" textBlock="3" angle="0" x="0" y="-25" text="Ref" justify="center" />
    </Layer>
    <Layer name="DEVICE TYPE/SILKSCREEN_TOP" packageHeight="94.4882" >
      <Label layer="DEVICE TYPE/SILKSCREEN_TOP" textBlock="3" angle="0" x="0" y="-25" text="Dev" justify="center" />
    </Layer>
    <Layer name="USER PART NUMBER/SILKSCREEN_TOP" packageHeight="94.4882" >
      <Label layer="USER PART NUMBER/SILKSCREEN_TOP" textBlock="3" angle="0" x="0" y="-25" text="PN" justify="center" />
    </Layer>
    <Layer name="DEVICE TYPE/ASSEMBLY_TOP" packageHeight="94.4882" >
      <Label layer="DEVICE TYPE/ASSEMBLY_TOP" textBlock="3" angle="0" x="0" y="-25" text="DEV" justify="center" />
    </Layer>
    <Layer name="COMPONENT VALUE/SILKSCREEN_TOP" packageHeight="94.4882" >
      <Label layer="COMPONENT VALUE/SILKSCREEN_TOP" textBlock="3" angle="0" x="0" y="-25" text="VAL" justify="center" />
    </Layer>
    <Layer name="TOLERANCE/SILKSCREEN_TOP" packageHeight="94.4882" >
      <Label layer="TOLERANCE/SILKSCREEN_TOP" textBlock="3" angle="0" x="0" y="-25" text="TOL" justify="center" />
    </Layer>
    <Layer name="REF DES/ASSEMBLY_TOP" packageHeight="94.4882" >
      <Label layer="REF DES/ASSEMBLY_TOP" textBlock="3" angle="0" x="0" y="-25" text="Ref" justify="center" />
    </Layer>
    <Layer name="PACKAGE GEOMETRY/ASSEMBLY_TOP" packageHeight="94.4882" >
      <Path lineWidth="0" type="line" >
        <Point x="-180.0394" y="0" />
        <Point x="-230.0394" y="0" />
      </Path>
    </Layer>
    <Layer name="PACKAGE GEOMETRY/ASSEMBLY_TOP" packageHeight="94.4882" >
      <Path lineWidth="0" type="line" >
        <Point x="-220.0394" y="25" />
        <Point x="-220.0394" y="-25" />
      </Path>
    </Layer>
    <Layer name="PACKAGE GEOMETRY/ASSEMBLY_TOP" packageHeight="94.4882" >
      <Path lineWidth="0" type="line" >
        <Point x="-220.0394" y="0" />
        <Point x="-190.0394" y="25" />
      </Path>
    </Layer>
    <Layer name="PACKAGE GEOMETRY/ASSEMBLY_TOP" packageHeight="94.4882" >
      <Path lineWidth="0" type="line" >
        <Point x="-220.0394" y="0" />
        <Point x="-190.0394" y="20" />
      </Path>
    </Layer>
    <Layer name="PACKAGE GEOMETRY/ASSEMBLY_TOP" packageHeight="94.4882" >
      <Path lineWidth="0" type="line" >
        <Point x="-220.0394" y="0" />
        <Point x="-190.0394" y="15" />
      </Path>
    </Layer>
    <Layer name="PACKAGE GEOMETRY/ASSEMBLY_TOP" packageHeight="94.4882" >
      <Path lineWidth="0" type="line" >
        <Point x="-220.0394" y="0" />
        <Point x="-190.0394" y="10" />
      </Path>
    </Layer>
    <Layer name="PACKAGE GEOMETRY/ASSEMBLY_TOP" packageHeight="94.4882" >
      <Path lineWidth="0" type="line" >
        <Point x="-220.0394" y="0" />
        <Point x="-190.0394" y="5" />
      </Path>
    </Layer>
    <Layer name="PACKAGE GEOMETRY/ASSEMBLY_TOP" packageHeight="94.4882" >
      <Path lineWidth="0" type="line" >
        <Point x="-220.0394" y="0" />
        <Point x="-190.0394" y="-25" />
      </Path>
    </Layer>
    <Layer name="PACKAGE GEOMETRY/ASSEMBLY_TOP" packageHeight="94.4882" >
      <Path lineWidth="0" type="line" >
        <Point x="-220.0394" y="0" />
        <Point x="-190.0394" y="-20" />
      </Path>
    </Layer>
    <Layer name="PACKAGE GEOMETRY/ASSEMBLY_TOP" packageHeight="94.4882" >
      <Path lineWidth="0" type="line" >
        <Point x="-220.0394" y="0" />
        <Point x="-190.0394" y="-15" />
      </Path>
    </Layer>
    <Layer name="PACKAGE GEOMETRY/ASSEMBLY_TOP" packageHeight="94.4882" >
      <Path lineWidth="0" type="line" >
        <Point x="-220.0394" y="0" />
        <Point x="-190.0394" y="-10" />
      </Path>
    </Layer>
    <Layer name="PACKAGE GEOMETRY/ASSEMBLY_TOP" packageHeight="94.4882" >
      <Path lineWidth="0" type="line" >
        <Point x="-220.0394" y="0" />
        <Point x="-190.0394" y="-5" />
      </Path>
    </Layer>
    <Layer name="PACKAGE GEOMETRY/ASSEMBLY_TOP" packageHeight="94.4882" >
      <Path lineWidth="0" type="line" >
        <Point x="-190.0394" y="25" />
        <Point x="-190.0394" y="-25" />
      </Path>
    </Layer>
    <Layer name="PACKAGE GEOMETRY/SILKSCREEN_TOP" packageHeight="94.4882" >
      <Path lineWidth="6" type="line" >
        <Point x="-183.1394" y="0" />
        <Point x="-230.0394" y="0" />
      </Path>
    </Layer>
    <Layer name="PACKAGE GEOMETRY/SILKSCREEN_TOP" packageHeight="94.4882" >
      <Path lineWidth="6" type="line" >
        <Point x="-220.0394" y="25" />
        <Point x="-220.0394" y="-25" />
      </Path>
    </Layer>
    <Layer name="PACKAGE GEOMETRY/SILKSCREEN_TOP" packageHeight="94.4882" >
      <Path lineWidth="6" type="line" >
        <Point x="-220.0394" y="0" />
        <Point x="-190.0394" y="25" />
      </Path>
    </Layer>
    <Layer name="PACKAGE GEOMETRY/SILKSCREEN_TOP" packageHeight="94.4882" >
      <Path lineWidth="6" type="line" >
        <Point x="-220.0394" y="0" />
        <Point x="-190.0394" y="20" />
      </Path>
    </Layer>
    <Layer name="PACKAGE GEOMETRY/SILKSCREEN_TOP" packageHeight="94.4882" >
      <Path lineWidth="6" type="line" >
        <Point x="-220.0394" y="0" />
        <Point x="-190.0394" y="15" />
      </Path>
    </Layer>
    <Layer name="PACKAGE GEOMETRY/SILKSCREEN_TOP" packageHeight="94.4882" >
      <Path lineWidth="6" type="line" >
        <Point x="-220.0394" y="0" />
        <Point x="-190.0394" y="10" />
      </Path>
    </Layer>
    <Layer name="PACKAGE GEOMETRY/SILKSCREEN_TOP" packageHeight="94.4882" >
      <Path lineWidth="6" type="line" >
        <Point x="-220.0394" y="0" />
        <Point x="-190.0394" y="5" />
      </Path>
    </Layer>
    <Layer name="PACKAGE GEOMETRY/SILKSCREEN_TOP" packageHeight="94.4882" >
      <Path lineWidth="6" type="line" >
        <Point x="-220.0394" y="0" />
        <Point x="-190.0394" y="-25" />
      </Path>
    </Layer>
    <Layer name="PACKAGE GEOMETRY/SILKSCREEN_TOP" packageHeight="94.4882" >
      <Path lineWidth="6" type="line" >
        <Point x="-220.0394" y="0" />
        <Point x="-190.0394" y="-20" />
      </Path>
    </Layer>
    <Layer name="PACKAGE GEOMETRY/SILKSCREEN_TOP" packageHeight="94.4882" >
      <Path lineWidth="6" type="line" >
        <Point x="-220.0394" y="0" />
        <Point x="-190.0394" y="-15" />
      </Path>
    </Layer>
    <Layer name="PACKAGE GEOMETRY/SILKSCREEN_TOP" packageHeight="94.4882" >
      <Path lineWidth="6" type="line" >
        <Point x="-220.0394" y="0" />
        <Point x="-190.0394" y="-10" />
      </Path>
    </Layer>
    <Layer name="PACKAGE GEOMETRY/SILKSCREEN_TOP" packageHeight="94.4882" >
      <Path lineWidth="6" type="line" >
        <Point x="-220.0394" y="0" />
        <Point x="-190.0394" y="-5" />
      </Path>
    </Layer>
    <Layer name="PACKAGE GEOMETRY/SILKSCREEN_TOP" packageHeight="94.4882" >
      <Path lineWidth="6" type="line" >
        <Point x="-190.0394" y="25" />
        <Point x="-190.0394" y="-25" />
      </Path>
    </Layer>
    <Layer name="PACKAGE GEOMETRY/SILKSCREEN_TOP" packageHeight="94.4882" >
      <Path lineWidth="6" type="line" >
        <Point x="-165.0394" y="-127.4409" />
        <Point x="165.0394" y="-127.4409" />
      </Path>
    </Layer>
    <Layer name="PACKAGE GEOMETRY/SILKSCREEN_TOP" packageHeight="94.4882" >
      <Path lineWidth="6" type="line" >
        <Point x="165.0394" y="-127.4409" />
        <Point x="165.0394" y="-75.6985" />
      </Path>
    </Layer>
    <Layer name="PACKAGE GEOMETRY/SILKSCREEN_TOP" packageHeight="94.4882" >
      <Path lineWidth="6" type="line" >
        <Point x="165.0394" y="127.4409" />
        <Point x="-165.0394" y="127.4409" />
      </Path>
    </Layer>
    <Layer name="PACKAGE GEOMETRY/SILKSCREEN_TOP" packageHeight="94.4882" >
      <Path lineWidth="6" type="line" >
        <Point x="-165.0394" y="127.4409" />
        <Point x="-165.0394" y="75.6985" />
      </Path>
    </Layer>
    <Layer name="PACKAGE GEOMETRY/ASSEMBLY_TOP" packageHeight="94.4882" >
      <Path lineWidth="0" type="line" >
        <Point x="-160.0394" y="-122.4409" />
        <Point x="160.0394" y="-122.4409" />
      </Path>
    </Layer>
    <Layer name="PACKAGE GEOMETRY/ASSEMBLY_TOP" packageHeight="94.4882" >
      <Path lineWidth="0" type="line" >
        <Point x="160.0394" y="-122.4409" />
        <Point x="160.0394" y="122.4409" />
      </Path>
    </Layer>
    <Layer name="PACKAGE GEOMETRY/ASSEMBLY_TOP" packageHeight="94.4882" >
      <Path lineWidth="0" type="line" >
        <Point x="160.0394" y="122.4409" />
        <Point x="-160.0394" y="122.4409" />
      </Path>
    </Layer>
    <Layer name="PACKAGE GEOMETRY/ASSEMBLY_TOP" packageHeight="94.4882" >
      <Path lineWidth="0" type="line" >
        <Point x="-160.0394" y="122.4409" />
        <Point x="-160.0394" y="-122.4409" />
      </Path>
    </Layer>
    <Layer name="PACKAGE GEOMETRY/SILKSCREEN_TOP" packageHeight="94.4882" >
      <Path lineWidth="6" type="line" >
        <Point x="-165.0394" y="-75.6985" />
        <Point x="-165.0394" y="-127.4409" />
      </Path>
    </Layer>
    <Layer name="PACKAGE GEOMETRY/SILKSCREEN_TOP" packageHeight="94.4882" >
      <Path lineWidth="6" type="line" >
        <Point x="165.0394" y="75.6985" />
        <Point x="165.0394" y="127.4409" />
      </Path>
    </Layer>
  </Layers>
</Footprint>
