<Footprint name="SOD-323_1P7X1P25_ONS" >
  <Units type="mils" precision="3" />
  <Extents minX="-2350" minY="-2481" width="3978.5" height="4058" />
  <Padstack name="RX24Y12D0T" type="single" > 
    <Layers>
      <Layer name="TOP" >
        <Pad shape="rectangle" width="24" height="12" /> 
      </Layer>
      <Layer name="PASTEMASK_TOP" >
        <Pad shape="rectangle" width="24" height="12" /> 
      </Layer>
      <Layer name="SOLDERMASK_TOP" >
        <Pad shape="rectangle" width="24" height="12" /> 
      </Layer>
    </Layers>
  </Padstack>

  <Padstack name="RX24Y12D0T" type="single" > 
    <Layers>
      <Layer name="TOP" >
        <Pad shape="rectangle" width="24" height="12" /> 
      </Layer>
      <Layer name="PASTEMASK_TOP" >
        <Pad shape="rectangle" width="24" height="12" /> 
      </Layer>
      <Layer name="SOLDERMASK_TOP" >
        <Pad shape="rectangle" width="24" height="12" /> 
      </Layer>
    </Layers>
  </Padstack>
  <TextBlocks>
    <TextBlock name="17" width="6.25" height="25" lineSpacing="25" characterSpacing="6.25" /> 
  </TextBlocks>

  <Pins>
    <Pin number="1" padName="RX24Y12D0T" originX="-45" originY="0" rotation="0" isMechanical="no" textBlockName="17" />
    <Pin number="2" padName="RX24Y12D0T" originX="45" originY="0" rotation="0" isMechanical="no" textBlockName="17" />
  </Pins>
  <Vias>
  </Vias>
  <Layers>
    <Layer name="PACKAGE GEOMETRY/ASSEMBLY_TOP" packageHeight="28" >
      <Path lineWidth="0" type="line" >
        <Point x="-33.5" y="-6" />
        <Point x="-33.5" y="6" />
      </Path>
    </Layer>
    <Layer name="PACKAGE GEOMETRY/ASSEMBLY_TOP" packageHeight="28" >
      <Path lineWidth="0" type="line" >
        <Point x="-33.5" y="6" />
        <Point x="-49" y="6" />
      </Path>
    </Layer>
    <Layer name="PACKAGE GEOMETRY/ASSEMBLY_TOP" packageHeight="28" >
      <Path lineWidth="0" type="line" >
        <Point x="-49" y="6" />
        <Point x="-49" y="-6" />
      </Path>
    </Layer>
    <Layer name="PACKAGE GEOMETRY/ASSEMBLY_TOP" packageHeight="28" >
      <Path lineWidth="0" type="line" >
        <Point x="-49" y="-6" />
        <Point x="-33.5" y="-6" />
      </Path>
    </Layer>
    <Layer name="PACKAGE GEOMETRY/ASSEMBLY_TOP" packageHeight="28" >
      <Path lineWidth="0" type="line" >
        <Point x="33.5" y="6" />
        <Point x="33.5" y="-6" />
      </Path>
    </Layer>
    <Layer name="PACKAGE GEOMETRY/ASSEMBLY_TOP" packageHeight="28" >
      <Path lineWidth="0" type="line" >
        <Point x="33.5" y="-6" />
        <Point x="49" y="-6" />
      </Path>
    </Layer>
    <Layer name="PACKAGE GEOMETRY/ASSEMBLY_TOP" packageHeight="28" >
      <Path lineWidth="0" type="line" >
        <Point x="49" y="-6" />
        <Point x="49" y="6" />
      </Path>
    </Layer>
    <Layer name="PACKAGE GEOMETRY/ASSEMBLY_TOP" packageHeight="28" >
      <Path lineWidth="0" type="line" >
        <Point x="49" y="6" />
        <Point x="33.5" y="6" />
      </Path>
    </Layer>
    <Layer name="VIA KEEPOUT/TOP" packageHeight="28" >
      <Path lineWidth="0" type="shape" >
        <Point x="-31" y="22.5" />
        <Point x="31" y="22.5" />
        <Point x="31" y="-22.5" />
        <Point x="-31" y="-22.5" />
        <Point x="-31" y="22.5" />
      </Path>
    </Layer>
    <Layer name="ROUTE KEEPOUT/TOP" packageHeight="28" >
      <Path lineWidth="0" type="shape" >
        <Point x="-31" y="22.5" />
        <Point x="31" y="22.5" />
        <Point x="31" y="-22.5" />
        <Point x="-31" y="-22.5" />
        <Point x="-31" y="22.5" />
      </Path>
    </Layer>
    <Layer name="ROUTE KEEPOUT/TOP" packageHeight="28" >
      <Path lineWidth="0" type="shape" >
        <Point x="-31" y="22.5" />
        <Point x="31" y="22.5" />
        <Point x="31" y="-22.5" />
        <Point x="-31" y="-22.5" />
        <Point x="-31" y="22.5" />
      </Path>
    </Layer>
    <Layer name="PACKAGE GEOMETRY/PLACE_BOUND_TOP" packageHeight="28" packageHeightMin="10">
      <Path lineWidth="0" type="shape" >
        <Point x="-67" y="-16" />
        <Point x="-67" y="16" />
        <Point x="-43.5" y="16" />
        <Point x="-43.5" y="34.5" />
        <Point x="43.5" y="34.5" />
        <Point x="43.5" y="16" />
        <Point x="67" y="16" />
        <Point x="67" y="-16" />
        <Point x="43.5" y="-16" />
        <Point x="43.5" y="-34.5" />
        <Point x="-43.5" y="-34.5" />
        <Point x="-43.5" y="-16" />
        <Point x="-67" y="-16" />
      </Path>
    </Layer>
    <Layer name="MANUFACTURING/NO_PROBE_TOP" packageHeight="28" >
      <Path lineWidth="0" type="shape" >
        <Point x="-64.5" y="-32" />
        <Point x="-64.5" y="32" />
        <Point x="64.5" y="32" />
        <Point x="64.5" y="-32" />
        <Point x="-64.5" y="-32" />
      </Path>
    </Layer>
    <Layer name="REF DES/SILKSCREEN_TOP" packageHeight="28" >
      <Label layer="REF DES/SILKSCREEN_TOP" textBlock="3" angle="0" x="0" y="-25" text="Ref" justify="center" />
    </Layer>
    <Layer name="DEVICE TYPE/SILKSCREEN_TOP" packageHeight="28" >
      <Label layer="DEVICE TYPE/SILKSCREEN_TOP" textBlock="3" angle="0" x="0" y="-25" text="Dev" justify="center" />
    </Layer>
    <Layer name="USER PART NUMBER/SILKSCREEN_TOP" packageHeight="28" >
      <Label layer="USER PART NUMBER/SILKSCREEN_TOP" textBlock="3" angle="0" x="0" y="-25" text="PN" justify="center" />
    </Layer>
    <Layer name="DEVICE TYPE/ASSEMBLY_TOP" packageHeight="28" >
      <Label layer="DEVICE TYPE/ASSEMBLY_TOP" textBlock="3" angle="0" x="0" y="-25" text="DEV" justify="center" />
    </Layer>
    <Layer name="COMPONENT VALUE/SILKSCREEN_TOP" packageHeight="28" >
      <Label layer="COMPONENT VALUE/SILKSCREEN_TOP" textBlock="3" angle="0" x="0" y="-25" text="VAL" justify="center" />
    </Layer>
    <Layer name="TOLERANCE/SILKSCREEN_TOP" packageHeight="28" >
      <Label layer="TOLERANCE/SILKSCREEN_TOP" textBlock="3" angle="0" x="0" y="-25" text="TOL" justify="center" />
    </Layer>
    <Layer name="REF DES/ASSEMBLY_TOP" packageHeight="28" >
      <Label layer="REF DES/ASSEMBLY_TOP" textBlock="3" angle="0" x="0" y="-25" text="Ref" justify="center" />
    </Layer>
    <Layer name="PACKAGE GEOMETRY/ASSEMBLY_TOP" packageHeight="28" >
      <Label layer="PACKAGE GEOMETRY/ASSEMBLY_TOP" textBlock="3" angle="0" x="-23.5" y="-25" text="*" justify="center" />
    </Layer>
    <Layer name="PACKAGE GEOMETRY/SILKSCREEN_TOP" packageHeight="28" >
      <Label layer="PACKAGE GEOMETRY/SILKSCREEN_TOP" textBlock="3" angle="0" x="-72" y="-25" text="*" justify="center" />
    </Layer>
    <Layer name="PACKAGE GEOMETRY/ASSEMBLY_TOP" packageHeight="28" >
      <Path lineWidth="0" type="line" >
        <Point x="-33.5" y="12.25" />
        <Point x="-21.25" y="24.5" />
      </Path>
    </Layer>
    <Layer name="PACKAGE GEOMETRY/ASSEMBLY_TOP" packageHeight="28" >
      <Path lineWidth="0" type="line" >
        <Point x="-33.5" y="-12.25" />
        <Point x="-21.25" y="-24.5" />
      </Path>
    </Layer>
    <Layer name="PACKAGE GEOMETRY/SILKSCREEN_TOP" packageHeight="28" >
      <Path lineWidth="6" type="line" >
        <Point x="-38.5" y="-29.5" />
        <Point x="38.5" y="-29.5" />
      </Path>
    </Layer>
    <Layer name="PACKAGE GEOMETRY/SILKSCREEN_TOP" packageHeight="28" >
      <Path lineWidth="6" type="line" >
        <Point x="38.5" y="-29.5" />
        <Point x="38.5" y="-19.1" />
      </Path>
    </Layer>
    <Layer name="PACKAGE GEOMETRY/SILKSCREEN_TOP" packageHeight="28" >
      <Path lineWidth="6" type="line" >
        <Point x="38.5" y="29.5" />
        <Point x="-38.5" y="29.5" />
      </Path>
    </Layer>
    <Layer name="PACKAGE GEOMETRY/SILKSCREEN_TOP" packageHeight="28" >
      <Path lineWidth="6" type="line" >
        <Point x="-38.5" y="29.5" />
        <Point x="-38.5" y="19.1" />
      </Path>
    </Layer>
    <Layer name="PACKAGE GEOMETRY/ASSEMBLY_TOP" packageHeight="28" >
      <Path lineWidth="0" type="line" >
        <Point x="-33.5" y="-24.5" />
        <Point x="33.5" y="-24.5" />
      </Path>
    </Layer>
    <Layer name="PACKAGE GEOMETRY/ASSEMBLY_TOP" packageHeight="28" >
      <Path lineWidth="0" type="line" >
        <Point x="33.5" y="-24.5" />
        <Point x="33.5" y="24.5" />
      </Path>
    </Layer>
    <Layer name="PACKAGE GEOMETRY/ASSEMBLY_TOP" packageHeight="28" >
      <Path lineWidth="0" type="line" >
        <Point x="33.5" y="24.5" />
        <Point x="-33.5" y="24.5" />
      </Path>
    </Layer>
    <Layer name="PACKAGE GEOMETRY/ASSEMBLY_TOP" packageHeight="28" >
      <Path lineWidth="0" type="line" >
        <Point x="-33.5" y="24.5" />
        <Point x="-33.5" y="-24.5" />
      </Path>
    </Layer>
    <Layer name="PACKAGE GEOMETRY/SILKSCREEN_TOP" packageHeight="28" >
      <Path lineWidth="6" type="line" >
        <Point x="-38.5" y="-19.1" />
        <Point x="-38.5" y="-29.5" />
      </Path>
    </Layer>
    <Layer name="PACKAGE GEOMETRY/SILKSCREEN_TOP" packageHeight="28" >
      <Path lineWidth="6" type="line" >
        <Point x="38.5" y="19.1" />
        <Point x="38.5" y="29.5" />
      </Path>
    </Layer>
  </Layers>
</Footprint>
