<Footprint name="RGT0016C" >
  <Units type="mils" precision="3" />
  <Extents minX="-2075" minY="-2071.85040003624" width="3294.8819" height="3208.85040003624" />
  <Padstack name="R10100240000200A" type="single" > 
    <Layers>
      <Layer name="TOP" >
        <Pad shape="rectangle" width="9.8425" height="23.622" /> 
      </Layer>
      <Layer name="SOLDERMASK_TOP" >
        <Pad shape="rectangle" width="13.8425" height="27.622" /> 
      </Layer>
      <Layer name="PASTEMASK_TOP" >
        <Pad shape="rectangle" width="9.8425" height="23.622" /> 
      </Layer>
    </Layers>
  </Padstack>
  <Padstack name="R10670670000233A" type="single" > 
    <Layers>
      <Layer name="TOP" >
        <Pad shape="square" width="66.9291" height="66.9291" /> 
      </Layer>
      <Layer name="SOLDERMASK_TOP" >
        <Pad shape="square" width="70.9291" height="70.9291" /> 
      </Layer>
      <Layer name="PASTEMASK_TOP" >
        <Pad shape="square" width="1" height="1" /> 
      </Layer>
    </Layers>
  </Padstack>
  <Padstack name="V10200200080200A" type="through-hole" > 
    <Hole plating="plated" >
      <Drill figure="circle" diameter="8" width="8" height="8" />
    </Hole>
    <Symbol figure="Triangle" diameter="40" width="40" height="40" drillChars="H" />
    <Layers>
      <Layer name="TOP" >
        <Pad shape="circle" width="19.685" height="19.685" /> 
      </Layer>
      <Layer name="SOLDERMASK_TOP" >
        <Pad shape="circle" width="1" height="1" /> 
      </Layer>
      <Layer name="BOTTOM" >
        <Pad shape="circle" width="19.685" height="19.685" /> 
      </Layer>
      <Layer name="SOLDERMASK_BOTTOM" >
        <Pad shape="circle" width="23.685" height="23.685" /> 
      </Layer>
      <Layer name="default_internal" >
        <Pad shape="circle" width="19.685" height="19.685" /> 
      </Layer>
    </Layers>
  </Padstack>

  <Padstack name="R10100240000200A" type="single" > 
    <Layers>
      <Layer name="TOP" >
        <Pad shape="rectangle" width="9.8425" height="23.622" /> 
      </Layer>
      <Layer name="SOLDERMASK_TOP" >
        <Pad shape="rectangle" width="13.8425" height="27.622" /> 
      </Layer>
      <Layer name="PASTEMASK_TOP" >
        <Pad shape="rectangle" width="9.8425" height="23.622" /> 
      </Layer>
    </Layers>
  </Padstack>
  <Padstack name="R10670670000233A" type="single" > 
    <Layers>
      <Layer name="TOP" >
        <Pad shape="square" width="66.9291" height="66.9291" /> 
      </Layer>
      <Layer name="SOLDERMASK_TOP" >
        <Pad shape="square" width="70.9291" height="70.9291" /> 
      </Layer>
      <Layer name="PASTEMASK_TOP" >
        <Pad shape="square" width="1" height="1" /> 
      </Layer>
    </Layers>
  </Padstack>
  <Padstack name="V10200200080200A" type="through-hole" > 
    <Hole plating="plated" >
      <Drill figure="circle" diameter="8" width="8" height="8" />
    </Hole>
    <Symbol figure="Triangle" diameter="40" width="40" height="40" drillChars="H" />
    <Layers>
      <Layer name="TOP" >
        <Pad shape="circle" width="19.685" height="19.685" /> 
      </Layer>
      <Layer name="SOLDERMASK_TOP" >
        <Pad shape="circle" width="1" height="1" /> 
      </Layer>
      <Layer name="BOTTOM" >
        <Pad shape="circle" width="19.685" height="19.685" /> 
      </Layer>
      <Layer name="SOLDERMASK_BOTTOM" >
        <Pad shape="circle" width="23.685" height="23.685" /> 
      </Layer>
      <Layer name="default_internal" >
        <Pad shape="circle" width="19.685" height="19.685" /> 
      </Layer>
    </Layers>
  </Padstack>
  <TextBlocks>
    <TextBlock name="17" width="6.25" height="25" lineSpacing="25" characterSpacing="6.25" /> 
  </TextBlocks>

  <Pins>
    <Pin number="1" padName="R10100240000200A" originX="-55.1181" originY="29.5276" rotation="90" isMechanical="no" textBlockName="17" />
    <Pin number="2" padName="R10100240000200A" originX="-55.1181" originY="9.8426" rotation="90" isMechanical="no" textBlockName="17" />
    <Pin number="3" padName="R10100240000200A" originX="-55.1181" originY="-9.8425" rotation="90" isMechanical="no" textBlockName="17" />
    <Pin number="4" padName="R10100240000200A" originX="-55.1181" originY="-29.5275" rotation="90" isMechanical="no" textBlockName="17" />
    <Pin number="5" padName="R10100240000200A" originX="-29.5275" originY="-55.1181" rotation="0" isMechanical="no" textBlockName="17" />
    <Pin number="6" padName="R10100240000200A" originX="-9.8425" originY="-55.1181" rotation="0" isMechanical="no" textBlockName="17" />
    <Pin number="7" padName="R10100240000200A" originX="9.8426" originY="-55.1181" rotation="0" isMechanical="no" textBlockName="17" />
    <Pin number="8" padName="R10100240000200A" originX="29.5276" originY="-55.1181" rotation="0" isMechanical="no" textBlockName="17" />
    <Pin number="9" padName="R10100240000200A" originX="55.1181" originY="-29.5275" rotation="90" isMechanical="no" textBlockName="17" />
    <Pin number="10" padName="R10100240000200A" originX="55.1181" originY="-9.8425" rotation="90" isMechanical="no" textBlockName="17" />
    <Pin number="11" padName="R10100240000200A" originX="55.1181" originY="9.8426" rotation="90" isMechanical="no" textBlockName="17" />
    <Pin number="12" padName="R10100240000200A" originX="55.1181" originY="29.5276" rotation="90" isMechanical="no" textBlockName="17" />
    <Pin number="13" padName="R10100240000200A" originX="29.5276" originY="55.1181" rotation="0" isMechanical="no" textBlockName="17" />
    <Pin number="14" padName="R10100240000200A" originX="9.8426" originY="55.1181" rotation="0" isMechanical="no" textBlockName="17" />
    <Pin number="15" padName="R10100240000200A" originX="-9.8425" originY="55.1181" rotation="0" isMechanical="no" textBlockName="17" />
    <Pin number="16" padName="R10100240000200A" originX="-29.5275" originY="55.1181" rotation="0" isMechanical="no" textBlockName="17" />
    <Pin number="17" padName="R10670670000233A" originX=".0001" originY="0" rotation="0" isMechanical="no" textBlockName="17" />
    <Pin number="18" padName="V10200200080200A" originX="0" originY="0" rotation="0" isMechanical="no" textBlockName="17" />
    <Pin number="19" padName="V10200200080200A" originX="23.622" originY="23.622" rotation="0" isMechanical="no" textBlockName="17" />
    <Pin number="20" padName="V10200200080200A" originX="23.622" originY="-23.622" rotation="0" isMechanical="no" textBlockName="17" />
    <Pin number="21" padName="V10200200080200A" originX="-23.622" originY="-23.622" rotation="0" isMechanical="no" textBlockName="17" />
    <Pin number="22" padName="V10200200080200A" originX="-23.622" originY="23.622" rotation="0" isMechanical="no" textBlockName="17" />
  </Pins>
  <Vias>
  </Vias>
  <Layers>
    <Layer name="PACKAGE GEOMETRY/ASSEMBLY_TOP" packageHeight="100" >
      <Path lineWidth="3.937" type="line" >
        <Point x="-62.0078" y="-62.0078" />
        <Point x="62.0079" y="-62.0078" />
      </Path>
    </Layer>
    <Layer name="PACKAGE GEOMETRY/ASSEMBLY_TOP" packageHeight="100" >
      <Path lineWidth="3.937" type="line" >
        <Point x="-62.0078" y="62.0079" />
        <Point x="62.0079" y="62.0079" />
      </Path>
    </Layer>
    <Layer name="PACKAGE GEOMETRY/ASSEMBLY_TOP" packageHeight="100" >
      <Path lineWidth="3.937" type="line" >
        <Point x="62.0079" y="-62.0078" />
        <Point x="62.0079" y="62.0079" />
      </Path>
    </Layer>
    <Layer name="PACKAGE GEOMETRY/ASSEMBLY_TOP" packageHeight="100" >
      <Path lineWidth="3.937" type="line" >
        <Point x="-62.0078" y="-62.0078" />
        <Point x="-62.0078" y="62.0079" />
      </Path>
    </Layer>
    <Layer name="PACKAGE GEOMETRY/SILKSCREEN_TOP" packageHeight="100" >
      <Path lineWidth="7.874" type="line" >
        <Point x="-67.9133" y="-67.9134" />
        <Point x="-60.0394" y="-67.9134" />
      </Path>
    </Layer>
    <Layer name="PACKAGE GEOMETRY/SILKSCREEN_TOP" packageHeight="100" >
      <Path lineWidth="7.874" type="line" >
        <Point x="-67.9133" y="-67.9134" />
        <Point x="-67.9133" y="-60.0395" />
      </Path>
    </Layer>
    <Layer name="PACKAGE GEOMETRY/SILKSCREEN_TOP" packageHeight="100" >
      <Path lineWidth="7.874" type="line" >
        <Point x="60.0394" y="-67.9134" />
        <Point x="67.9133" y="-67.9134" />
      </Path>
    </Layer>
    <Layer name="PACKAGE GEOMETRY/SILKSCREEN_TOP" packageHeight="100" >
      <Path lineWidth="7.874" type="line" >
        <Point x="67.9133" y="-67.9134" />
        <Point x="67.9133" y="-60.0395" />
      </Path>
    </Layer>
    <Layer name="PACKAGE GEOMETRY/SILKSCREEN_TOP" packageHeight="100" >
      <Path lineWidth="7.874" type="line" >
        <Point x="67.9133" y="60.0395" />
        <Point x="67.9133" y="67.9134" />
      </Path>
    </Layer>
    <Layer name="PACKAGE GEOMETRY/SILKSCREEN_TOP" packageHeight="100" >
      <Path lineWidth="7.874" type="line" >
        <Point x="60.0394" y="67.9134" />
        <Point x="67.9133" y="67.9134" />
      </Path>
    </Layer>
    <Layer name="PACKAGE GEOMETRY/SILKSCREEN_TOP" packageHeight="100" >
      <Path lineWidth="7.874" type="line" >
        <Point x="-67.9133" y="67.9134" />
        <Point x="-43.3071" y="67.9134" />
      </Path>
    </Layer>
    <Layer name="PACKAGE GEOMETRY/SILKSCREEN_TOP" packageHeight="100" >
      <Path lineWidth="7.874" type="line" >
        <Point x="-67.9133" y="43.3071" />
        <Point x="-67.9133" y="67.9134" />
      </Path>
    </Layer>
    <Layer name="PACKAGE GEOMETRY/PASTEMASK_TOP" packageHeight="100" >
      <Path lineWidth="0" type="shape" >
        <Point x="-30.5118" y="-28.6811" />
        <Point x="-30.5118" y="28.6811" />
        <Point x="-30.4766" y="29.0382" />
        <Point x="-30.3724" y="29.3817" />
        <Point x="-30.2033" y="29.6982" />
        <Point x="-29.9756" y="29.9756" />
        <Point x="-29.6982" y="30.2033" />
        <Point x="-29.3817" y="30.3724" />
        <Point x="-29.0382" y="30.4766" />
        <Point x="-28.6811" y="30.5118" />
        <Point x="28.6811" y="30.5118" />
        <Point x="29.0382" y="30.4766" />
        <Point x="29.3817" y="30.3724" />
        <Point x="29.6982" y="30.2033" />
        <Point x="29.9756" y="29.9756" />
        <Point x="30.2033" y="29.6982" />
        <Point x="30.3724" y="29.3817" />
        <Point x="30.4766" y="29.0382" />
        <Point x="30.5118" y="28.6811" />
        <Point x="30.5118" y="-28.6811" />
        <Point x="30.4766" y="-29.0382" />
        <Point x="30.3724" y="-29.3817" />
        <Point x="30.2033" y="-29.6982" />
        <Point x="29.9756" y="-29.9756" />
        <Point x="29.6982" y="-30.2033" />
        <Point x="29.3817" y="-30.3724" />
        <Point x="29.0382" y="-30.4766" />
        <Point x="28.6811" y="-30.5118" />
        <Point x="-28.6811" y="-30.5118" />
        <Point x="-29.0382" y="-30.4766" />
        <Point x="-29.3817" y="-30.3724" />
        <Point x="-29.6982" y="-30.2033" />
        <Point x="-29.9756" y="-29.9756" />
        <Point x="-30.2033" y="-29.6982" />
        <Point x="-30.3724" y="-29.3817" />
        <Point x="-30.4766" y="-29.0382" />
        <Point x="-30.5118" y="-28.6811" />
      </Path>
    </Layer>
    <Layer name="PACKAGE GEOMETRY/ASSEMBLY_TOP" packageHeight="100" >
      <Label layer="PACKAGE GEOMETRY/ASSEMBLY_TOP" textBlock="3" angle="0" x="-55.1181" y="-54.528" text=".Designator" justify="center" />
    </Layer>
    <Layer name="PACKAGE GEOMETRY/SILKSCREEN_TOP" packageHeight="100" >
      <Label layer="PACKAGE GEOMETRY/SILKSCREEN_TOP" textBlock="3" angle="0" x="-65" y="87" text="Designator9" justify="center" />
    </Layer>
    <Layer name="PACKAGE GEOMETRY/ASSEMBLY_TOP" packageHeight="100" >
      <Circle type="line"  lineWidth="3.937" originX="-38.3858" originY="29.5276" radius="7.874" > 
    </Layer>
    <Layer name="REF DES/SILKSCREEN_TOP" packageHeight="100" >
      <Label layer="REF DES/SILKSCREEN_TOP" textBlock="3" angle="0" x="0" y="-25" text="Ref" justify="center" />
    </Layer>
    <Layer name="DEVICE TYPE/SILKSCREEN_TOP" packageHeight="100" >
      <Label layer="DEVICE TYPE/SILKSCREEN_TOP" textBlock="3" angle="0" x="0" y="-25" text="Dev" justify="center" />
    </Layer>
    <Layer name="USER PART NUMBER/SILKSCREEN_TOP" packageHeight="100" >
      <Label layer="USER PART NUMBER/SILKSCREEN_TOP" textBlock="3" angle="0" x="0" y="-25" text="PN" justify="center" />
    </Layer>
    <Layer name="DEVICE TYPE/ASSEMBLY_TOP" packageHeight="100" >
      <Label layer="DEVICE TYPE/ASSEMBLY_TOP" textBlock="3" angle="0" x="0" y="-25" text="DEV" justify="center" />
    </Layer>
    <Layer name="COMPONENT VALUE/SILKSCREEN_TOP" packageHeight="100" >
      <Label layer="COMPONENT VALUE/SILKSCREEN_TOP" textBlock="3" angle="0" x="0" y="-25" text="VAL" justify="center" />
    </Layer>
    <Layer name="TOLERANCE/SILKSCREEN_TOP" packageHeight="100" >
      <Label layer="TOLERANCE/SILKSCREEN_TOP" textBlock="3" angle="0" x="0" y="-25" text="TOL" justify="center" />
    </Layer>
  </Layers>
</Footprint>
