<Footprint name="DSS0012B" >
  <Units type="mils" precision="3" />
  <Extents minX="-2075" minY="-2070.86610003624" width="3315" height="3206.86610003624" />
  <Padstack name="R10100200000200A" type="single" > 
    <Layers>
      <Layer name="TOP" >
        <Pad shape="rectangle" width="9.8425" height="19.685" /> 
      </Layer>
      <Layer name="SOLDERMASK_TOP" >
        <Pad shape="rectangle" width="13.8425" height="23.685" /> 
      </Layer>
      <Layer name="PASTEMASK_TOP" >
        <Pad shape="rectangle" width="9.8425" height="19.685" /> 
      </Layer>
    </Layers>
  </Padstack>
  <Padstack name="R10391040000220A" type="single" > 
    <Layers>
      <Layer name="TOP" >
        <Pad shape="rectangle" width="39.3701" height="104.3307" /> 
      </Layer>
      <Layer name="SOLDERMASK_TOP" >
        <Pad shape="rectangle" width="43.3701" height="108.3307" /> 
      </Layer>
      <Layer name="PASTEMASK_TOP" >
        <Pad shape="rectangle" width=".0001" height="64.9607" /> 
      </Layer>
    </Layers>
  </Padstack>
  <Padstack name="V10200200080200A" type="through-hole" > 
    <Hole plating="plated" >
      <Drill figure="circle" diameter="8" width="8" height="8" />
    </Hole>
    <Symbol figure="Triangle" diameter="40" width="40" height="40" drillChars="H" />
    <Layers>
      <Layer name="TOP" >
        <Pad shape="circle" width="19.685" height="19.685" /> 
      </Layer>
      <Layer name="SOLDERMASK_TOP" >
        <Pad shape="circle" width="23.685" height="23.685" /> 
      </Layer>
      <Layer name="BOTTOM" >
        <Pad shape="circle" width="19.685" height="19.685" /> 
      </Layer>
      <Layer name="SOLDERMASK_BOTTOM" >
        <Pad shape="circle" width="23.685" height="23.685" /> 
      </Layer>
      <Layer name="default_internal" >
        <Pad shape="circle" width="19.685" height="19.685" /> 
      </Layer>
    </Layers>
  </Padstack>

  <Padstack name="R10100200000200A" type="single" > 
    <Layers>
      <Layer name="TOP" >
        <Pad shape="rectangle" width="9.8425" height="19.685" /> 
      </Layer>
      <Layer name="SOLDERMASK_TOP" >
        <Pad shape="rectangle" width="13.8425" height="23.685" /> 
      </Layer>
      <Layer name="PASTEMASK_TOP" >
        <Pad shape="rectangle" width="9.8425" height="19.685" /> 
      </Layer>
    </Layers>
  </Padstack>
  <Padstack name="R10391040000220A" type="single" > 
    <Layers>
      <Layer name="TOP" >
        <Pad shape="rectangle" width="39.3701" height="104.3307" /> 
      </Layer>
      <Layer name="SOLDERMASK_TOP" >
        <Pad shape="rectangle" width="43.3701" height="108.3307" /> 
      </Layer>
      <Layer name="PASTEMASK_TOP" >
        <Pad shape="rectangle" width=".0001" height="64.9607" /> 
      </Layer>
    </Layers>
  </Padstack>
  <Padstack name="V10200200080200A" type="through-hole" > 
    <Hole plating="plated" >
      <Drill figure="circle" diameter="8" width="8" height="8" />
    </Hole>
    <Symbol figure="Triangle" diameter="40" width="40" height="40" drillChars="H" />
    <Layers>
      <Layer name="TOP" >
        <Pad shape="circle" width="19.685" height="19.685" /> 
      </Layer>
      <Layer name="SOLDERMASK_TOP" >
        <Pad shape="circle" width="23.685" height="23.685" /> 
      </Layer>
      <Layer name="BOTTOM" >
        <Pad shape="circle" width="19.685" height="19.685" /> 
      </Layer>
      <Layer name="SOLDERMASK_BOTTOM" >
        <Pad shape="circle" width="23.685" height="23.685" /> 
      </Layer>
      <Layer name="default_internal" >
        <Pad shape="circle" width="19.685" height="19.685" /> 
      </Layer>
    </Layers>
  </Padstack>
  <TextBlocks>
    <TextBlock name="17" width="6.25" height="25" lineSpacing="25" characterSpacing="6.25" /> 
  </TextBlocks>

  <Pins>
    <Pin number="1" padName="R10100200000200A" originX="-37.4015" originY="49.2126" rotation="90" isMechanical="no" textBlockName="17" />
    <Pin number="2" padName="R10100200000200A" originX="-37.4015" originY="29.5275" rotation="90" isMechanical="no" textBlockName="17" />
    <Pin number="3" padName="R10100200000200A" originX="-37.4015" originY="9.8425" rotation="90" isMechanical="no" textBlockName="17" />
    <Pin number="4" padName="R10100200000200A" originX="-37.4015" originY="-9.8425" rotation="90" isMechanical="no" textBlockName="17" />
    <Pin number="5" padName="R10100200000200A" originX="-37.4015" originY="-29.5276" rotation="90" isMechanical="no" textBlockName="17" />
    <Pin number="6" padName="R10100200000200A" originX="-37.4015" originY="-49.2126" rotation="90" isMechanical="no" textBlockName="17" />
    <Pin number="7" padName="R10100200000200A" originX="37.4016" originY="-49.2126" rotation="90" isMechanical="no" textBlockName="17" />
    <Pin number="8" padName="R10100200000200A" originX="37.4016" originY="-29.5276" rotation="90" isMechanical="no" textBlockName="17" />
    <Pin number="9" padName="R10100200000200A" originX="37.4016" originY="-9.8425" rotation="90" isMechanical="no" textBlockName="17" />
    <Pin number="10" padName="R10100200000200A" originX="37.4016" originY="9.8425" rotation="90" isMechanical="no" textBlockName="17" />
    <Pin number="11" padName="R10100200000200A" originX="37.4016" originY="29.5275" rotation="90" isMechanical="no" textBlockName="17" />
    <Pin number="12" padName="R10100200000200A" originX="37.4016" originY="49.2126" rotation="90" isMechanical="no" textBlockName="17" />
    <Pin number="13" padName="R10391040000220A" originX=".0001" originY="0" rotation="0" isMechanical="no" textBlockName="17" />
    <Pin number="14" padName="V10200200080200A" originX="0" originY="0" rotation="0" isMechanical="no" textBlockName="17" />
  </Pins>
  <Vias>
  </Vias>
  <Layers>
    <Layer name="PACKAGE GEOMETRY/SILKSCREEN_TOP" packageHeight="100" >
      <Path lineWidth="7.874" type="line" >
        <Point x="-41.3388" y="-66.9291" />
        <Point x="-35.4331" y="-66.9291" />
      </Path>
    </Layer>
    <Layer name="PACKAGE GEOMETRY/SILKSCREEN_TOP" packageHeight="100" >
      <Path lineWidth="7.874" type="line" >
        <Point x="35.4331" y="-66.9291" />
        <Point x="41.3388" y="-66.9291" />
      </Path>
    </Layer>
    <Layer name="PACKAGE GEOMETRY/SILKSCREEN_TOP" packageHeight="100" >
      <Path lineWidth="7.874" type="line" >
        <Point x="35.4331" y="66.9291" />
        <Point x="41.3388" y="66.9291" />
      </Path>
    </Layer>
    <Layer name="PACKAGE GEOMETRY/SILKSCREEN_TOP" packageHeight="100" >
      <Path lineWidth="7.874" type="line" >
        <Point x="-41.3386" y="66.9291" />
        <Point x="-20.6693" y="66.9291" />
      </Path>
    </Layer>
    <Layer name="PACKAGE GEOMETRY/ASSEMBLY_TOP" packageHeight="100" >
      <Path lineWidth="3.937" type="line" >
        <Point x="-41.3385" y="-61.0236" />
        <Point x="-41.3385" y="61.0236" />
      </Path>
    </Layer>
    <Layer name="PACKAGE GEOMETRY/ASSEMBLY_TOP" packageHeight="100" >
      <Path lineWidth="3.937" type="line" >
        <Point x="41.3387" y="-61.0236" />
        <Point x="41.3387" y="61.0236" />
      </Path>
    </Layer>
    <Layer name="PACKAGE GEOMETRY/ASSEMBLY_TOP" packageHeight="100" >
      <Path lineWidth="3.937" type="line" >
        <Point x="-41.3385" y="61.0236" />
        <Point x="41.3387" y="61.0236" />
      </Path>
    </Layer>
    <Layer name="PACKAGE GEOMETRY/ASSEMBLY_TOP" packageHeight="100" >
      <Path lineWidth="3.937" type="line" >
        <Point x="-41.3385" y="-61.0236" />
        <Point x="41.3387" y="-61.0236" />
      </Path>
    </Layer>
    <Layer name="PACKAGE GEOMETRY/PASTEMASK_TOP" packageHeight="100" >
      <Path lineWidth="0" type="shape" >
        <Point x="-18.6811" y="5.9919" />
        <Point x="-18.6811" y="47.8663" />
        <Point x="-18.6416" y="48.2672" />
        <Point x="-18.5247" y="48.6527" />
        <Point x="-18.3348" y="49.008" />
        <Point x="-18.0792" y="49.3194" />
        <Point x="-17.7678" y="49.5749" />
        <Point x="-17.4126" y="49.7648" />
        <Point x="-17.0271" y="49.8818" />
        <Point x="-16.6262" y="49.9212" />
        <Point x="16.6262" y="49.9212" />
        <Point x="17.0271" y="49.8818" />
        <Point x="17.4126" y="49.7648" />
        <Point x="17.7678" y="49.5749" />
        <Point x="18.0792" y="49.3194" />
        <Point x="18.3348" y="49.008" />
        <Point x="18.5247" y="48.6527" />
        <Point x="18.6416" y="48.2672" />
        <Point x="18.6811" y="47.8663" />
        <Point x="18.6811" y="5.9919" />
        <Point x="18.6416" y="5.591" />
        <Point x="18.5247" y="5.2055" />
        <Point x="18.3348" y="4.8502" />
        <Point x="18.0792" y="4.5388" />
        <Point x="17.7678" y="4.2833" />
        <Point x="17.4126" y="4.0934" />
        <Point x="17.0271" y="3.9764" />
        <Point x="16.6262" y="3.9369" />
        <Point x="-16.6262" y="3.9369" />
        <Point x="-17.0271" y="3.9764" />
        <Point x="-17.4126" y="4.0934" />
        <Point x="-17.7678" y="4.2833" />
        <Point x="-18.0792" y="4.5388" />
        <Point x="-18.3348" y="4.8502" />
        <Point x="-18.5247" y="5.2055" />
        <Point x="-18.6416" y="5.591" />
        <Point x="-18.6811" y="5.9919" />
      </Path>
    </Layer>
    <Layer name="PACKAGE GEOMETRY/PASTEMASK_TOP" packageHeight="100" >
      <Path lineWidth="0" type="shape" >
        <Point x="-18.6811" y="-47.8663" />
        <Point x="-18.6811" y="-5.9919" />
        <Point x="-18.6416" y="-5.591" />
        <Point x="-18.5247" y="-5.2055" />
        <Point x="-18.3348" y="-4.8502" />
        <Point x="-18.0792" y="-4.5388" />
        <Point x="-17.7678" y="-4.2833" />
        <Point x="-17.4126" y="-4.0934" />
        <Point x="-17.0271" y="-3.9764" />
        <Point x="-16.6262" y="-3.9369" />
        <Point x="16.6262" y="-3.9369" />
        <Point x="17.0271" y="-3.9764" />
        <Point x="17.4126" y="-4.0934" />
        <Point x="17.7678" y="-4.2833" />
        <Point x="18.0792" y="-4.5388" />
        <Point x="18.3348" y="-4.8502" />
        <Point x="18.5247" y="-5.2055" />
        <Point x="18.6416" y="-5.591" />
        <Point x="18.6811" y="-5.9919" />
        <Point x="18.6811" y="-47.8663" />
        <Point x="18.6416" y="-48.2672" />
        <Point x="18.5247" y="-48.6527" />
        <Point x="18.3348" y="-49.008" />
        <Point x="18.0792" y="-49.3194" />
        <Point x="17.7678" y="-49.5749" />
        <Point x="17.4126" y="-49.7648" />
        <Point x="17.0271" y="-49.8818" />
        <Point x="16.6262" y="-49.9212" />
        <Point x="-16.6262" y="-49.9212" />
        <Point x="-17.0271" y="-49.8818" />
        <Point x="-17.4126" y="-49.7648" />
        <Point x="-17.7678" y="-49.5749" />
        <Point x="-18.0792" y="-49.3194" />
        <Point x="-18.3348" y="-49.008" />
        <Point x="-18.5247" y="-48.6527" />
        <Point x="-18.6416" y="-48.2672" />
        <Point x="-18.6811" y="-47.8663" />
      </Path>
    </Layer>
    <Layer name="PACKAGE GEOMETRY/ASSEMBLY_TOP" packageHeight="100" >
      <Label layer="PACKAGE GEOMETRY/ASSEMBLY_TOP" textBlock="3" angle="0" x="-35" y="-55" text=".Designator" justify="center" />
    </Layer>
    <Layer name="PACKAGE GEOMETRY/SILKSCREEN_TOP" packageHeight="100" >
      <Label layer="PACKAGE GEOMETRY/SILKSCREEN_TOP" textBlock="3" angle="0" x="-42" y="86" text="Designator9" justify="center" />
    </Layer>
    <Layer name="PACKAGE GEOMETRY/ASSEMBLY_TOP" packageHeight="100" >
      <Circle type="line"  lineWidth="3.937" originX="-23.622" originY="44.2913" radius="7.874" > 
    </Layer>
    <Layer name="REF DES/SILKSCREEN_TOP" packageHeight="100" >
      <Label layer="REF DES/SILKSCREEN_TOP" textBlock="3" angle="0" x="0" y="-25" text="Ref" justify="center" />
    </Layer>
    <Layer name="DEVICE TYPE/SILKSCREEN_TOP" packageHeight="100" >
      <Label layer="DEVICE TYPE/SILKSCREEN_TOP" textBlock="3" angle="0" x="0" y="-25" text="Dev" justify="center" />
    </Layer>
    <Layer name="USER PART NUMBER/SILKSCREEN_TOP" packageHeight="100" >
      <Label layer="USER PART NUMBER/SILKSCREEN_TOP" textBlock="3" angle="0" x="0" y="-25" text="PN" justify="center" />
    </Layer>
    <Layer name="DEVICE TYPE/ASSEMBLY_TOP" packageHeight="100" >
      <Label layer="DEVICE TYPE/ASSEMBLY_TOP" textBlock="3" angle="0" x="0" y="-25" text="DEV" justify="center" />
    </Layer>
    <Layer name="COMPONENT VALUE/SILKSCREEN_TOP" packageHeight="100" >
      <Label layer="COMPONENT VALUE/SILKSCREEN_TOP" textBlock="3" angle="0" x="0" y="-25" text="VAL" justify="center" />
    </Layer>
    <Layer name="TOLERANCE/SILKSCREEN_TOP" packageHeight="100" >
      <Label layer="TOLERANCE/SILKSCREEN_TOP" textBlock="3" angle="0" x="0" y="-25" text="TOL" justify="center" />
    </Layer>
  </Layers>
</Footprint>
