<Footprint name="XTAL_ABLS2_ABR-L" >
  <Units type="mils" precision="3" />
  <Extents minX="-2362.5" minY="-2185" width="3960.24798583984" height="3651.5" />
  <Padstack name="RX172Y30D0T" type="single" > 
    <Layers>
      <Layer name="TOP" >
        <Pad shape="rectangle" width="172" height="30" /> 
      </Layer>
      <Layer name="SOLDERMASK_TOP" >
        <Pad shape="rectangle" width="172" height="30" /> 
      </Layer>
      <Layer name="PASTEMASK_TOP" >
        <Pad shape="rectangle" width="172" height="30" /> 
      </Layer>
    </Layers>
  </Padstack>

  <Padstack name="RX172Y30D0T" type="single" > 
    <Layers>
      <Layer name="TOP" >
        <Pad shape="rectangle" width="172" height="30" /> 
      </Layer>
      <Layer name="SOLDERMASK_TOP" >
        <Pad shape="rectangle" width="172" height="30" /> 
      </Layer>
      <Layer name="PASTEMASK_TOP" >
        <Pad shape="rectangle" width="172" height="30" /> 
      </Layer>
    </Layers>
  </Padstack>
  <TextBlocks>
    <TextBlock name="17" width="6.25" height="25" lineSpacing="25" characterSpacing="6.25" /> 
  </TextBlocks>

  <Pins>
    <Pin number="1" padName="RX172Y30D0T" originX="-148" originY="0" rotation="0" isMechanical="no" textBlockName="17" />
    <Pin number="2" padName="RX172Y30D0T" originX="148" originY="0" rotation="180" isMechanical="no" textBlockName="17" />
  </Pins>
  <Vias>
  </Vias>
  <Layers>
    <Layer name="PACKAGE GEOMETRY/SILKSCREEN_TOP" packageHeight="160" >
      <Path lineWidth="6" type="line" >
        <Point x="-241.874" y="98" />
        <Point x="241.874" y="98" />
      </Path>
    </Layer>
    <Layer name="PACKAGE GEOMETRY/SILKSCREEN_TOP" packageHeight="160" >
      <Path lineWidth="6" type="line" >
        <Point x="-241.874" y="-98" />
        <Point x="241.874" y="-98" />
      </Path>
    </Layer>
    <Layer name="PACKAGE GEOMETRY/SILKSCREEN_TOP" packageHeight="160" >
      <Path lineWidth="6" type="line" >
        <Point x="-241.874" y="-98" />
        <Point x="-241.874" y="-25.4695" />
      </Path>
    </Layer>
    <Layer name="PACKAGE GEOMETRY/SILKSCREEN_TOP" packageHeight="160" >
      <Path lineWidth="6" type="line" >
        <Point x="241.874" y="-98" />
        <Point x="241.874" y="-25.4695" />
      </Path>
    </Layer>
    <Layer name="PACKAGE GEOMETRY/ASSEMBLY_TOP" packageHeight="160" >
      <Path lineWidth="6" type="line" >
        <Point x="-228" y="98" />
        <Point x="-228" y="-98" />
      </Path>
    </Layer>
    <Layer name="PACKAGE GEOMETRY/ASSEMBLY_TOP" packageHeight="160" >
      <Path lineWidth="6" type="line" >
        <Point x="-228" y="-98" />
        <Point x="228" y="-98" />
      </Path>
    </Layer>
    <Layer name="PACKAGE GEOMETRY/ASSEMBLY_TOP" packageHeight="160" >
      <Path lineWidth="6" type="line" >
        <Point x="228" y="-98" />
        <Point x="228" y="98" />
      </Path>
    </Layer>
    <Layer name="PACKAGE GEOMETRY/ASSEMBLY_TOP" packageHeight="160" >
      <Path lineWidth="6" type="line" >
        <Point x="228" y="98" />
        <Point x="-228" y="98" />
      </Path>
    </Layer>
    <Layer name="PACKAGE GEOMETRY/PLACE_BOUND_TOP" packageHeight="160" packageHeightMin="0">
      <Path lineWidth="6" type="shape" >
        <Point x="-235.9685" y="-98" />
        <Point x="-235.9685" y="98" />
        <Point x="235.9685" y="98" />
        <Point x="235.9685" y="-98" />
        <Point x="-235.9685" y="-98" />
      </Path>
    </Layer>
    <Layer name="REF DES/SILKSCREEN_TOP" packageHeight="160" >
      <Label layer="REF DES/SILKSCREEN_TOP" textBlock="3" angle="0" x="0" y="-25" text="Ref" justify="center" />
    </Layer>
    <Layer name="REF DES/ASSEMBLY_TOP" packageHeight="160" >
      <Label layer="REF DES/ASSEMBLY_TOP" textBlock="3" angle="0" x="0" y="-25" text="Ref" justify="center" />
    </Layer>
    <Layer name="DEVICE TYPE/SILKSCREEN_TOP" packageHeight="160" >
      <Label layer="DEVICE TYPE/SILKSCREEN_TOP" textBlock="3" angle="0" x="0" y="-25" text="Dev" justify="center" />
    </Layer>
    <Layer name="PACKAGE GEOMETRY/SILKSCREEN_TOP" packageHeight="160" >
      <Path lineWidth="6" type="line" >
        <Point x="-241.874" y="25.4695" />
        <Point x="-241.874" y="98" />
      </Path>
    </Layer>
    <Layer name="PACKAGE GEOMETRY/SILKSCREEN_TOP" packageHeight="160" >
      <Path lineWidth="6" type="line" >
        <Point x="241.874" y="25.4695" />
        <Point x="241.874" y="98" />
      </Path>
    </Layer>
  </Layers>
</Footprint>
