<Footprint name="XTAL_ABLS2_ABR" >
  <Units type="mils" precision="3" />
  <Extents minX="-2362.5" minY="-2186" width="4008.86999511719" height="3652.5" />
  <Padstack name="RX180Y32D0T" type="single" > 
    <Layers>
      <Layer name="TOP" >
        <Pad shape="rectangle" width="180" height="32" /> 
      </Layer>
      <Layer name="SOLDERMASK_TOP" >
        <Pad shape="rectangle" width="180" height="32" /> 
      </Layer>
      <Layer name="PASTEMASK_TOP" >
        <Pad shape="rectangle" width="180" height="32" /> 
      </Layer>
    </Layers>
  </Padstack>

  <Padstack name="RX180Y32D0T" type="single" > 
    <Layers>
      <Layer name="TOP" >
        <Pad shape="rectangle" width="180" height="32" /> 
      </Layer>
      <Layer name="SOLDERMASK_TOP" >
        <Pad shape="rectangle" width="180" height="32" /> 
      </Layer>
      <Layer name="PASTEMASK_TOP" >
        <Pad shape="rectangle" width="180" height="32" /> 
      </Layer>
    </Layers>
  </Padstack>
  <TextBlocks>
    <TextBlock name="17" width="6.25" height="25" lineSpacing="25" characterSpacing="6.25" /> 
  </TextBlocks>

  <Pins>
    <Pin number="1" padName="RX180Y32D0T" originX="-152" originY="0" rotation="0" isMechanical="no" textBlockName="17" />
    <Pin number="2" padName="RX180Y32D0T" originX="152" originY="0" rotation="180" isMechanical="no" textBlockName="17" />
  </Pins>
  <Vias>
  </Vias>
  <Layers>
    <Layer name="PACKAGE GEOMETRY/SILKSCREEN_TOP" packageHeight="160" >
      <Path lineWidth="6" type="line" >
        <Point x="-249.874" y="98" />
        <Point x="249.874" y="98" />
      </Path>
    </Layer>
    <Layer name="PACKAGE GEOMETRY/SILKSCREEN_TOP" packageHeight="160" >
      <Path lineWidth="6" type="line" >
        <Point x="-249.874" y="-98" />
        <Point x="249.874" y="-98" />
      </Path>
    </Layer>
    <Layer name="PACKAGE GEOMETRY/SILKSCREEN_TOP" packageHeight="160" >
      <Path lineWidth="6" type="line" >
        <Point x="-249.874" y="-98" />
        <Point x="-249.874" y="-22.3254" />
      </Path>
    </Layer>
    <Layer name="PACKAGE GEOMETRY/SILKSCREEN_TOP" packageHeight="160" >
      <Path lineWidth="6" type="line" >
        <Point x="249.874" y="-98" />
        <Point x="249.874" y="-22.3254" />
      </Path>
    </Layer>
    <Layer name="PACKAGE GEOMETRY/ASSEMBLY_TOP" packageHeight="160" >
      <Path lineWidth="0" type="line" >
        <Point x="-228" y="98" />
        <Point x="-228" y="-98" />
      </Path>
    </Layer>
    <Layer name="PACKAGE GEOMETRY/ASSEMBLY_TOP" packageHeight="160" >
      <Path lineWidth="0" type="line" >
        <Point x="-228" y="-98" />
        <Point x="228" y="-98" />
      </Path>
    </Layer>
    <Layer name="PACKAGE GEOMETRY/ASSEMBLY_TOP" packageHeight="160" >
      <Path lineWidth="0" type="line" >
        <Point x="228" y="-98" />
        <Point x="228" y="98" />
      </Path>
    </Layer>
    <Layer name="PACKAGE GEOMETRY/ASSEMBLY_TOP" packageHeight="160" >
      <Path lineWidth="0" type="line" >
        <Point x="228" y="98" />
        <Point x="-228" y="98" />
      </Path>
    </Layer>
    <Layer name="PACKAGE GEOMETRY/PLACE_BOUND_TOP" packageHeight="160" packageHeightMin="0">
      <Path lineWidth="0" type="shape" >
        <Point x="-251.8425" y="-98" />
        <Point x="-251.8425" y="98" />
        <Point x="251.8425" y="98" />
        <Point x="251.8425" y="-98" />
        <Point x="-251.8425" y="-98" />
      </Path>
    </Layer>
    <Layer name="REF DES/SILKSCREEN_TOP" packageHeight="160" >
      <Label layer="REF DES/SILKSCREEN_TOP" textBlock="3" angle="0" x="0" y="-25" text="Ref" justify="center" />
    </Layer>
    <Layer name="REF DES/ASSEMBLY_TOP" packageHeight="160" >
      <Label layer="REF DES/ASSEMBLY_TOP" textBlock="3" angle="0" x="0" y="-25" text="Ref" justify="center" />
    </Layer>
    <Layer name="DEVICE TYPE/SILKSCREEN_TOP" packageHeight="160" >
      <Label layer="DEVICE TYPE/SILKSCREEN_TOP" textBlock="3" angle="0" x="0" y="-25" text="Dev" justify="center" />
    </Layer>
    <Layer name="PACKAGE GEOMETRY/SILKSCREEN_TOP" packageHeight="160" >
      <Path lineWidth="6" type="line" >
        <Point x="-249.874" y="22.3254" />
        <Point x="-249.874" y="98" />
      </Path>
    </Layer>
    <Layer name="PACKAGE GEOMETRY/SILKSCREEN_TOP" packageHeight="160" >
      <Path lineWidth="6" type="line" >
        <Point x="249.874" y="22.3254" />
        <Point x="249.874" y="98" />
      </Path>
    </Layer>
  </Layers>
</Footprint>
