<Footprint name="XTAL_AB38T_ABR" >
  <Units type="mils" precision="3" />
  <Extents minX="-2353.5" minY="-2488" width="3833" height="3676" />
  <Padstack name="RX39Y44D24P" type="through-hole" > 
    <Hole plating="plated" >
      <Drill figure="circle" diameter="24" width="24" height="24" />
    </Hole>
    <Symbol figure="Triangle" diameter="40" width="40" height="40" drillChars="X" />
    <Layers>
      <Layer name="TOP" >
        <Pad shape="rectangle" width="39" height="44" /> 
      </Layer>
      <Layer name="SOLDERMASK_TOP" >
        <Pad shape="rectangle" width="39" height="44" /> 
      </Layer>
      <Layer name="BOTTOM" >
        <Pad shape="rectangle" width="39" height="44" /> 
      </Layer>
      <Layer name="SOLDERMASK_BOTTOM" >
        <Pad shape="rectangle" width="39" height="44" /> 
      </Layer>
      <Layer name="default_internal" >
        <Pad shape="rectangle" width="39" height="44" /> 
      </Layer>
    </Layers>
  </Padstack>
  <Padstack name="OX39Y44D24P" type="through-hole" > 
    <Hole plating="plated" >
      <Drill figure="circle" diameter="24" width="24" height="24" />
    </Hole>
    <Symbol figure="Triangle" diameter="40" width="40" height="40" drillChars="X" />
    <Layers>
      <Layer name="TOP" >
        <Pad shape="oblong" width="39" height="44" /> 
      </Layer>
      <Layer name="SOLDERMASK_TOP" >
        <Pad shape="oblong" width="39" height="44" /> 
      </Layer>
      <Layer name="BOTTOM" >
        <Pad shape="oblong" width="39" height="44" /> 
      </Layer>
      <Layer name="SOLDERMASK_BOTTOM" >
        <Pad shape="oblong" width="39" height="44" /> 
      </Layer>
      <Layer name="default_internal" >
        <Pad shape="oblong" width="39" height="44" /> 
      </Layer>
    </Layers>
  </Padstack>

  <Padstack name="RX39Y44D24P" type="through-hole" > 
    <Hole plating="plated" >
      <Drill figure="circle" diameter="24" width="24" height="24" />
    </Hole>
    <Symbol figure="Triangle" diameter="40" width="40" height="40" drillChars="X" />
    <Layers>
      <Layer name="TOP" >
        <Pad shape="rectangle" width="39" height="44" /> 
      </Layer>
      <Layer name="SOLDERMASK_TOP" >
        <Pad shape="rectangle" width="39" height="44" /> 
      </Layer>
      <Layer name="BOTTOM" >
        <Pad shape="rectangle" width="39" height="44" /> 
      </Layer>
      <Layer name="SOLDERMASK_BOTTOM" >
        <Pad shape="rectangle" width="39" height="44" /> 
      </Layer>
      <Layer name="default_internal" >
        <Pad shape="rectangle" width="39" height="44" /> 
      </Layer>
    </Layers>
  </Padstack>
  <Padstack name="OX39Y44D24P" type="through-hole" > 
    <Hole plating="plated" >
      <Drill figure="circle" diameter="24" width="24" height="24" />
    </Hole>
    <Symbol figure="Triangle" diameter="40" width="40" height="40" drillChars="X" />
    <Layers>
      <Layer name="TOP" >
        <Pad shape="oblong" width="39" height="44" /> 
      </Layer>
      <Layer name="SOLDERMASK_TOP" >
        <Pad shape="oblong" width="39" height="44" /> 
      </Layer>
      <Layer name="BOTTOM" >
        <Pad shape="oblong" width="39" height="44" /> 
      </Layer>
      <Layer name="SOLDERMASK_BOTTOM" >
        <Pad shape="oblong" width="39" height="44" /> 
      </Layer>
      <Layer name="default_internal" >
        <Pad shape="oblong" width="39" height="44" /> 
      </Layer>
    </Layers>
  </Padstack>
  <TextBlocks>
    <TextBlock name="17" width="6.25" height="25" lineSpacing="25" characterSpacing="6.25" /> 
  </TextBlocks>

  <Pins>
    <Pin number="1" padName="RX39Y44D24P" originX="0" originY="0" rotation="0" isMechanical="no" textBlockName="17" />
    <Pin number="2" padName="OX39Y44D24P" originX="43" originY="0" rotation="180" isMechanical="no" textBlockName="17" />
  </Pins>
  <Vias>
  </Vias>
  <Layers>
    <Layer name="PACKAGE GEOMETRY/PLACE_BOUND_TOP" packageHeight="330" packageHeightMin="0">
      <Path lineWidth="0" type="shape" >
        <Point x="-8.5588" y="73" />
        <Point x="51.5588" y="73" />
        <Point x="94.5" y="30.0588" />
        <Point x="94.5" y="-30.0588" />
        <Point x="51.5588" y="-73" />
        <Point x="-8.5588" y="-73" />
        <Point x="-51.5" y="-30.0588" />
        <Point x="-51.5" y="30.0588" />
        <Point x="-8.5588" y="73" />
      </Path>
    </Layer>
    <Layer name="MANUFACTURING/NO_PROBE_TOP" packageHeight="330" >
      <Path lineWidth="0" type="shape" >
        <Point x="-166.5" y="-188" />
        <Point x="-166.5" y="188" />
        <Point x="209.5" y="188" />
        <Point x="209.5" y="-188" />
        <Point x="-166.5" y="-188" />
      </Path>
    </Layer>
    <Layer name="REF DES/SILKSCREEN_TOP" packageHeight="330" >
      <Label layer="REF DES/SILKSCREEN_TOP" textBlock="3" angle="0" x="21.5" y="-25" text="Ref" justify="center" />
    </Layer>
    <Layer name="DEVICE TYPE/SILKSCREEN_TOP" packageHeight="330" >
      <Label layer="DEVICE TYPE/SILKSCREEN_TOP" textBlock="3" angle="0" x="21.5" y="-25" text="Dev" justify="center" />
    </Layer>
    <Layer name="USER PART NUMBER/SILKSCREEN_TOP" packageHeight="330" >
      <Label layer="USER PART NUMBER/SILKSCREEN_TOP" textBlock="3" angle="0" x="21.5" y="-25" text="PN" justify="center" />
    </Layer>
    <Layer name="DEVICE TYPE/ASSEMBLY_TOP" packageHeight="330" >
      <Label layer="DEVICE TYPE/ASSEMBLY_TOP" textBlock="3" angle="0" x="21.5" y="-25" text="DEV" justify="center" />
    </Layer>
    <Layer name="COMPONENT VALUE/SILKSCREEN_TOP" packageHeight="330" >
      <Label layer="COMPONENT VALUE/SILKSCREEN_TOP" textBlock="3" angle="0" x="21.5" y="-25" text="VAL" justify="center" />
    </Layer>
    <Layer name="TOLERANCE/SILKSCREEN_TOP" packageHeight="330" >
      <Label layer="TOLERANCE/SILKSCREEN_TOP" textBlock="3" angle="0" x="21.5" y="-25" text="TOL" justify="center" />
    </Layer>
    <Layer name="REF DES/ASSEMBLY_TOP" packageHeight="330" >
      <Label layer="REF DES/ASSEMBLY_TOP" textBlock="3" angle="0" x="21.5" y="-25" text="Ref" justify="center" />
    </Layer>
    <Layer name="PACKAGE GEOMETRY/ASSEMBLY_TOP" packageHeight="330" >
      <Path lineWidth="0" type="line" >
        <Point x="-101.5" y="0" />
        <Point x="-51.5" y="0" />
      </Path>
    </Layer>
    <Layer name="PACKAGE GEOMETRY/ASSEMBLY_TOP" packageHeight="330" >
      <Path lineWidth="0" type="line" >
        <Point x="-76.5" y="25" />
        <Point x="-76.5" y="-25" />
      </Path>
    </Layer>
    <Layer name="PACKAGE GEOMETRY/SILKSCREEN_TOP" packageHeight="330" >
      <Path lineWidth="6" type="line" >
        <Point x="-101.5" y="0" />
        <Point x="-51.5" y="0" />
      </Path>
    </Layer>
    <Layer name="PACKAGE GEOMETRY/SILKSCREEN_TOP" packageHeight="330" >
      <Path lineWidth="6" type="line" >
        <Point x="-76.5" y="25" />
        <Point x="-76.5" y="-25" />
      </Path>
    </Layer>
    <Layer name="PACKAGE GEOMETRY/ASSEMBLY_TOP" packageHeight="330" >
      <Circle type="line"  lineWidth="0" originX="21.5" originY="0" radius="63" > 
    </Layer>
    <Layer name="PACKAGE GEOMETRY/SILKSCREEN_TOP" packageHeight="330" >
      <Circle type="line"  lineWidth="6" originX="21.5" originY="0" radius="68" > 
    </Layer>
  </Layers>
</Footprint>
