<Footprint name="XTAL_0MAAE-T_TXC-M" >
  <Units type="mils" precision="3" />
  <Extents minX="-2362.5" minY="-2464.5" width="4305.5" height="4137.5" />
  <Padstack name="RX205Y59D0T" type="single" > 
    <Layers>
      <Layer name="TOP" >
        <Pad shape="rectangle" width="59" height="205" /> 
      </Layer>
      <Layer name="PASTEMASK_TOP" >
        <Pad shape="rectangle" width="59" height="205" /> 
      </Layer>
      <Layer name="SOLDERMASK_TOP" >
        <Pad shape="rectangle" width="59" height="205" /> 
      </Layer>
    </Layers>
  </Padstack>

  <Padstack name="RX205Y59D0T" type="single" > 
    <Layers>
      <Layer name="TOP" >
        <Pad shape="rectangle" width="59" height="205" /> 
      </Layer>
      <Layer name="PASTEMASK_TOP" >
        <Pad shape="rectangle" width="59" height="205" /> 
      </Layer>
      <Layer name="SOLDERMASK_TOP" >
        <Pad shape="rectangle" width="59" height="205" /> 
      </Layer>
    </Layers>
  </Padstack>
  <TextBlocks>
    <TextBlock name="17" width="6.25" height="25" lineSpacing="25" characterSpacing="6.25" /> 
  </TextBlocks>

  <Pins>
    <Pin number="1" padName="RX205Y59D0T" originX="-185.5" originY="0" rotation="90" isMechanical="no" textBlockName="17" />
    <Pin number="2" padName="RX205Y59D0T" originX="185.5" originY="0" rotation="90" isMechanical="no" textBlockName="17" />
  </Pins>
  <Vias>
  </Vias>
  <Layers>
    <Layer name="VIA KEEPOUT/TOP" packageHeight="169" >
      <Path lineWidth="6" type="shape" >
        <Point x="-258" y="92.5" />
        <Point x="-258" y="21.5" />
        <Point x="-81" y="21.5" />
        <Point x="-81" y="-21.5" />
        <Point x="-258" y="-21.5" />
        <Point x="-258" y="-92.5" />
        <Point x="258" y="-92.5" />
        <Point x="258" y="-21.5" />
        <Point x="81" y="-21.5" />
        <Point x="81" y="21.5" />
        <Point x="258" y="21.5" />
        <Point x="258" y="92.5" />
        <Point x="-258" y="92.5" />
      </Path>
    </Layer>
    <Layer name="PACKAGE GEOMETRY/PLACE_BOUND_TOP" packageHeight="169" packageHeightMin="0">
      <Path lineWidth="6" type="shape" >
        <Point x="-308" y="-114.5" />
        <Point x="-308" y="114.5" />
        <Point x="308" y="114.5" />
        <Point x="308" y="-114.5" />
        <Point x="-308" y="-114.5" />
      </Path>
    </Layer>
    <Layer name="MANUFACTURING/NO_PROBE_TOP" packageHeight="169" >
      <Path lineWidth="6" type="shape" >
        <Point x="-323" y="-109.5" />
        <Point x="-323" y="109.5" />
        <Point x="323" y="109.5" />
        <Point x="323" y="-109.5" />
        <Point x="-323" y="-109.5" />
      </Path>
    </Layer>
    <Layer name="REF DES/SILKSCREEN_TOP" packageHeight="169" >
      <Label layer="REF DES/SILKSCREEN_TOP" textBlock="3" angle="0" x="0" y="-25" text="Ref" justify="center" />
    </Layer>
    <Layer name="DEVICE TYPE/SILKSCREEN_TOP" packageHeight="169" >
      <Label layer="DEVICE TYPE/SILKSCREEN_TOP" textBlock="3" angle="0" x="0" y="-25" text="Dev" justify="center" />
    </Layer>
    <Layer name="USER PART NUMBER/SILKSCREEN_TOP" packageHeight="169" >
      <Label layer="USER PART NUMBER/SILKSCREEN_TOP" textBlock="3" angle="0" x="0" y="-25" text="PN" justify="center" />
    </Layer>
    <Layer name="DEVICE TYPE/ASSEMBLY_TOP" packageHeight="169" >
      <Label layer="DEVICE TYPE/ASSEMBLY_TOP" textBlock="3" angle="0" x="0" y="-25" text="DEV" justify="center" />
    </Layer>
    <Layer name="COMPONENT VALUE/SILKSCREEN_TOP" packageHeight="169" >
      <Label layer="COMPONENT VALUE/SILKSCREEN_TOP" textBlock="3" angle="0" x="0" y="-25" text="VAL" justify="center" />
    </Layer>
    <Layer name="TOLERANCE/SILKSCREEN_TOP" packageHeight="169" >
      <Label layer="TOLERANCE/SILKSCREEN_TOP" textBlock="3" angle="0" x="0" y="-25" text="TOL" justify="center" />
    </Layer>
    <Layer name="REF DES/ASSEMBLY_TOP" packageHeight="169" >
      <Label layer="REF DES/ASSEMBLY_TOP" textBlock="3" angle="0" x="0" y="-25" text="Ref" justify="center" />
    </Layer>
    <Layer name="PACKAGE GEOMETRY/ASSEMBLY_TOP" packageHeight="169" >
      <Circle type="line"  lineWidth="0" originX="-255" originY="0" radius="3" > 
    </Layer>
    <Layer name="PACKAGE GEOMETRY/SILKSCREEN_TOP" packageHeight="169" >
      <Circle type="line"  lineWidth="6" originX="-310" originY="0" radius="3" > 
    </Layer>
    <Layer name="PACKAGE GEOMETRY/ASSEMBLY_TOP" packageHeight="169" >
      <Arc lineWidth="0" centerX="-131" centerY="0" x1="-131" y1="94.5" x2="-131" y2="-94.5" startAngle="90" stopAngle="270" /> 
    </Layer>
    <Layer name="PACKAGE GEOMETRY/ASSEMBLY_TOP" packageHeight="169" >
      <Path lineWidth="0" type="line" >
        <Point x="-131" y="94.5" />
        <Point x="131" y="94.5" />
      </Path>
    </Layer>
    <Layer name="PACKAGE GEOMETRY/ASSEMBLY_TOP" packageHeight="169" >
      <Arc lineWidth="0" centerX="131" centerY="0" x1="131" y1="-94.5" x2="131" y2="94.5" startAngle="270" stopAngle="450" /> 
    </Layer>
    <Layer name="PACKAGE GEOMETRY/ASSEMBLY_TOP" packageHeight="169" >
      <Path lineWidth="0" type="line" >
        <Point x="131" y="-94.5" />
        <Point x="-131" y="-94.5" />
      </Path>
    </Layer>
    <Layer name="PACKAGE GEOMETRY/SILKSCREEN_TOP" packageHeight="169" >
      <Arc lineWidth="6" centerX="-131" centerY="0" x1="-131" y1="99.5" x2="-220.919350994799" y2="42.6000037168324" startAngle="90" stopAngle="154.6504" /> 
    </Layer>
    <Layer name="PACKAGE GEOMETRY/SILKSCREEN_TOP" packageHeight="169" >
      <Path lineWidth="6" type="line" >
        <Point x="-136" y="99.5" />
        <Point x="136" y="99.5" />
      </Path>
    </Layer>
    <Layer name="PACKAGE GEOMETRY/SILKSCREEN_TOP" packageHeight="169" >
      <Arc lineWidth="6" centerX="131" centerY="0" x1="131" y1="-99.5" x2="220.919362339863" y2="-42.5999797698592" startAngle="270" stopAngle="334.6504" /> 
    </Layer>
    <Layer name="PACKAGE GEOMETRY/SILKSCREEN_TOP" packageHeight="169" >
      <Path lineWidth="6" type="line" >
        <Point x="136" y="-99.5" />
        <Point x="-136" y="-99.5" />
      </Path>
    </Layer>
    <Layer name="PACKAGE GEOMETRY/ASSEMBLY_TOP" packageHeight="169" >
      <Arc lineWidth="0" centerX="-131" centerY="0" x1="-131" y1="74.5" x2="-131" y2="-74.5" startAngle="90" stopAngle="270" /> 
    </Layer>
    <Layer name="PACKAGE GEOMETRY/ASSEMBLY_TOP" packageHeight="169" >
      <Path lineWidth="0" type="line" >
        <Point x="-131" y="74.5" />
        <Point x="131" y="74.5" />
      </Path>
    </Layer>
    <Layer name="PACKAGE GEOMETRY/ASSEMBLY_TOP" packageHeight="169" >
      <Arc lineWidth="0" centerX="131" centerY="0" x1="131" y1="-74.5" x2="131" y2="74.5" startAngle="270" stopAngle="450" /> 
    </Layer>
    <Layer name="PACKAGE GEOMETRY/ASSEMBLY_TOP" packageHeight="169" >
      <Path lineWidth="0" type="line" >
        <Point x="131" y="-74.5" />
        <Point x="-131" y="-74.5" />
      </Path>
    </Layer>
    <Layer name="PACKAGE GEOMETRY/SILKSCREEN_TOP" packageHeight="169" >
      <Arc lineWidth="6" centerX="-131" centerY="0" x1="-220.9194" y1="-42.6" x2="-131.000158990717" y2="-99.499999999873" startAngle="205.3496" stopAngle="269.9999" /> 
    </Layer>
    <Layer name="PACKAGE GEOMETRY/SILKSCREEN_TOP" packageHeight="169" >
      <Arc lineWidth="6" centerX="131" centerY="0" x1="220.9194" y1="42.6" x2="131" y2="99.5" startAngle="25.34962" stopAngle="90" /> 
    </Layer>
  </Layers>
</Footprint>
