<Footprint name="CDBFR" >
  <Units type="mils" precision="3" />
  <Extents minX="-2387.5" minY="-2635.5" width="3929.5" height="4310.5" />
  <Padstack name="RX32Y38D0T" type="single" > 
    <Layers>
      <Layer name="TOP" >
        <Pad shape="rectangle" width="32" height="38" /> 
      </Layer>
      <Layer name="PASTEMASK_TOP" >
        <Pad shape="rectangle" width="32" height="38" /> 
      </Layer>
      <Layer name="SOLDERMASK_TOP" >
        <Pad shape="rectangle" width="32" height="38" /> 
      </Layer>
    </Layers>
  </Padstack>
  <Padstack name="RX32Y38D0TSM2" type="single" > 
    <Layers>
      <Layer name="TOP" >
        <Pad shape="rectangle" width="32" height="38" /> 
      </Layer>
      <Layer name="PASTEMASK_TOP" >
        <Pad shape="rectangle" width="32" height="38" /> 
      </Layer>
      <Layer name="SOLDERMASK_TOP" >
        <Pad shape="rectangle" width="32" height="38" /> 
      </Layer>
    </Layers>
  </Padstack>

  <Padstack name="RX32Y38D0T" type="single" > 
    <Layers>
      <Layer name="TOP" >
        <Pad shape="rectangle" width="32" height="38" /> 
      </Layer>
      <Layer name="PASTEMASK_TOP" >
        <Pad shape="rectangle" width="32" height="38" /> 
      </Layer>
      <Layer name="SOLDERMASK_TOP" >
        <Pad shape="rectangle" width="32" height="38" /> 
      </Layer>
    </Layers>
  </Padstack>
  <Padstack name="RX32Y38D0TSM2" type="single" > 
    <Layers>
      <Layer name="TOP" >
        <Pad shape="rectangle" width="32" height="38" /> 
      </Layer>
      <Layer name="PASTEMASK_TOP" >
        <Pad shape="rectangle" width="32" height="38" /> 
      </Layer>
      <Layer name="SOLDERMASK_TOP" >
        <Pad shape="rectangle" width="32" height="38" /> 
      </Layer>
    </Layers>
  </Padstack>
  <TextBlocks>
    <TextBlock name="17" width="6.25" height="25" lineSpacing="25" characterSpacing="6.25" /> 
  </TextBlocks>

  <Pins>
    <Pin number="1" padName="RX32Y38D0T" originX="-47" originY="0" rotation="0" isMechanical="no" textBlockName="17" />
    <Pin number="2" padName="RX32Y38D0TSM2" originX="47" originY="0" rotation="0" isMechanical="no" textBlockName="17" />
  </Pins>
  <Vias>
  </Vias>
  <Layers>
    <Layer name="PACKAGE GEOMETRY/PLACE_BOUND_TOP" packageHeight="35" packageHeightMin="0">
      <Path lineWidth="0" type="shape" >
        <Point x="-73" y="-29" />
        <Point x="-73" y="29" />
        <Point x="-61" y="29" />
        <Point x="-61" y="35.5" />
        <Point x="61" y="35.5" />
        <Point x="61" y="29" />
        <Point x="73" y="29" />
        <Point x="73" y="-29" />
        <Point x="61" y="-29" />
        <Point x="61" y="-35.5" />
        <Point x="-61" y="-35.5" />
        <Point x="-61" y="-29" />
        <Point x="-73" y="-29" />
      </Path>
    </Layer>
    <Layer name="MANUFACTURING/NO_PROBE_TOP" packageHeight="35" >
      <Path lineWidth="0" type="shape" >
        <Point x="-78" y="-40.5" />
        <Point x="-78" y="40.5" />
        <Point x="78" y="40.5" />
        <Point x="78" y="-40.5" />
        <Point x="-78" y="-40.5" />
      </Path>
    </Layer>
    <Layer name="REF DES/SILKSCREEN_TOP" packageHeight="35" >
      <Label layer="REF DES/SILKSCREEN_TOP" textBlock="3" angle="0" x="0" y="-25" text="Ref" justify="center" />
    </Layer>
    <Layer name="DEVICE TYPE/SILKSCREEN_TOP" packageHeight="35" >
      <Label layer="DEVICE TYPE/SILKSCREEN_TOP" textBlock="3" angle="0" x="0" y="-25" text="Dev" justify="center" />
    </Layer>
    <Layer name="USER PART NUMBER/SILKSCREEN_TOP" packageHeight="35" >
      <Label layer="USER PART NUMBER/SILKSCREEN_TOP" textBlock="3" angle="0" x="0" y="-25" text="PN" justify="center" />
    </Layer>
    <Layer name="DEVICE TYPE/ASSEMBLY_TOP" packageHeight="35" >
      <Label layer="DEVICE TYPE/ASSEMBLY_TOP" textBlock="3" angle="0" x="0" y="-25" text="DEV" justify="center" />
    </Layer>
    <Layer name="COMPONENT VALUE/SILKSCREEN_TOP" packageHeight="35" >
      <Label layer="COMPONENT VALUE/SILKSCREEN_TOP" textBlock="3" angle="0" x="0" y="-25" text="VAL" justify="center" />
    </Layer>
    <Layer name="TOLERANCE/SILKSCREEN_TOP" packageHeight="35" >
      <Label layer="TOLERANCE/SILKSCREEN_TOP" textBlock="3" angle="0" x="0" y="-25" text="TOL" justify="center" />
    </Layer>
    <Layer name="REF DES/ASSEMBLY_TOP" packageHeight="35" >
      <Label layer="REF DES/ASSEMBLY_TOP" textBlock="3" angle="0" x="0" y="-25" text="Ref" justify="center" />
    </Layer>
    <Layer name="PACKAGE GEOMETRY/ASSEMBLY_TOP" packageHeight="35" >
      <Circle type="line"  lineWidth="6" originX="-31" originY="0" radius="0" > 
    </Layer>
    <Layer name="PACKAGE GEOMETRY/SILKSCREEN_TOP" packageHeight="35" >
      <Path lineWidth="6" type="line" >
        <Point x="-24.7262" y="-30.5" />
        <Point x="24.7262" y="-30.5" />
      </Path>
    </Layer>
    <Layer name="PACKAGE GEOMETRY/SILKSCREEN_TOP" packageHeight="35" >
      <Path lineWidth="6" type="line" >
        <Point x="24.7262" y="30.5" />
        <Point x="-24.7262" y="30.5" />
      </Path>
    </Layer>
    <Layer name="PACKAGE GEOMETRY/ASSEMBLY_TOP" packageHeight="35" >
      <Path lineWidth="0" type="line" >
        <Point x="-51" y="-25.5" />
        <Point x="51" y="-25.5" />
      </Path>
    </Layer>
    <Layer name="PACKAGE GEOMETRY/ASSEMBLY_TOP" packageHeight="35" >
      <Path lineWidth="0" type="line" >
        <Point x="51" y="-25.5" />
        <Point x="51" y="25.5" />
      </Path>
    </Layer>
    <Layer name="PACKAGE GEOMETRY/ASSEMBLY_TOP" packageHeight="35" >
      <Path lineWidth="0" type="line" >
        <Point x="51" y="25.5" />
        <Point x="-51" y="25.5" />
      </Path>
    </Layer>
    <Layer name="PACKAGE GEOMETRY/ASSEMBLY_TOP" packageHeight="35" >
      <Path lineWidth="0" type="line" >
        <Point x="-51" y="25.5" />
        <Point x="-51" y="-25.5" />
      </Path>
    </Layer>
    <Layer name="PACKAGE GEOMETRY/ASSEMBLY_TOP" packageHeight="35" >
      <Arc lineWidth="0" centerX="0" centerY="25.5" x1="-12" y1="25.5" x2="12" y2="25.5" startAngle="180" stopAngle="360" /> 
    </Layer>
  </Layers>
</Footprint>
