<Footprint name="DIODE_DO219AB_VIS-M" >
  <Units type="mils" precision="3" />
  <Extents minX="-2350" minY="-2462.5" width="3992" height="3934.5" />
  <Padstack name="RX74Y47D0T" type="single" > 
    <Layers>
      <Layer name="TOP" >
        <Pad shape="rectangle" width="47" height="74" /> 
      </Layer>
      <Layer name="PASTEMASK_TOP" >
        <Pad shape="rectangle" width="47" height="74" /> 
      </Layer>
      <Layer name="SOLDERMASK_TOP" >
        <Pad shape="rectangle" width="47" height="74" /> 
      </Layer>
    </Layers>
  </Padstack>

  <Padstack name="RX74Y47D0T" type="single" > 
    <Layers>
      <Layer name="TOP" >
        <Pad shape="rectangle" width="47" height="74" /> 
      </Layer>
      <Layer name="PASTEMASK_TOP" >
        <Pad shape="rectangle" width="47" height="74" /> 
      </Layer>
      <Layer name="SOLDERMASK_TOP" >
        <Pad shape="rectangle" width="47" height="74" /> 
      </Layer>
    </Layers>
  </Padstack>
  <TextBlocks>
    <TextBlock name="17" width="6.25" height="25" lineSpacing="25" characterSpacing="6.25" /> 
  </TextBlocks>

  <Pins>
    <Pin number="1" padName="RX74Y47D0T" originX="-50" originY="0" rotation="90" isMechanical="no" textBlockName="17" />
    <Pin number="2" padName="RX74Y47D0T" originX="50" originY="0" rotation="90" isMechanical="no" textBlockName="17" />
  </Pins>
  <Vias>
  </Vias>
  <Layers>
    <Layer name="VIA KEEPOUT/TOP" packageHeight="43" >
      <Path lineWidth="6" type="shape" >
        <Point x="-11" y="25.5" />
        <Point x="11" y="25.5" />
        <Point x="11" y="-25.5" />
        <Point x="-11" y="-25.5" />
        <Point x="-11" y="25.5" />
      </Path>
    </Layer>
    <Layer name="ROUTE KEEPOUT/TOP" packageHeight="43" >
      <Path lineWidth="6" type="shape" >
        <Point x="-11" y="25.5" />
        <Point x="11" y="25.5" />
        <Point x="11" y="-25.5" />
        <Point x="-11" y="-25.5" />
        <Point x="-11" y="25.5" />
      </Path>
    </Layer>
    <Layer name="ROUTE KEEPOUT/TOP" packageHeight="43" >
      <Path lineWidth="6" type="shape" >
        <Point x="-11" y="25.5" />
        <Point x="11" y="25.5" />
        <Point x="11" y="-25.5" />
        <Point x="-11" y="-25.5" />
        <Point x="-11" y="25.5" />
      </Path>
    </Layer>
    <Layer name="ROUTE KEEPOUT/TOP" packageHeight="43" >
      <Path lineWidth="6" type="shape" >
        <Point x="-75" y="35.5" />
        <Point x="75" y="35.5" />
        <Point x="75" y="25.5" />
        <Point x="-75" y="25.5" />
        <Point x="-75" y="35.5" />
      </Path>
    </Layer>
    <Layer name="ROUTE KEEPOUT/TOP" packageHeight="43" >
      <Path lineWidth="6" type="shape" >
        <Point x="-75" y="-25.5" />
        <Point x="75" y="-25.5" />
        <Point x="75" y="-35.5" />
        <Point x="-75" y="-35.5" />
        <Point x="-75" y="-25.5" />
      </Path>
    </Layer>
    <Layer name="PACKAGE GEOMETRY/PLACE_BOUND_TOP" packageHeight="43" packageHeightMin="0">
      <Path lineWidth="6" type="shape" >
        <Point x="-107" y="-43.5" />
        <Point x="-107" y="43.5" />
        <Point x="-97" y="43.5" />
        <Point x="-97" y="57.5" />
        <Point x="97" y="57.5" />
        <Point x="97" y="43.5" />
        <Point x="107" y="43.5" />
        <Point x="107" y="-43.5" />
        <Point x="97" y="-43.5" />
        <Point x="97" y="-57.5" />
        <Point x="-97" y="-57.5" />
        <Point x="-97" y="-43.5" />
        <Point x="-107" y="-43.5" />
      </Path>
    </Layer>
    <Layer name="MANUFACTURING/NO_PROBE_TOP" packageHeight="43" >
      <Path lineWidth="6" type="shape" >
        <Point x="-122" y="-52.5" />
        <Point x="-122" y="52.5" />
        <Point x="122" y="52.5" />
        <Point x="122" y="-52.5" />
        <Point x="-122" y="-52.5" />
      </Path>
    </Layer>
    <Layer name="REF DES/SILKSCREEN_TOP" packageHeight="43" >
      <Label layer="REF DES/SILKSCREEN_TOP" textBlock="3" angle="0" x="0" y="-25" text="Ref" justify="center" />
    </Layer>
    <Layer name="DEVICE TYPE/SILKSCREEN_TOP" packageHeight="43" >
      <Label layer="DEVICE TYPE/SILKSCREEN_TOP" textBlock="3" angle="0" x="0" y="-25" text="Dev" justify="center" />
    </Layer>
    <Layer name="USER PART NUMBER/SILKSCREEN_TOP" packageHeight="43" >
      <Label layer="USER PART NUMBER/SILKSCREEN_TOP" textBlock="3" angle="0" x="0" y="-25" text="PN" justify="center" />
    </Layer>
    <Layer name="DEVICE TYPE/ASSEMBLY_TOP" packageHeight="43" >
      <Label layer="DEVICE TYPE/ASSEMBLY_TOP" textBlock="3" angle="0" x="0" y="-25" text="DEV" justify="center" />
    </Layer>
    <Layer name="COMPONENT VALUE/SILKSCREEN_TOP" packageHeight="43" >
      <Label layer="COMPONENT VALUE/SILKSCREEN_TOP" textBlock="3" angle="0" x="0" y="-25" text="VAL" justify="center" />
    </Layer>
    <Layer name="TOLERANCE/SILKSCREEN_TOP" packageHeight="43" >
      <Label layer="TOLERANCE/SILKSCREEN_TOP" textBlock="3" angle="0" x="0" y="-25" text="TOL" justify="center" />
    </Layer>
    <Layer name="REF DES/ASSEMBLY_TOP" packageHeight="43" >
      <Label layer="REF DES/ASSEMBLY_TOP" textBlock="3" angle="0" x="0" y="-25" text="Ref" justify="center" />
    </Layer>
    <Layer name="PACKAGE GEOMETRY/ASSEMBLY_TOP" packageHeight="43" >
      <Path lineWidth="0" type="line" >
        <Point x="-97" y="0" />
        <Point x="-147" y="0" />
      </Path>
    </Layer>
    <Layer name="PACKAGE GEOMETRY/ASSEMBLY_TOP" packageHeight="43" >
      <Path lineWidth="0" type="line" >
        <Point x="-137" y="25" />
        <Point x="-137" y="-25" />
      </Path>
    </Layer>
    <Layer name="PACKAGE GEOMETRY/ASSEMBLY_TOP" packageHeight="43" >
      <Path lineWidth="0" type="line" >
        <Point x="-137" y="0" />
        <Point x="-107" y="25" />
      </Path>
    </Layer>
    <Layer name="PACKAGE GEOMETRY/ASSEMBLY_TOP" packageHeight="43" >
      <Path lineWidth="0" type="line" >
        <Point x="-137" y="0" />
        <Point x="-107" y="20" />
      </Path>
    </Layer>
    <Layer name="PACKAGE GEOMETRY/ASSEMBLY_TOP" packageHeight="43" >
      <Path lineWidth="0" type="line" >
        <Point x="-137" y="0" />
        <Point x="-107" y="15" />
      </Path>
    </Layer>
    <Layer name="PACKAGE GEOMETRY/ASSEMBLY_TOP" packageHeight="43" >
      <Path lineWidth="0" type="line" >
        <Point x="-137" y="0" />
        <Point x="-107" y="10" />
      </Path>
    </Layer>
    <Layer name="PACKAGE GEOMETRY/ASSEMBLY_TOP" packageHeight="43" >
      <Path lineWidth="0" type="line" >
        <Point x="-137" y="0" />
        <Point x="-107" y="5" />
      </Path>
    </Layer>
    <Layer name="PACKAGE GEOMETRY/ASSEMBLY_TOP" packageHeight="43" >
      <Path lineWidth="0" type="line" >
        <Point x="-137" y="0" />
        <Point x="-107" y="-25" />
      </Path>
    </Layer>
    <Layer name="PACKAGE GEOMETRY/ASSEMBLY_TOP" packageHeight="43" >
      <Path lineWidth="0" type="line" >
        <Point x="-137" y="0" />
        <Point x="-107" y="-20" />
      </Path>
    </Layer>
    <Layer name="PACKAGE GEOMETRY/ASSEMBLY_TOP" packageHeight="43" >
      <Path lineWidth="0" type="line" >
        <Point x="-137" y="0" />
        <Point x="-107" y="-15" />
      </Path>
    </Layer>
    <Layer name="PACKAGE GEOMETRY/ASSEMBLY_TOP" packageHeight="43" >
      <Path lineWidth="0" type="line" >
        <Point x="-137" y="0" />
        <Point x="-107" y="-10" />
      </Path>
    </Layer>
    <Layer name="PACKAGE GEOMETRY/ASSEMBLY_TOP" packageHeight="43" >
      <Path lineWidth="0" type="line" >
        <Point x="-137" y="0" />
        <Point x="-107" y="-5" />
      </Path>
    </Layer>
    <Layer name="PACKAGE GEOMETRY/ASSEMBLY_TOP" packageHeight="43" >
      <Path lineWidth="0" type="line" >
        <Point x="-107" y="25" />
        <Point x="-107" y="-25" />
      </Path>
    </Layer>
    <Layer name="PACKAGE GEOMETRY/SILKSCREEN_TOP" packageHeight="43" >
      <Path lineWidth="6" type="line" >
        <Point x="-100.1" y="0" />
        <Point x="-147" y="0" />
      </Path>
    </Layer>
    <Layer name="PACKAGE GEOMETRY/SILKSCREEN_TOP" packageHeight="43" >
      <Path lineWidth="6" type="line" >
        <Point x="-137" y="25" />
        <Point x="-137" y="-25" />
      </Path>
    </Layer>
    <Layer name="PACKAGE GEOMETRY/SILKSCREEN_TOP" packageHeight="43" >
      <Path lineWidth="6" type="line" >
        <Point x="-137" y="0" />
        <Point x="-107" y="25" />
      </Path>
    </Layer>
    <Layer name="PACKAGE GEOMETRY/SILKSCREEN_TOP" packageHeight="43" >
      <Path lineWidth="6" type="line" >
        <Point x="-137" y="0" />
        <Point x="-107" y="20" />
      </Path>
    </Layer>
    <Layer name="PACKAGE GEOMETRY/SILKSCREEN_TOP" packageHeight="43" >
      <Path lineWidth="6" type="line" >
        <Point x="-137" y="0" />
        <Point x="-107" y="15" />
      </Path>
    </Layer>
    <Layer name="PACKAGE GEOMETRY/SILKSCREEN_TOP" packageHeight="43" >
      <Path lineWidth="6" type="line" >
        <Point x="-137" y="0" />
        <Point x="-107" y="10" />
      </Path>
    </Layer>
    <Layer name="PACKAGE GEOMETRY/SILKSCREEN_TOP" packageHeight="43" >
      <Path lineWidth="6" type="line" >
        <Point x="-137" y="0" />
        <Point x="-107" y="5" />
      </Path>
    </Layer>
    <Layer name="PACKAGE GEOMETRY/SILKSCREEN_TOP" packageHeight="43" >
      <Path lineWidth="6" type="line" >
        <Point x="-137" y="0" />
        <Point x="-107" y="-25" />
      </Path>
    </Layer>
    <Layer name="PACKAGE GEOMETRY/SILKSCREEN_TOP" packageHeight="43" >
      <Path lineWidth="6" type="line" >
        <Point x="-137" y="0" />
        <Point x="-107" y="-20" />
      </Path>
    </Layer>
    <Layer name="PACKAGE GEOMETRY/SILKSCREEN_TOP" packageHeight="43" >
      <Path lineWidth="6" type="line" >
        <Point x="-137" y="0" />
        <Point x="-107" y="-15" />
      </Path>
    </Layer>
    <Layer name="PACKAGE GEOMETRY/SILKSCREEN_TOP" packageHeight="43" >
      <Path lineWidth="6" type="line" >
        <Point x="-137" y="0" />
        <Point x="-107" y="-10" />
      </Path>
    </Layer>
    <Layer name="PACKAGE GEOMETRY/SILKSCREEN_TOP" packageHeight="43" >
      <Path lineWidth="6" type="line" >
        <Point x="-137" y="0" />
        <Point x="-107" y="-5" />
      </Path>
    </Layer>
    <Layer name="PACKAGE GEOMETRY/SILKSCREEN_TOP" packageHeight="43" >
      <Path lineWidth="6" type="line" >
        <Point x="-107" y="25" />
        <Point x="-107" y="-25" />
      </Path>
    </Layer>
    <Layer name="PACKAGE GEOMETRY/SILKSCREEN_TOP" packageHeight="43" >
      <Path lineWidth="6" type="line" >
        <Point x="-82" y="-42.5" />
        <Point x="82" y="-42.5" />
      </Path>
    </Layer>
    <Layer name="PACKAGE GEOMETRY/SILKSCREEN_TOP" packageHeight="43" >
      <Path lineWidth="6" type="line" >
        <Point x="82" y="42.5" />
        <Point x="-82" y="42.5" />
      </Path>
    </Layer>
    <Layer name="PACKAGE GEOMETRY/ASSEMBLY_TOP" packageHeight="43" >
      <Path lineWidth="0" type="line" >
        <Point x="-77" y="-37.5" />
        <Point x="77" y="-37.5" />
      </Path>
    </Layer>
    <Layer name="PACKAGE GEOMETRY/ASSEMBLY_TOP" packageHeight="43" >
      <Path lineWidth="0" type="line" >
        <Point x="77" y="-37.5" />
        <Point x="77" y="37.5" />
      </Path>
    </Layer>
    <Layer name="PACKAGE GEOMETRY/ASSEMBLY_TOP" packageHeight="43" >
      <Path lineWidth="0" type="line" >
        <Point x="77" y="37.5" />
        <Point x="-77" y="37.5" />
      </Path>
    </Layer>
    <Layer name="PACKAGE GEOMETRY/ASSEMBLY_TOP" packageHeight="43" >
      <Path lineWidth="0" type="line" >
        <Point x="-77" y="37.5" />
        <Point x="-77" y="-37.5" />
      </Path>
    </Layer>
  </Layers>
</Footprint>
