<Footprint name="DGK8" >
  <Units type="mils" precision="3" />
  <Extents minX="-2705.5" minY="-2486" width="4236.5" height="4175" />
  <Padstack name="RX56Y17D0T" type="single" > 
    <Layers>
      <Layer name="TOP" >
        <Pad shape="rectangle" width="56" height="17" /> 
      </Layer>
      <Layer name="SOLDERMASK_TOP" >
        <Pad shape="rectangle" width="56" height="17" /> 
      </Layer>
      <Layer name="PASTEMASK_TOP" >
        <Pad shape="rectangle" width="56" height="17" /> 
      </Layer>
    </Layers>
  </Padstack>

  <Padstack name="RX56Y17D0T" type="single" > 
    <Layers>
      <Layer name="TOP" >
        <Pad shape="rectangle" width="56" height="17" /> 
      </Layer>
      <Layer name="SOLDERMASK_TOP" >
        <Pad shape="rectangle" width="56" height="17" /> 
      </Layer>
      <Layer name="PASTEMASK_TOP" >
        <Pad shape="rectangle" width="56" height="17" /> 
      </Layer>
    </Layers>
  </Padstack>
  <TextBlocks>
    <TextBlock name="17" width="6.25" height="25" lineSpacing="25" characterSpacing="6.25" /> 
  </TextBlocks>

  <Pins>
    <Pin number="1" padName="RX56Y17D0T" originX="-85.5" originY="38.3858" rotation="0" isMechanical="no" textBlockName="17" />
    <Pin number="2" padName="RX56Y17D0T" originX="-85.5" originY="12.7953" rotation="0" isMechanical="no" textBlockName="17" />
    <Pin number="3" padName="RX56Y17D0T" originX="-85.5" originY="-12.7953" rotation="0" isMechanical="no" textBlockName="17" />
    <Pin number="4" padName="RX56Y17D0T" originX="-85.5" originY="-38.3858" rotation="0" isMechanical="no" textBlockName="17" />
    <Pin number="5" padName="RX56Y17D0T" originX="85.5" originY="-38.3858" rotation="0" isMechanical="no" textBlockName="17" />
    <Pin number="6" padName="RX56Y17D0T" originX="85.5" originY="-12.7953" rotation="0" isMechanical="no" textBlockName="17" />
    <Pin number="7" padName="RX56Y17D0T" originX="85.5" originY="12.7953" rotation="0" isMechanical="no" textBlockName="17" />
    <Pin number="8" padName="RX56Y17D0T" originX="85.5" originY="38.3858" rotation="0" isMechanical="no" textBlockName="17" />
  </Pins>
  <Vias>
  </Vias>
  <Layers>
    <Layer name="PACKAGE GEOMETRY/ASSEMBLY_TOP" packageHeight="43" >
      <Path lineWidth="0" type="line" >
        <Point x="-61" y="30.8858" />
        <Point x="-61" y="45.8858" />
      </Path>
    </Layer>
    <Layer name="PACKAGE GEOMETRY/ASSEMBLY_TOP" packageHeight="43" >
      <Path lineWidth="0" type="line" >
        <Point x="-61" y="45.8858" />
        <Point x="-99.5" y="45.8858" />
      </Path>
    </Layer>
    <Layer name="PACKAGE GEOMETRY/ASSEMBLY_TOP" packageHeight="43" >
      <Path lineWidth="0" type="line" >
        <Point x="-99.5" y="45.8858" />
        <Point x="-99.5" y="30.8858" />
      </Path>
    </Layer>
    <Layer name="PACKAGE GEOMETRY/ASSEMBLY_TOP" packageHeight="43" >
      <Path lineWidth="0" type="line" >
        <Point x="-99.5" y="30.8858" />
        <Point x="-61" y="30.8858" />
      </Path>
    </Layer>
    <Layer name="PACKAGE GEOMETRY/ASSEMBLY_TOP" packageHeight="43" >
      <Path lineWidth="0" type="line" >
        <Point x="-61" y="5.2953" />
        <Point x="-61" y="20.2953" />
      </Path>
    </Layer>
    <Layer name="PACKAGE GEOMETRY/ASSEMBLY_TOP" packageHeight="43" >
      <Path lineWidth="0" type="line" >
        <Point x="-61" y="20.2953" />
        <Point x="-99.5" y="20.2953" />
      </Path>
    </Layer>
    <Layer name="PACKAGE GEOMETRY/ASSEMBLY_TOP" packageHeight="43" >
      <Path lineWidth="0" type="line" >
        <Point x="-99.5" y="20.2953" />
        <Point x="-99.5" y="5.2953" />
      </Path>
    </Layer>
    <Layer name="PACKAGE GEOMETRY/ASSEMBLY_TOP" packageHeight="43" >
      <Path lineWidth="0" type="line" >
        <Point x="-99.5" y="5.2953" />
        <Point x="-61" y="5.2953" />
      </Path>
    </Layer>
    <Layer name="PACKAGE GEOMETRY/ASSEMBLY_TOP" packageHeight="43" >
      <Path lineWidth="0" type="line" >
        <Point x="-61" y="-20.2953" />
        <Point x="-61" y="-5.2953" />
      </Path>
    </Layer>
    <Layer name="PACKAGE GEOMETRY/ASSEMBLY_TOP" packageHeight="43" >
      <Path lineWidth="0" type="line" >
        <Point x="-61" y="-5.2953" />
        <Point x="-99.5" y="-5.2953" />
      </Path>
    </Layer>
    <Layer name="PACKAGE GEOMETRY/ASSEMBLY_TOP" packageHeight="43" >
      <Path lineWidth="0" type="line" >
        <Point x="-99.5" y="-5.2953" />
        <Point x="-99.5" y="-20.2953" />
      </Path>
    </Layer>
    <Layer name="PACKAGE GEOMETRY/ASSEMBLY_TOP" packageHeight="43" >
      <Path lineWidth="0" type="line" >
        <Point x="-99.5" y="-20.2953" />
        <Point x="-61" y="-20.2953" />
      </Path>
    </Layer>
    <Layer name="PACKAGE GEOMETRY/ASSEMBLY_TOP" packageHeight="43" >
      <Path lineWidth="0" type="line" >
        <Point x="-61" y="-45.8858" />
        <Point x="-61" y="-30.8858" />
      </Path>
    </Layer>
    <Layer name="PACKAGE GEOMETRY/ASSEMBLY_TOP" packageHeight="43" >
      <Path lineWidth="0" type="line" >
        <Point x="-61" y="-30.8858" />
        <Point x="-99.5" y="-30.8858" />
      </Path>
    </Layer>
    <Layer name="PACKAGE GEOMETRY/ASSEMBLY_TOP" packageHeight="43" >
      <Path lineWidth="0" type="line" >
        <Point x="-99.5" y="-30.8858" />
        <Point x="-99.5" y="-45.8858" />
      </Path>
    </Layer>
    <Layer name="PACKAGE GEOMETRY/ASSEMBLY_TOP" packageHeight="43" >
      <Path lineWidth="0" type="line" >
        <Point x="-99.5" y="-45.8858" />
        <Point x="-61" y="-45.8858" />
      </Path>
    </Layer>
    <Layer name="PACKAGE GEOMETRY/ASSEMBLY_TOP" packageHeight="43" >
      <Path lineWidth="0" type="line" >
        <Point x="61" y="-30.8858" />
        <Point x="61" y="-45.8858" />
      </Path>
    </Layer>
    <Layer name="PACKAGE GEOMETRY/ASSEMBLY_TOP" packageHeight="43" >
      <Path lineWidth="0" type="line" >
        <Point x="61" y="-45.8858" />
        <Point x="99.5" y="-45.8858" />
      </Path>
    </Layer>
    <Layer name="PACKAGE GEOMETRY/ASSEMBLY_TOP" packageHeight="43" >
      <Path lineWidth="0" type="line" >
        <Point x="99.5" y="-45.8858" />
        <Point x="99.5" y="-30.8858" />
      </Path>
    </Layer>
    <Layer name="PACKAGE GEOMETRY/ASSEMBLY_TOP" packageHeight="43" >
      <Path lineWidth="0" type="line" >
        <Point x="99.5" y="-30.8858" />
        <Point x="61" y="-30.8858" />
      </Path>
    </Layer>
    <Layer name="PACKAGE GEOMETRY/ASSEMBLY_TOP" packageHeight="43" >
      <Path lineWidth="0" type="line" >
        <Point x="61" y="-5.2953" />
        <Point x="61" y="-20.2953" />
      </Path>
    </Layer>
    <Layer name="PACKAGE GEOMETRY/ASSEMBLY_TOP" packageHeight="43" >
      <Path lineWidth="0" type="line" >
        <Point x="61" y="-20.2953" />
        <Point x="99.5" y="-20.2953" />
      </Path>
    </Layer>
    <Layer name="PACKAGE GEOMETRY/ASSEMBLY_TOP" packageHeight="43" >
      <Path lineWidth="0" type="line" >
        <Point x="99.5" y="-20.2953" />
        <Point x="99.5" y="-5.2953" />
      </Path>
    </Layer>
    <Layer name="PACKAGE GEOMETRY/ASSEMBLY_TOP" packageHeight="43" >
      <Path lineWidth="0" type="line" >
        <Point x="99.5" y="-5.2953" />
        <Point x="61" y="-5.2953" />
      </Path>
    </Layer>
    <Layer name="PACKAGE GEOMETRY/ASSEMBLY_TOP" packageHeight="43" >
      <Path lineWidth="0" type="line" >
        <Point x="61" y="20.2953" />
        <Point x="61" y="5.2953" />
      </Path>
    </Layer>
    <Layer name="PACKAGE GEOMETRY/ASSEMBLY_TOP" packageHeight="43" >
      <Path lineWidth="0" type="line" >
        <Point x="61" y="5.2953" />
        <Point x="99.5" y="5.2953" />
      </Path>
    </Layer>
    <Layer name="PACKAGE GEOMETRY/ASSEMBLY_TOP" packageHeight="43" >
      <Path lineWidth="0" type="line" >
        <Point x="99.5" y="5.2953" />
        <Point x="99.5" y="20.2953" />
      </Path>
    </Layer>
    <Layer name="PACKAGE GEOMETRY/ASSEMBLY_TOP" packageHeight="43" >
      <Path lineWidth="0" type="line" >
        <Point x="99.5" y="20.2953" />
        <Point x="61" y="20.2953" />
      </Path>
    </Layer>
    <Layer name="PACKAGE GEOMETRY/ASSEMBLY_TOP" packageHeight="43" >
      <Path lineWidth="0" type="line" >
        <Point x="61" y="45.8858" />
        <Point x="61" y="30.8858" />
      </Path>
    </Layer>
    <Layer name="PACKAGE GEOMETRY/ASSEMBLY_TOP" packageHeight="43" >
      <Path lineWidth="0" type="line" >
        <Point x="61" y="30.8858" />
        <Point x="99.5" y="30.8858" />
      </Path>
    </Layer>
    <Layer name="PACKAGE GEOMETRY/ASSEMBLY_TOP" packageHeight="43" >
      <Path lineWidth="0" type="line" >
        <Point x="99.5" y="30.8858" />
        <Point x="99.5" y="45.8858" />
      </Path>
    </Layer>
    <Layer name="PACKAGE GEOMETRY/ASSEMBLY_TOP" packageHeight="43" >
      <Path lineWidth="0" type="line" >
        <Point x="99.5" y="45.8858" />
        <Point x="61" y="45.8858" />
      </Path>
    </Layer>
    <Layer name="PACKAGE GEOMETRY/PLACE_BOUND_TOP" packageHeight="43" packageHeightMin="0">
      <Path lineWidth="6" type="shape" >
        <Point x="-123.5" y="-71" />
        <Point x="-123.5" y="71" />
        <Point x="123.5" y="71" />
        <Point x="123.5" y="-71" />
        <Point x="-123.5" y="-71" />
      </Path>
    </Layer>
    <Layer name="MANUFACTURING/NO_PROBE_TOP" packageHeight="43" >
      <Path lineWidth="6" type="shape" >
        <Point x="-138.5" y="-86" />
        <Point x="-138.5" y="86" />
        <Point x="138.5" y="86" />
        <Point x="138.5" y="-86" />
        <Point x="-138.5" y="-86" />
      </Path>
    </Layer>
    <Layer name="REF DES/SILKSCREEN_TOP" packageHeight="43" >
      <Label layer="REF DES/SILKSCREEN_TOP" textBlock="3" angle="0" x="0" y="-25" text="Ref" justify="center" />
    </Layer>
    <Layer name="DEVICE TYPE/SILKSCREEN_TOP" packageHeight="43" >
      <Label layer="DEVICE TYPE/SILKSCREEN_TOP" textBlock="3" angle="0" x="0" y="-25" text="Dev" justify="center" />
    </Layer>
    <Layer name="USER PART NUMBER/SILKSCREEN_TOP" packageHeight="43" >
      <Label layer="USER PART NUMBER/SILKSCREEN_TOP" textBlock="3" angle="0" x="0" y="-25" text="PN" justify="center" />
    </Layer>
    <Layer name="DEVICE TYPE/ASSEMBLY_TOP" packageHeight="43" >
      <Label layer="DEVICE TYPE/ASSEMBLY_TOP" textBlock="3" angle="0" x="0" y="-25" text="DEV" justify="center" />
    </Layer>
    <Layer name="COMPONENT VALUE/SILKSCREEN_TOP" packageHeight="43" >
      <Label layer="COMPONENT VALUE/SILKSCREEN_TOP" textBlock="3" angle="0" x="0" y="-25" text="VAL" justify="center" />
    </Layer>
    <Layer name="TOLERANCE/SILKSCREEN_TOP" packageHeight="43" >
      <Label layer="TOLERANCE/SILKSCREEN_TOP" textBlock="3" angle="0" x="0" y="-25" text="TOL" justify="center" />
    </Layer>
    <Layer name="REF DES/ASSEMBLY_TOP" packageHeight="43" >
      <Label layer="REF DES/ASSEMBLY_TOP" textBlock="3" angle="0" x="0" y="-25" text="Ref" justify="center" />
    </Layer>
    <Layer name="PACKAGE GEOMETRY/ASSEMBLY_TOP" packageHeight="43" >
      <Label layer="PACKAGE GEOMETRY/ASSEMBLY_TOP" textBlock="3" angle="0" x="-95.5" y="125.386" text="*" justify="center" />
    </Layer>
    <Layer name="PACKAGE GEOMETRY/SILKSCREEN_TOP" packageHeight="43" >
      <Label layer="PACKAGE GEOMETRY/SILKSCREEN_TOP" textBlock="3" angle="0" x="-95.5" y="125.386" text="*" justify="center" />
    </Layer>
    <Layer name="PACKAGE GEOMETRY/SILKSCREEN_TOP" packageHeight="43" >
      <Path lineWidth="6" type="line" >
        <Point x="-61" y="-61" />
        <Point x="61" y="-61" />
      </Path>
    </Layer>
    <Layer name="PACKAGE GEOMETRY/SILKSCREEN_TOP" packageHeight="43" >
      <Path lineWidth="6" type="line" >
        <Point x="61" y="61" />
        <Point x="-61" y="61" />
      </Path>
    </Layer>
    <Layer name="PACKAGE GEOMETRY/SILKSCREEN_TOP" packageHeight="43" >
      <Arc lineWidth="6" centerX="0" centerY="61" x1="-12" y1="61" x2="12" y2="61" startAngle="180" stopAngle="360" /> 
    </Layer>
    <Layer name="PACKAGE GEOMETRY/ASSEMBLY_TOP" packageHeight="43" >
      <Path lineWidth="0" type="line" >
        <Point x="-61" y="-61" />
        <Point x="61" y="-61" />
      </Path>
    </Layer>
    <Layer name="PACKAGE GEOMETRY/ASSEMBLY_TOP" packageHeight="43" >
      <Path lineWidth="0" type="line" >
        <Point x="61" y="-61" />
        <Point x="61" y="61" />
      </Path>
    </Layer>
    <Layer name="PACKAGE GEOMETRY/ASSEMBLY_TOP" packageHeight="43" >
      <Path lineWidth="0" type="line" >
        <Point x="61" y="61" />
        <Point x="-61" y="61" />
      </Path>
    </Layer>
    <Layer name="PACKAGE GEOMETRY/ASSEMBLY_TOP" packageHeight="43" >
      <Path lineWidth="0" type="line" >
        <Point x="-61" y="61" />
        <Point x="-61" y="-61" />
      </Path>
    </Layer>
    <Layer name="PACKAGE GEOMETRY/ASSEMBLY_TOP" packageHeight="43" >
      <Arc lineWidth="0" centerX="0" centerY="61" x1="-12" y1="61" x2="12" y2="61" startAngle="180" stopAngle="360" /> 
    </Layer>
  </Layers>
</Footprint>
