<Footprint name="DCK0005A_L" >
  <Units type="mils" precision="3" />
  <Extents minX="-2075" minY="-2048.22825000906" width="3150" height="3359.22825000906" />
  <Padstack name="R10160260000200A" type="single" > 
    <Layers>
      <Layer name="TOP" >
        <Pad shape="rectangle" width="15.748" height="25.5906" /> 
      </Layer>
      <Layer name="SOLDERMASK_TOP" >
        <Pad shape="rectangle" width="19.748" height="29.5906" /> 
      </Layer>
      <Layer name="PASTEMASK_TOP" >
        <Pad shape="rectangle" width="15.748" height="25.5906" /> 
      </Layer>
    </Layers>
  </Padstack>

  <Padstack name="R10160260000200A" type="single" > 
    <Layers>
      <Layer name="TOP" >
        <Pad shape="rectangle" width="15.748" height="25.5906" /> 
      </Layer>
      <Layer name="SOLDERMASK_TOP" >
        <Pad shape="rectangle" width="19.748" height="29.5906" /> 
      </Layer>
      <Layer name="PASTEMASK_TOP" >
        <Pad shape="rectangle" width="15.748" height="25.5906" /> 
      </Layer>
    </Layers>
  </Padstack>
  <TextBlocks>
    <TextBlock name="17" width="6.25" height="25" lineSpacing="25" characterSpacing="6.25" /> 
  </TextBlocks>

  <Pins>
    <Pin number="1" padName="R10160260000200A" originX="-37.4015" originY="25.5906" rotation="90" isMechanical="no" textBlockName="17" />
    <Pin number="2" padName="R10160260000200A" originX="-37.4015" originY="0" rotation="90" isMechanical="no" textBlockName="17" />
    <Pin number="3" padName="R10160260000200A" originX="-37.4015" originY="-25.5905" rotation="90" isMechanical="no" textBlockName="17" />
    <Pin number="4" padName="R10160260000200A" originX="37.4016" originY="-25.5905" rotation="90" isMechanical="no" textBlockName="17" />
    <Pin number="5" padName="R10160260000200A" originX="37.4016" originY="25.5906" rotation="90" isMechanical="no" textBlockName="17" />
  </Pins>
  <Vias>
  </Vias>
  <Layers>
    <Layer name="PACKAGE GEOMETRY/SILKSCREEN_TOP" packageHeight="100" >
      <Path lineWidth="7.874" type="line" >
        <Point x="-9.8424" y="43.3071" />
        <Point x="9.8426" y="43.3071" />
      </Path>
    </Layer>
    <Layer name="PACKAGE GEOMETRY/SILKSCREEN_TOP" packageHeight="100" >
      <Path lineWidth="7.874" type="line" >
        <Point x="-9.8424" y="-43.307" />
        <Point x="9.8426" y="-43.307" />
      </Path>
    </Layer>
    <Layer name="PACKAGE GEOMETRY/SILKSCREEN_TOP" packageHeight="100" >
      <Path lineWidth="7.874" type="line" >
        <Point x="-9.8424" y="-43.307" />
        <Point x="-9.8424" y="43.3071" />
      </Path>
    </Layer>
    <Layer name="PACKAGE GEOMETRY/SILKSCREEN_TOP" packageHeight="100" >
      <Path lineWidth="7.874" type="line" >
        <Point x="9.8426" y="-43.307" />
        <Point x="9.8426" y="43.3071" />
      </Path>
    </Layer>
    <Layer name="PACKAGE GEOMETRY/ASSEMBLY_TOP" packageHeight="100" >
      <Path lineWidth="5" type="line" >
        <Point x="-37.764" y="21.142" />
        <Point x="-34.038" y="21.142" />
      </Path>
    </Layer>
    <Layer name="PACKAGE GEOMETRY/ASSEMBLY_TOP" packageHeight="100" >
      <Path lineWidth="5" type="line" >
        <Point x="-45" y="21.142" />
        <Point x="-45" y="30" />
      </Path>
    </Layer>
    <Layer name="PACKAGE GEOMETRY/ASSEMBLY_TOP" packageHeight="100" >
      <Path lineWidth="5" type="line" >
        <Point x="-34.038" y="30" />
        <Point x="-33.57" y="30" />
      </Path>
    </Layer>
    <Layer name="PACKAGE GEOMETRY/ASSEMBLY_TOP" packageHeight="100" >
      <Path lineWidth="5" type="line" >
        <Point x="-37.764" y="30" />
        <Point x="-28" y="30" />
      </Path>
    </Layer>
    <Layer name="PACKAGE GEOMETRY/ASSEMBLY_TOP" packageHeight="100" >
      <Path lineWidth="5" type="line" >
        <Point x="-45" y="21.142" />
        <Point x="-37.764" y="21.142" />
      </Path>
    </Layer>
    <Layer name="PACKAGE GEOMETRY/ASSEMBLY_TOP" packageHeight="100" >
      <Path lineWidth="5" type="line" >
        <Point x="-33.57" y="21.142" />
        <Point x="-28" y="21.142" />
      </Path>
    </Layer>
    <Layer name="PACKAGE GEOMETRY/ASSEMBLY_TOP" packageHeight="100" >
      <Path lineWidth="5" type="line" >
        <Point x="-34.038" y="21.142" />
        <Point x="-33.57" y="21.142" />
      </Path>
    </Layer>
    <Layer name="PACKAGE GEOMETRY/ASSEMBLY_TOP" packageHeight="100" >
      <Path lineWidth="5" type="line" >
        <Point x="-45" y="30" />
        <Point x="-37.764" y="30" />
      </Path>
    </Layer>
    <Layer name="PACKAGE GEOMETRY/ASSEMBLY_TOP" packageHeight="100" >
      <Path lineWidth="5" type="line" >
        <Point x="-37.764" y="-4.449" />
        <Point x="-34.038" y="-4.449" />
      </Path>
    </Layer>
    <Layer name="PACKAGE GEOMETRY/ASSEMBLY_TOP" packageHeight="100" >
      <Path lineWidth="5" type="line" >
        <Point x="-45" y="-4.449" />
        <Point x="-45" y="4.409" />
      </Path>
    </Layer>
    <Layer name="PACKAGE GEOMETRY/ASSEMBLY_TOP" packageHeight="100" >
      <Path lineWidth="5" type="line" >
        <Point x="-33.57" y="4.409" />
        <Point x="-28" y="4.409" />
      </Path>
    </Layer>
    <Layer name="PACKAGE GEOMETRY/ASSEMBLY_TOP" packageHeight="100" >
      <Path lineWidth="5" type="line" >
        <Point x="-34.038" y="4.409" />
        <Point x="-33.57" y="4.409" />
      </Path>
    </Layer>
    <Layer name="PACKAGE GEOMETRY/ASSEMBLY_TOP" packageHeight="100" >
      <Path lineWidth="5" type="line" >
        <Point x="-37.764" y="4.409" />
        <Point x="-34.038" y="4.409" />
      </Path>
    </Layer>
    <Layer name="PACKAGE GEOMETRY/ASSEMBLY_TOP" packageHeight="100" >
      <Path lineWidth="5" type="line" >
        <Point x="-45" y="-4.449" />
        <Point x="-37.764" y="-4.449" />
      </Path>
    </Layer>
    <Layer name="PACKAGE GEOMETRY/ASSEMBLY_TOP" packageHeight="100" >
      <Path lineWidth="5" type="line" >
        <Point x="-33.57" y="-4.449" />
        <Point x="-28" y="-4.449" />
      </Path>
    </Layer>
    <Layer name="PACKAGE GEOMETRY/ASSEMBLY_TOP" packageHeight="100" >
      <Path lineWidth="5" type="line" >
        <Point x="-34.038" y="-4.449" />
        <Point x="-33.57" y="-4.449" />
      </Path>
    </Layer>
    <Layer name="PACKAGE GEOMETRY/ASSEMBLY_TOP" packageHeight="100" >
      <Path lineWidth="5" type="line" >
        <Point x="-45" y="4.409" />
        <Point x="-37.764" y="4.409" />
      </Path>
    </Layer>
    <Layer name="PACKAGE GEOMETRY/ASSEMBLY_TOP" packageHeight="100" >
      <Path lineWidth="5" type="line" >
        <Point x="-37.764" y="-30.039" />
        <Point x="-34.038" y="-30.039" />
      </Path>
    </Layer>
    <Layer name="PACKAGE GEOMETRY/ASSEMBLY_TOP" packageHeight="100" >
      <Path lineWidth="5" type="line" >
        <Point x="-45" y="-30.039" />
        <Point x="-45" y="-21.181" />
      </Path>
    </Layer>
    <Layer name="PACKAGE GEOMETRY/ASSEMBLY_TOP" packageHeight="100" >
      <Path lineWidth="5" type="line" >
        <Point x="-33.57" y="-21.181" />
        <Point x="-28" y="-21.181" />
      </Path>
    </Layer>
    <Layer name="PACKAGE GEOMETRY/ASSEMBLY_TOP" packageHeight="100" >
      <Path lineWidth="5" type="line" >
        <Point x="-34.038" y="-21.181" />
        <Point x="-33.57" y="-21.181" />
      </Path>
    </Layer>
    <Layer name="PACKAGE GEOMETRY/ASSEMBLY_TOP" packageHeight="100" >
      <Path lineWidth="5" type="line" >
        <Point x="-37.764" y="-21.181" />
        <Point x="-34.038" y="-21.181" />
      </Path>
    </Layer>
    <Layer name="PACKAGE GEOMETRY/ASSEMBLY_TOP" packageHeight="100" >
      <Path lineWidth="5" type="line" >
        <Point x="-45" y="-30.039" />
        <Point x="-37.764" y="-30.039" />
      </Path>
    </Layer>
    <Layer name="PACKAGE GEOMETRY/ASSEMBLY_TOP" packageHeight="100" >
      <Path lineWidth="5" type="line" >
        <Point x="-33.57" y="-30.039" />
        <Point x="-28" y="-30.039" />
      </Path>
    </Layer>
    <Layer name="PACKAGE GEOMETRY/ASSEMBLY_TOP" packageHeight="100" >
      <Path lineWidth="5" type="line" >
        <Point x="-34.038" y="-30.039" />
        <Point x="-33.57" y="-30.039" />
      </Path>
    </Layer>
    <Layer name="PACKAGE GEOMETRY/ASSEMBLY_TOP" packageHeight="100" >
      <Path lineWidth="5" type="line" >
        <Point x="-45" y="-21.181" />
        <Point x="-37.764" y="-21.181" />
      </Path>
    </Layer>
    <Layer name="PACKAGE GEOMETRY/ASSEMBLY_TOP" packageHeight="100" >
      <Path lineWidth="5" type="line" >
        <Point x="33.802" y="30" />
        <Point x="37.528" y="30" />
      </Path>
    </Layer>
    <Layer name="PACKAGE GEOMETRY/ASSEMBLY_TOP" packageHeight="100" >
      <Path lineWidth="5" type="line" >
        <Point x="44.764" y="21.142" />
        <Point x="44.764" y="30" />
      </Path>
    </Layer>
    <Layer name="PACKAGE GEOMETRY/ASSEMBLY_TOP" packageHeight="100" >
      <Path lineWidth="5" type="line" >
        <Point x="28" y="21.142" />
        <Point x="33.334" y="21.142" />
      </Path>
    </Layer>
    <Layer name="PACKAGE GEOMETRY/ASSEMBLY_TOP" packageHeight="100" >
      <Path lineWidth="5" type="line" >
        <Point x="33.334" y="21.142" />
        <Point x="33.802" y="21.142" />
      </Path>
    </Layer>
    <Layer name="PACKAGE GEOMETRY/ASSEMBLY_TOP" packageHeight="100" >
      <Path lineWidth="5" type="line" >
        <Point x="33.802" y="21.142" />
        <Point x="37.528" y="21.142" />
      </Path>
    </Layer>
    <Layer name="PACKAGE GEOMETRY/ASSEMBLY_TOP" packageHeight="100" >
      <Path lineWidth="5" type="line" >
        <Point x="37.528" y="30" />
        <Point x="44.764" y="30" />
      </Path>
    </Layer>
    <Layer name="PACKAGE GEOMETRY/ASSEMBLY_TOP" packageHeight="100" >
      <Path lineWidth="5" type="line" >
        <Point x="28" y="30" />
        <Point x="33.334" y="30" />
      </Path>
    </Layer>
    <Layer name="PACKAGE GEOMETRY/ASSEMBLY_TOP" packageHeight="100" >
      <Path lineWidth="5" type="line" >
        <Point x="33.334" y="30" />
        <Point x="33.802" y="30" />
      </Path>
    </Layer>
    <Layer name="PACKAGE GEOMETRY/ASSEMBLY_TOP" packageHeight="100" >
      <Path lineWidth="5" type="line" >
        <Point x="37.528" y="21.142" />
        <Point x="44.764" y="21.142" />
      </Path>
    </Layer>
    <Layer name="PACKAGE GEOMETRY/ASSEMBLY_TOP" packageHeight="100" >
      <Path lineWidth="5" type="line" >
        <Point x="33.802" y="-21.181" />
        <Point x="37.528" y="-21.181" />
      </Path>
    </Layer>
    <Layer name="PACKAGE GEOMETRY/ASSEMBLY_TOP" packageHeight="100" >
      <Path lineWidth="5" type="line" >
        <Point x="44.764" y="-30.039" />
        <Point x="44.764" y="-21.181" />
      </Path>
    </Layer>
    <Layer name="PACKAGE GEOMETRY/ASSEMBLY_TOP" packageHeight="100" >
      <Path lineWidth="5" type="line" >
        <Point x="28" y="-30.039" />
        <Point x="33.334" y="-30.039" />
      </Path>
    </Layer>
    <Layer name="PACKAGE GEOMETRY/ASSEMBLY_TOP" packageHeight="100" >
      <Path lineWidth="5" type="line" >
        <Point x="33.334" y="-30.039" />
        <Point x="33.802" y="-30.039" />
      </Path>
    </Layer>
    <Layer name="PACKAGE GEOMETRY/ASSEMBLY_TOP" packageHeight="100" >
      <Path lineWidth="5" type="line" >
        <Point x="33.802" y="-30.039" />
        <Point x="37.528" y="-30.039" />
      </Path>
    </Layer>
    <Layer name="PACKAGE GEOMETRY/ASSEMBLY_TOP" packageHeight="100" >
      <Path lineWidth="5" type="line" >
        <Point x="37.528" y="-21.181" />
        <Point x="44.764" y="-21.181" />
      </Path>
    </Layer>
    <Layer name="PACKAGE GEOMETRY/ASSEMBLY_TOP" packageHeight="100" >
      <Path lineWidth="5" type="line" >
        <Point x="28" y="-21.181" />
        <Point x="33.334" y="-21.181" />
      </Path>
    </Layer>
    <Layer name="PACKAGE GEOMETRY/ASSEMBLY_TOP" packageHeight="100" >
      <Path lineWidth="5" type="line" >
        <Point x="33.334" y="-21.181" />
        <Point x="33.802" y="-21.181" />
      </Path>
    </Layer>
    <Layer name="PACKAGE GEOMETRY/ASSEMBLY_TOP" packageHeight="100" >
      <Path lineWidth="5" type="line" >
        <Point x="37.528" y="-30.039" />
        <Point x="44.764" y="-30.039" />
      </Path>
    </Layer>
    <Layer name="PACKAGE GEOMETRY/ASSEMBLY_TOP" packageHeight="100" >
      <Path lineWidth="3.937" type="line" >
        <Point x="-27.559" y="-42.3228" />
        <Point x="-27.559" y="42.3229" />
      </Path>
    </Layer>
    <Layer name="PACKAGE GEOMETRY/ASSEMBLY_TOP" packageHeight="100" >
      <Path lineWidth="3.937" type="line" >
        <Point x="27.5591" y="-42.3228" />
        <Point x="27.5591" y="42.3229" />
      </Path>
    </Layer>
    <Layer name="PACKAGE GEOMETRY/ASSEMBLY_TOP" packageHeight="100" >
      <Path lineWidth="3.937" type="line" >
        <Point x="-27.559" y="42.3229" />
        <Point x="27.5591" y="42.3229" />
      </Path>
    </Layer>
    <Layer name="PACKAGE GEOMETRY/ASSEMBLY_TOP" packageHeight="100" >
      <Path lineWidth="3.937" type="line" >
        <Point x="-27.559" y="-42.3228" />
        <Point x="27.5591" y="-42.3228" />
      </Path>
    </Layer>
    <Layer name="PACKAGE GEOMETRY/ASSEMBLY_TOP" packageHeight="100" >
      <Label layer="PACKAGE GEOMETRY/ASSEMBLY_TOP" textBlock="3" angle="270" x="-10" y="11" text=".Designator" justify="center" />
    </Layer>
    <Layer name="REF DES/SILKSCREEN_TOP" packageHeight="100" >
      <Label layer="REF DES/SILKSCREEN_TOP" textBlock="3" angle="0" x="0" y="-25" text="Ref" justify="center" />
    </Layer>
    <Layer name="DEVICE TYPE/SILKSCREEN_TOP" packageHeight="100" >
      <Label layer="DEVICE TYPE/SILKSCREEN_TOP" textBlock="3" angle="0" x="0" y="-25" text="Dev" justify="center" />
    </Layer>
    <Layer name="USER PART NUMBER/SILKSCREEN_TOP" packageHeight="100" >
      <Label layer="USER PART NUMBER/SILKSCREEN_TOP" textBlock="3" angle="0" x="0" y="-25" text="PN" justify="center" />
    </Layer>
    <Layer name="DEVICE TYPE/ASSEMBLY_TOP" packageHeight="100" >
      <Label layer="DEVICE TYPE/ASSEMBLY_TOP" textBlock="3" angle="0" x="0" y="-25" text="DEV" justify="center" />
    </Layer>
    <Layer name="COMPONENT VALUE/SILKSCREEN_TOP" packageHeight="100" >
      <Label layer="COMPONENT VALUE/SILKSCREEN_TOP" textBlock="3" angle="0" x="0" y="-25" text="VAL" justify="center" />
    </Layer>
    <Layer name="TOLERANCE/SILKSCREEN_TOP" packageHeight="100" >
      <Label layer="TOLERANCE/SILKSCREEN_TOP" textBlock="3" angle="0" x="0" y="-25" text="TOL" justify="center" />
    </Layer>
  </Layers>
</Footprint>
