<Footprint name="ACGRAT-HF-L" >
  <Units type="mils" precision="3" />
  <Extents minX="-2585.5" minY="-2495.5" width="4371" height="4106" />
  <Padstack name="RX29Y87D0TSM2" type="single" > 
    <Layers>
      <Layer name="TOP" >
        <Pad shape="rectangle" width="29" height="87" /> 
      </Layer>
      <Layer name="PASTEMASK_TOP" >
        <Pad shape="rectangle" width="29" height="87" /> 
      </Layer>
      <Layer name="SOLDERMASK_TOP" >
        <Pad shape="rectangle" width="29" height="87" /> 
      </Layer>
    </Layers>
  </Padstack>

  <Padstack name="RX29Y87D0TSM2" type="single" > 
    <Layers>
      <Layer name="TOP" >
        <Pad shape="rectangle" width="29" height="87" /> 
      </Layer>
      <Layer name="PASTEMASK_TOP" >
        <Pad shape="rectangle" width="29" height="87" /> 
      </Layer>
      <Layer name="SOLDERMASK_TOP" >
        <Pad shape="rectangle" width="29" height="87" /> 
      </Layer>
    </Layers>
  </Padstack>
  <TextBlocks>
    <TextBlock name="17" width="6.25" height="25" lineSpacing="25" characterSpacing="6.25" /> 
  </TextBlocks>

  <Pins>
    <Pin number="1" padName="RX29Y87D0TSM2" originX="-90" originY="0" rotation="0" isMechanical="no" textBlockName="17" />
    <Pin number="2" padName="RX29Y87D0TSM2" originX="90" originY="0" rotation="180" isMechanical="no" textBlockName="17" />
  </Pins>
  <Vias>
  </Vias>
  <Layers>
    <Layer name="PACKAGE GEOMETRY/PLACE_BOUND_TOP" packageHeight="39" packageHeightMin="0">
      <Path lineWidth="6" type="shape" >
        <Point x="-108.5" y="-47.5" />
        <Point x="-108.5" y="47.5" />
        <Point x="-94.5" y="47.5" />
        <Point x="-94.5" y="49.5" />
        <Point x="94.5" y="49.5" />
        <Point x="94.5" y="47.5" />
        <Point x="108.5" y="47.5" />
        <Point x="108.5" y="-47.5" />
        <Point x="94.5" y="-47.5" />
        <Point x="94.5" y="-49.5" />
        <Point x="-94.5" y="-49.5" />
        <Point x="-94.5" y="-47.5" />
        <Point x="-108.5" y="-47.5" />
      </Path>
    </Layer>
    <Layer name="MANUFACTURING/NO_PROBE_TOP" packageHeight="39" >
      <Path lineWidth="6" type="shape" >
        <Point x="-116" y="-53" />
        <Point x="-116" y="53" />
        <Point x="116" y="53" />
        <Point x="116" y="-53" />
        <Point x="-116" y="-53" />
      </Path>
    </Layer>
    <Layer name="REF DES/SILKSCREEN_TOP" packageHeight="39" >
      <Label layer="REF DES/SILKSCREEN_TOP" textBlock="3" angle="0" x="0" y="-25" text="Ref" justify="center" />
    </Layer>
    <Layer name="DEVICE TYPE/SILKSCREEN_TOP" packageHeight="39" >
      <Label layer="DEVICE TYPE/SILKSCREEN_TOP" textBlock="3" angle="0" x="0" y="-25" text="Dev" justify="center" />
    </Layer>
    <Layer name="USER PART NUMBER/SILKSCREEN_TOP" packageHeight="39" >
      <Label layer="USER PART NUMBER/SILKSCREEN_TOP" textBlock="3" angle="0" x="0" y="-25" text="PN" justify="center" />
    </Layer>
    <Layer name="DEVICE TYPE/ASSEMBLY_TOP" packageHeight="39" >
      <Label layer="DEVICE TYPE/ASSEMBLY_TOP" textBlock="3" angle="0" x="0" y="-25" text="DEV" justify="center" />
    </Layer>
    <Layer name="COMPONENT VALUE/SILKSCREEN_TOP" packageHeight="39" >
      <Label layer="COMPONENT VALUE/SILKSCREEN_TOP" textBlock="3" angle="0" x="0" y="-25" text="VAL" justify="center" />
    </Layer>
    <Layer name="TOLERANCE/SILKSCREEN_TOP" packageHeight="39" >
      <Label layer="TOLERANCE/SILKSCREEN_TOP" textBlock="3" angle="0" x="0" y="-25" text="TOL" justify="center" />
    </Layer>
    <Layer name="REF DES/ASSEMBLY_TOP" packageHeight="39" >
      <Label layer="REF DES/ASSEMBLY_TOP" textBlock="3" angle="0" x="0" y="-25" text="Ref" justify="center" />
    </Layer>
    <Layer name="PACKAGE GEOMETRY/ASSEMBLY_TOP" packageHeight="39" >
      <Label layer="PACKAGE GEOMETRY/ASSEMBLY_TOP" textBlock="3" angle="0" x="-65.5" y=".5" text="*" justify="center" />
    </Layer>
    <Layer name="PACKAGE GEOMETRY/SILKSCREEN_TOP" packageHeight="39" >
      <Label layer="PACKAGE GEOMETRY/SILKSCREEN_TOP" textBlock="3" angle="0" x="-115.5" y="40.5" text="*" justify="center" />
    </Layer>
    <Layer name="PACKAGE GEOMETRY/ASSEMBLY_TOP" packageHeight="39" >
      <Path lineWidth="0" type="line" >
        <Point x="-80.5" y="45.5" />
        <Point x="-90.5" y="35.5" />
      </Path>
    </Layer>
    <Layer name="PACKAGE GEOMETRY/ASSEMBLY_TOP" packageHeight="39" >
      <Arc lineWidth="0" centerX="-90.5" centerY="0" x1="-90.5" y1="-9.5" x2="-90.5" y2="9.5" startAngle="270" stopAngle="450" /> 
    </Layer>
    <Layer name="PACKAGE GEOMETRY/ASSEMBLY_TOP" packageHeight="39" >
      <Arc lineWidth="0" centerX="90.5" centerY="0" x1="90.5" y1="9.5" x2="90.5" y2="-9.5" startAngle="90" stopAngle="270" /> 
    </Layer>
    <Layer name="PACKAGE GEOMETRY/ASSEMBLY_TOP" packageHeight="39" >
      <Path lineWidth="0" type="line" >
        <Point x="90.5" y="9.5" />
        <Point x="90.5" y="45.5" />
      </Path>
    </Layer>
    <Layer name="PACKAGE GEOMETRY/ASSEMBLY_TOP" packageHeight="39" >
      <Path lineWidth="0" type="line" >
        <Point x="-90.5" y="9.5" />
        <Point x="-90.5" y="45.5" />
      </Path>
    </Layer>
    <Layer name="PACKAGE GEOMETRY/ASSEMBLY_TOP" packageHeight="39" >
      <Path lineWidth="0" type="line" >
        <Point x="90.5" y="-9.5" />
        <Point x="90.5" y="-45.5" />
      </Path>
    </Layer>
    <Layer name="PACKAGE GEOMETRY/ASSEMBLY_TOP" packageHeight="39" >
      <Path lineWidth="0" type="line" >
        <Point x="-90.5" y="-9.5" />
        <Point x="-90.5" y="-45.5" />
      </Path>
    </Layer>
    <Layer name="PACKAGE GEOMETRY/ASSEMBLY_TOP" packageHeight="39" >
      <Path lineWidth="0" type="line" >
        <Point x="-90.5" y="-45.5" />
        <Point x="90.5" y="-45.5" />
      </Path>
    </Layer>
    <Layer name="PACKAGE GEOMETRY/ASSEMBLY_TOP" packageHeight="39" >
      <Path lineWidth="0" type="line" >
        <Point x="-90.5" y="45.5" />
        <Point x="90.5" y="45.5" />
      </Path>
    </Layer>
    <Layer name="PACKAGE GEOMETRY/SILKSCREEN_TOP" packageHeight="39" >
      <Path lineWidth="6" type="line" >
        <Point x="-64.4271" y="-50.5" />
        <Point x="64.4271" y="-50.5" />
      </Path>
    </Layer>
    <Layer name="PACKAGE GEOMETRY/SILKSCREEN_TOP" packageHeight="39" >
      <Path lineWidth="6" type="line" >
        <Point x="-64.4271" y="50.5" />
        <Point x="64.4271" y="50.5" />
      </Path>
    </Layer>
  </Layers>
</Footprint>
