<Footprint name="SOD80C_NXP" >
  <Units type="mils" precision="3" />
  <Extents minX="-2425" minY="-2322.49606323242" width="4123.83465576172" height="3787.49606323242" />
  <Padstack name="RX31p81Y64p99D0T" type="single" > 
    <Layers>
      <Layer name="TOP" >
        <Pad shape="rectangle" width="31.811" height="64.9921" /> 
      </Layer>
      <Layer name="PASTEMASK_TOP" >
        <Pad shape="rectangle" width="31.811" height="64.9921" /> 
      </Layer>
      <Layer name="SOLDERMASK_TOP" >
        <Pad shape="rectangle" width="31.811" height="64.9921" /> 
      </Layer>
    </Layers>
  </Padstack>

  <Padstack name="RX31p81Y64p99D0T" type="single" > 
    <Layers>
      <Layer name="TOP" >
        <Pad shape="rectangle" width="31.811" height="64.9921" /> 
      </Layer>
      <Layer name="PASTEMASK_TOP" >
        <Pad shape="rectangle" width="31.811" height="64.9921" /> 
      </Layer>
      <Layer name="SOLDERMASK_TOP" >
        <Pad shape="rectangle" width="31.811" height="64.9921" /> 
      </Layer>
    </Layers>
  </Padstack>
  <TextBlocks>
    <TextBlock name="17" width="6.25" height="25" lineSpacing="25" characterSpacing="6.25" /> 
  </TextBlocks>

  <Pins>
    <Pin number="2" padName="RX31p81Y64p99D0T" originX="-72.9292" originY="0" rotation="0" isMechanical="no" textBlockName="17" />
    <Pin number="1" padName="RX31p81Y64p99D0T" originX="72.9292" originY="0" rotation="180" isMechanical="no" textBlockName="17" />
  </Pins>
  <Vias>
  </Vias>
  <Layers>
    <Layer name="ROUTE KEEPOUT/TOP" packageHeight="62.9921" >
      <Path lineWidth="0" type="shape" >
        <Point x="-55.0236511230469" y="30.4960651397705" />
        <Point x="55.0236511230469" y="30.4960651397705" />
        <Point x="55.0236511230469" y="-30.4960651397705" />
        <Point x="-55.0236511230469" y="-30.4960651397705" />
        <Point x="-55.0236511230469" y="30.4960651397705" />
      </Path>
    </Layer>
    <Layer name="PACKAGE GEOMETRY/PLACE_BOUND_TOP" packageHeight="62.9921" packageHeightMin="10">
      <Path lineWidth="0" type="shape" >
        <Point x="-98.8346" y="-42.4961" />
        <Point x="-98.8346" y="42.4961" />
        <Point x="98.8346" y="42.4961" />
        <Point x="98.8346" y="-42.4961" />
        <Point x="-98.8346" y="-42.4961" />
      </Path>
    </Layer>
    <Layer name="MANUFACTURING/NO_PROBE_TOP" packageHeight="62.9921" >
      <Path lineWidth="0" type="shape" >
        <Point x="-96.3346" y="-39.9961" />
        <Point x="-96.3346" y="39.9961" />
        <Point x="96.3346" y="39.9961" />
        <Point x="96.3346" y="-39.9961" />
        <Point x="-96.3346" y="-39.9961" />
      </Path>
    </Layer>
    <Layer name="REF DES/SILKSCREEN_TOP" packageHeight="62.9921" >
      <Label layer="REF DES/SILKSCREEN_TOP" textBlock="3" angle="0" x="0" y="-25" text="Ref" justify="center" />
    </Layer>
    <Layer name="DEVICE TYPE/SILKSCREEN_TOP" packageHeight="62.9921" >
      <Label layer="DEVICE TYPE/SILKSCREEN_TOP" textBlock="3" angle="0" x="0" y="-25" text="Dev" justify="center" />
    </Layer>
    <Layer name="USER PART NUMBER/SILKSCREEN_TOP" packageHeight="62.9921" >
      <Label layer="USER PART NUMBER/SILKSCREEN_TOP" textBlock="3" angle="0" x="0" y="-25" text="PN" justify="center" />
    </Layer>
    <Layer name="DEVICE TYPE/ASSEMBLY_TOP" packageHeight="62.9921" >
      <Label layer="DEVICE TYPE/ASSEMBLY_TOP" textBlock="3" angle="0" x="0" y="-25" text="DEV" justify="center" />
    </Layer>
    <Layer name="COMPONENT VALUE/SILKSCREEN_TOP" packageHeight="62.9921" >
      <Label layer="COMPONENT VALUE/SILKSCREEN_TOP" textBlock="3" angle="0" x="0" y="-25" text="VAL" justify="center" />
    </Layer>
    <Layer name="TOLERANCE/SILKSCREEN_TOP" packageHeight="62.9921" >
      <Label layer="TOLERANCE/SILKSCREEN_TOP" textBlock="3" angle="0" x="0" y="-25" text="TOL" justify="center" />
    </Layer>
    <Layer name="REF DES/ASSEMBLY_TOP" packageHeight="62.9921" >
      <Label layer="REF DES/ASSEMBLY_TOP" textBlock="3" angle="0" x="0" y="-25" text="Ref" justify="center" />
    </Layer>
    <Layer name="PACKAGE GEOMETRY/ASSEMBLY_TOP" packageHeight="62.9921" >
      <Path lineWidth="0" type="line" >
        <Point x="-87.8346" y="0" />
        <Point x="-117.8346" y="0" />
      </Path>
    </Layer>
    <Layer name="PACKAGE GEOMETRY/ASSEMBLY_TOP" packageHeight="62.9921" >
      <Path lineWidth="0" type="line" >
        <Point x="-102.8346" y="15" />
        <Point x="-102.8346" y="-15" />
      </Path>
    </Layer>
    <Layer name="PACKAGE GEOMETRY/SILKSCREEN_TOP" packageHeight="62.9921" >
      <Path lineWidth="6" type="line" >
        <Point x="-117.8346" y="0" />
        <Point x="-147.8347" y="0" />
      </Path>
    </Layer>
    <Layer name="PACKAGE GEOMETRY/SILKSCREEN_TOP" packageHeight="62.9921" >
      <Path lineWidth="6" type="line" >
        <Point x="-132.8347" y="15" />
        <Point x="-132.8347" y="-15" />
      </Path>
    </Layer>
    <Layer name="PACKAGE GEOMETRY/SILKSCREEN_TOP" packageHeight="62.9921" >
      <Path lineWidth="6" type="line" >
        <Point x="-44.5493" y="-36.4961" />
        <Point x="44.5493" y="-36.4961" />
      </Path>
    </Layer>
    <Layer name="PACKAGE GEOMETRY/SILKSCREEN_TOP" packageHeight="62.9921" >
      <Path lineWidth="6" type="line" >
        <Point x="44.5493" y="36.4961" />
        <Point x="-44.5493" y="36.4961" />
      </Path>
    </Layer>
    <Layer name="PACKAGE GEOMETRY/ASSEMBLY_TOP" packageHeight="62.9921" >
      <Path lineWidth="0" type="line" >
        <Point x="-72.8346" y="-31.4961" />
        <Point x="72.8346" y="-31.4961" />
      </Path>
    </Layer>
    <Layer name="PACKAGE GEOMETRY/ASSEMBLY_TOP" packageHeight="62.9921" >
      <Path lineWidth="0" type="line" >
        <Point x="72.8346" y="-31.4961" />
        <Point x="72.8346" y="31.4961" />
      </Path>
    </Layer>
    <Layer name="PACKAGE GEOMETRY/ASSEMBLY_TOP" packageHeight="62.9921" >
      <Path lineWidth="0" type="line" >
        <Point x="72.8346" y="31.4961" />
        <Point x="-72.8346" y="31.4961" />
      </Path>
    </Layer>
    <Layer name="PACKAGE GEOMETRY/ASSEMBLY_TOP" packageHeight="62.9921" >
      <Path lineWidth="0" type="line" >
        <Point x="-72.8346" y="31.4961" />
        <Point x="-72.8346" y="-31.4961" />
      </Path>
    </Layer>
    <Layer name="PACKAGE GEOMETRY/DISPLAY_TOP" packageHeight="62.9921" >
      <Label layer="PACKAGE GEOMETRY/DISPLAY_TOP" textBlock="3" angle="0" x="0" y="-30" text="Built_By" justify="center" />
    </Layer>
  </Layers>
</Footprint>
