<Footprint name="SOD80C_NXP-L" >
  <Units type="mils" precision="3" />
  <Extents minX="-2425" minY="-2321.49606323242" width="4097.83465576172" height="3786.49606323242" />
  <Padstack name="RX20p81Y62p99D0T" type="single" > 
    <Layers>
      <Layer name="TOP" >
        <Pad shape="rectangle" width="20.811" height="62.9921" /> 
      </Layer>
      <Layer name="PASTEMASK_TOP" >
        <Pad shape="rectangle" width="20.811" height="62.9921" /> 
      </Layer>
      <Layer name="SOLDERMASK_TOP" >
        <Pad shape="rectangle" width="20.811" height="62.9921" /> 
      </Layer>
    </Layers>
  </Padstack>

  <Padstack name="RX20p81Y62p99D0T" type="single" > 
    <Layers>
      <Layer name="TOP" >
        <Pad shape="rectangle" width="20.811" height="62.9921" /> 
      </Layer>
      <Layer name="PASTEMASK_TOP" >
        <Pad shape="rectangle" width="20.811" height="62.9921" /> 
      </Layer>
      <Layer name="SOLDERMASK_TOP" >
        <Pad shape="rectangle" width="20.811" height="62.9921" /> 
      </Layer>
    </Layers>
  </Padstack>
  <TextBlocks>
    <TextBlock name="17" width="6.25" height="25" lineSpacing="25" characterSpacing="6.25" /> 
  </TextBlocks>

  <Pins>
    <Pin number="2" padName="RX20p81Y62p99D0T" originX="-70.4292" originY="0" rotation="0" isMechanical="no" textBlockName="17" />
    <Pin number="1" padName="RX20p81Y62p99D0T" originX="70.4292" originY="0" rotation="180" isMechanical="no" textBlockName="17" />
  </Pins>
  <Vias>
  </Vias>
  <Layers>
    <Layer name="ROUTE KEEPOUT/TOP" packageHeight="62.9921" >
      <Path lineWidth="6" type="shape" >
        <Point x="-58.0236511230469" y="29.4960651397705" />
        <Point x="58.0236511230469" y="29.4960651397705" />
        <Point x="58.0236511230469" y="-29.4960651397705" />
        <Point x="-58.0236511230469" y="-29.4960651397705" />
        <Point x="-58.0236511230469" y="29.4960651397705" />
      </Path>
    </Layer>
    <Layer name="PACKAGE GEOMETRY/PLACE_BOUND_TOP" packageHeight="62.9921" packageHeightMin="10">
      <Path lineWidth="6" type="shape" >
        <Point x="-90.8346" y="-41.4961" />
        <Point x="-90.8346" y="41.4961" />
        <Point x="90.8346" y="41.4961" />
        <Point x="90.8346" y="-41.4961" />
        <Point x="-90.8346" y="-41.4961" />
      </Path>
    </Layer>
    <Layer name="MANUFACTURING/NO_PROBE_TOP" packageHeight="62.9921" >
      <Path lineWidth="6" type="shape" >
        <Point x="-88.3346" y="-38.9961" />
        <Point x="-88.3346" y="38.9961" />
        <Point x="88.3346" y="38.9961" />
        <Point x="88.3346" y="-38.9961" />
        <Point x="-88.3346" y="-38.9961" />
      </Path>
    </Layer>
    <Layer name="REF DES/SILKSCREEN_TOP" packageHeight="62.9921" >
      <Label layer="REF DES/SILKSCREEN_TOP" textBlock="3" angle="0" x="0" y="-25" text="Ref" justify="center" />
    </Layer>
    <Layer name="DEVICE TYPE/SILKSCREEN_TOP" packageHeight="62.9921" >
      <Label layer="DEVICE TYPE/SILKSCREEN_TOP" textBlock="3" angle="0" x="0" y="-25" text="Dev" justify="center" />
    </Layer>
    <Layer name="USER PART NUMBER/SILKSCREEN_TOP" packageHeight="62.9921" >
      <Label layer="USER PART NUMBER/SILKSCREEN_TOP" textBlock="3" angle="0" x="0" y="-25" text="PN" justify="center" />
    </Layer>
    <Layer name="DEVICE TYPE/ASSEMBLY_TOP" packageHeight="62.9921" >
      <Label layer="DEVICE TYPE/ASSEMBLY_TOP" textBlock="3" angle="0" x="0" y="-25" text="DEV" justify="center" />
    </Layer>
    <Layer name="COMPONENT VALUE/SILKSCREEN_TOP" packageHeight="62.9921" >
      <Label layer="COMPONENT VALUE/SILKSCREEN_TOP" textBlock="3" angle="0" x="0" y="-25" text="VAL" justify="center" />
    </Layer>
    <Layer name="TOLERANCE/SILKSCREEN_TOP" packageHeight="62.9921" >
      <Label layer="TOLERANCE/SILKSCREEN_TOP" textBlock="3" angle="0" x="0" y="-25" text="TOL" justify="center" />
    </Layer>
    <Layer name="REF DES/ASSEMBLY_TOP" packageHeight="62.9921" >
      <Label layer="REF DES/ASSEMBLY_TOP" textBlock="3" angle="0" x="0" y="-25" text="Ref" justify="center" />
    </Layer>
    <Layer name="PACKAGE GEOMETRY/ASSEMBLY_TOP" packageHeight="62.9921" >
      <Path lineWidth="0" type="line" >
        <Point x="-87.8346" y="0" />
        <Point x="-117.8346" y="0" />
      </Path>
    </Layer>
    <Layer name="PACKAGE GEOMETRY/ASSEMBLY_TOP" packageHeight="62.9921" >
      <Path lineWidth="0" type="line" >
        <Point x="-102.8346" y="15" />
        <Point x="-102.8346" y="-15" />
      </Path>
    </Layer>
    <Layer name="PACKAGE GEOMETRY/SILKSCREEN_TOP" packageHeight="62.9921" >
      <Path lineWidth="6" type="line" >
        <Point x="-109.8346" y="0" />
        <Point x="-139.8347" y="0" />
      </Path>
    </Layer>
    <Layer name="PACKAGE GEOMETRY/SILKSCREEN_TOP" packageHeight="62.9921" >
      <Path lineWidth="6" type="line" >
        <Point x="-124.8346" y="15" />
        <Point x="-124.8346" y="-15" />
      </Path>
    </Layer>
    <Layer name="PACKAGE GEOMETRY/SILKSCREEN_TOP" packageHeight="62.9921" >
      <Path lineWidth="6" type="line" >
        <Point x="-47.9154" y="-36.4961" />
        <Point x="47.9154" y="-36.4961" />
      </Path>
    </Layer>
    <Layer name="PACKAGE GEOMETRY/SILKSCREEN_TOP" packageHeight="62.9921" >
      <Path lineWidth="6" type="line" >
        <Point x="47.9154" y="36.4961" />
        <Point x="-47.9154" y="36.4961" />
      </Path>
    </Layer>
    <Layer name="PACKAGE GEOMETRY/ASSEMBLY_TOP" packageHeight="62.9921" >
      <Path lineWidth="0" type="line" >
        <Point x="-72.8346" y="-31.4961" />
        <Point x="72.8346" y="-31.4961" />
      </Path>
    </Layer>
    <Layer name="PACKAGE GEOMETRY/ASSEMBLY_TOP" packageHeight="62.9921" >
      <Path lineWidth="0" type="line" >
        <Point x="72.8346" y="-31.4961" />
        <Point x="72.8346" y="31.4961" />
      </Path>
    </Layer>
    <Layer name="PACKAGE GEOMETRY/ASSEMBLY_TOP" packageHeight="62.9921" >
      <Path lineWidth="0" type="line" >
        <Point x="72.8346" y="31.4961" />
        <Point x="-72.8346" y="31.4961" />
      </Path>
    </Layer>
    <Layer name="PACKAGE GEOMETRY/ASSEMBLY_TOP" packageHeight="62.9921" >
      <Path lineWidth="0" type="line" >
        <Point x="-72.8346" y="31.4961" />
        <Point x="-72.8346" y="-31.4961" />
      </Path>
    </Layer>
  </Layers>
</Footprint>
