<Footprint name="CRYSTAL_ABM3C_ABR-M" >
  <Units type="mils" precision="3" />
  <Extents minX="-2565.5" minY="-2612" width="4231.5" height="4287" />
  <Padstack name="RX37Y53D0T" type="single" > 
    <Layers>
      <Layer name="TOP" >
        <Pad shape="rectangle" width="37" height="53" /> 
      </Layer>
      <Layer name="PASTEMASK_TOP" >
        <Pad shape="rectangle" width="37" height="53" /> 
      </Layer>
      <Layer name="SOLDERMASK_TOP" >
        <Pad shape="rectangle" width="37" height="53" /> 
      </Layer>
    </Layers>
  </Padstack>

  <Padstack name="RX37Y53D0T" type="single" > 
    <Layers>
      <Layer name="TOP" >
        <Pad shape="rectangle" width="37" height="53" /> 
      </Layer>
      <Layer name="PASTEMASK_TOP" >
        <Pad shape="rectangle" width="37" height="53" /> 
      </Layer>
      <Layer name="SOLDERMASK_TOP" >
        <Pad shape="rectangle" width="37" height="53" /> 
      </Layer>
    </Layers>
  </Padstack>
  <TextBlocks>
    <TextBlock name="17" width="6.25" height="25" lineSpacing="25" characterSpacing="6.25" /> 
  </TextBlocks>

  <Pins>
    <Pin number="1" padName="RX37Y53D0T" originX="-71" originY="45.2756" rotation="270" isMechanical="no" textBlockName="17" />
    <Pin number="4" padName="RX37Y53D0T" originX="-71" originY="-45.2756" rotation="270" isMechanical="no" textBlockName="17" />
    <Pin number="3" padName="RX37Y53D0T" originX="71" originY="-45.2756" rotation="270" isMechanical="no" textBlockName="17" />
    <Pin number="2" padName="RX37Y53D0T" originX="71" originY="45.2756" rotation="270" isMechanical="no" textBlockName="17" />
  </Pins>
  <Vias>
  </Vias>
  <Layers>
    <Layer name="PACKAGE GEOMETRY/PLACE_BOUND_TOP" packageHeight="51" packageHeightMin="0">
      <Path lineWidth="6" type="shape" >
        <Point x="-118.5" y="-83" />
        <Point x="-118.5" y="-83.7756" />
        <Point x="-118.5" y="-83.7756" />
        <Point x="-118.5" y="83.7756" />
        <Point x="-118.5" y="83.7756" />
        <Point x="-118.5" y="83" />
        <Point x="6.7756" y="83" />
        <Point x="6.7756" y="83" />
        <Point x="-6.7756" y="83" />
        <Point x="-6.7756" y="83" />
        <Point x="118.5" y="83" />
        <Point x="118.5" y="83.7756" />
        <Point x="118.5" y="83.7756" />
        <Point x="118.5" y="-83.7756" />
        <Point x="118.5" y="-83.7756" />
        <Point x="118.5" y="-83" />
        <Point x="-6.7756" y="-83" />
        <Point x="-6.7756" y="-83" />
        <Point x="6.7756" y="-83" />
        <Point x="6.7756" y="-83" />
        <Point x="-118.5" y="-83" />
      </Path>
    </Layer>
    <Layer name="MANUFACTURING/NO_PROBE_TOP" packageHeight="51" >
      <Path lineWidth="6" type="shape" >
        <Point x="-132.5" y="-97" />
        <Point x="-132.5" y="97" />
        <Point x="132.5" y="97" />
        <Point x="132.5" y="-97" />
        <Point x="-132.5" y="-97" />
      </Path>
    </Layer>
    <Layer name="REF DES/SILKSCREEN_TOP" packageHeight="51" >
      <Label layer="REF DES/SILKSCREEN_TOP" textBlock="3" angle="0" x="0" y="-25" text="Ref" justify="center" />
    </Layer>
    <Layer name="DEVICE TYPE/SILKSCREEN_TOP" packageHeight="51" >
      <Label layer="DEVICE TYPE/SILKSCREEN_TOP" textBlock="3" angle="0" x="0" y="-25" text="Dev" justify="center" />
    </Layer>
    <Layer name="USER PART NUMBER/SILKSCREEN_TOP" packageHeight="51" >
      <Label layer="USER PART NUMBER/SILKSCREEN_TOP" textBlock="3" angle="0" x="0" y="-25" text="PN" justify="center" />
    </Layer>
    <Layer name="DEVICE TYPE/ASSEMBLY_TOP" packageHeight="51" >
      <Label layer="DEVICE TYPE/ASSEMBLY_TOP" textBlock="3" angle="0" x="0" y="-25" text="DEV" justify="center" />
    </Layer>
    <Layer name="COMPONENT VALUE/SILKSCREEN_TOP" packageHeight="51" >
      <Label layer="COMPONENT VALUE/SILKSCREEN_TOP" textBlock="3" angle="0" x="0" y="-25" text="VAL" justify="center" />
    </Layer>
    <Layer name="TOLERANCE/SILKSCREEN_TOP" packageHeight="51" >
      <Label layer="TOLERANCE/SILKSCREEN_TOP" textBlock="3" angle="0" x="0" y="-25" text="TOL" justify="center" />
    </Layer>
    <Layer name="REF DES/ASSEMBLY_TOP" packageHeight="51" >
      <Label layer="REF DES/ASSEMBLY_TOP" textBlock="3" angle="0" x="0" y="-25" text="Ref" justify="center" />
    </Layer>
    <Layer name="PACKAGE GEOMETRY/SILKSCREEN_TOP" packageHeight="51" >
      <Label layer="PACKAGE GEOMETRY/SILKSCREEN_TOP" textBlock="3" angle="0" x="-122.5" y="65.551" text="*" justify="center" />
    </Layer>
    <Layer name="PACKAGE GEOMETRY/ASSEMBLY_TOP" packageHeight="51" >
      <Label layer="PACKAGE GEOMETRY/ASSEMBLY_TOP" textBlock="3" angle="0" x="-44.5" y="65.551" text="*" justify="center" />
    </Layer>
    <Layer name="PACKAGE GEOMETRY/ASSEMBLY_TOP" packageHeight="51" >
      <Path lineWidth="0" type="line" >
        <Point x="-98.5" y="13" />
        <Point x="-48.5" y="63" />
      </Path>
    </Layer>
    <Layer name="PACKAGE GEOMETRY/ASSEMBLY_TOP" packageHeight="51" >
      <Path lineWidth="0" type="line" >
        <Point x="-98.5" y="27.7756" />
        <Point x="-98.5" y="62.7756" />
      </Path>
    </Layer>
    <Layer name="PACKAGE GEOMETRY/ASSEMBLY_TOP" packageHeight="51" >
      <Path lineWidth="0" type="line" >
        <Point x="-98.5" y="62.7756" />
        <Point x="-95.5" y="62.7756" />
      </Path>
    </Layer>
    <Layer name="PACKAGE GEOMETRY/ASSEMBLY_TOP" packageHeight="51" >
      <Path lineWidth="0" type="line" >
        <Point x="-95.5" y="62.7756" />
        <Point x="-95.5" y="27.7756" />
      </Path>
    </Layer>
    <Layer name="PACKAGE GEOMETRY/ASSEMBLY_TOP" packageHeight="51" >
      <Path lineWidth="0" type="line" >
        <Point x="-95.5" y="27.7756" />
        <Point x="-98.5" y="27.7756" />
      </Path>
    </Layer>
    <Layer name="PACKAGE GEOMETRY/ASSEMBLY_TOP" packageHeight="51" >
      <Path lineWidth="0" type="line" >
        <Point x="-98.5" y="-62.7756" />
        <Point x="-98.5" y="-27.7756" />
      </Path>
    </Layer>
    <Layer name="PACKAGE GEOMETRY/ASSEMBLY_TOP" packageHeight="51" >
      <Path lineWidth="0" type="line" >
        <Point x="-98.5" y="-27.7756" />
        <Point x="-95.5" y="-27.7756" />
      </Path>
    </Layer>
    <Layer name="PACKAGE GEOMETRY/ASSEMBLY_TOP" packageHeight="51" >
      <Path lineWidth="0" type="line" >
        <Point x="-95.5" y="-27.7756" />
        <Point x="-95.5" y="-62.7756" />
      </Path>
    </Layer>
    <Layer name="PACKAGE GEOMETRY/ASSEMBLY_TOP" packageHeight="51" >
      <Path lineWidth="0" type="line" >
        <Point x="-95.5" y="-62.7756" />
        <Point x="-98.5" y="-62.7756" />
      </Path>
    </Layer>
    <Layer name="PACKAGE GEOMETRY/ASSEMBLY_TOP" packageHeight="51" >
      <Path lineWidth="0" type="line" >
        <Point x="98.5" y="-27.7756" />
        <Point x="98.5" y="-62.7756" />
      </Path>
    </Layer>
    <Layer name="PACKAGE GEOMETRY/ASSEMBLY_TOP" packageHeight="51" >
      <Path lineWidth="0" type="line" >
        <Point x="98.5" y="-62.7756" />
        <Point x="95.5" y="-62.7756" />
      </Path>
    </Layer>
    <Layer name="PACKAGE GEOMETRY/ASSEMBLY_TOP" packageHeight="51" >
      <Path lineWidth="0" type="line" >
        <Point x="95.5" y="-62.7756" />
        <Point x="95.5" y="-27.7756" />
      </Path>
    </Layer>
    <Layer name="PACKAGE GEOMETRY/ASSEMBLY_TOP" packageHeight="51" >
      <Path lineWidth="0" type="line" >
        <Point x="95.5" y="-27.7756" />
        <Point x="98.5" y="-27.7756" />
      </Path>
    </Layer>
    <Layer name="PACKAGE GEOMETRY/ASSEMBLY_TOP" packageHeight="51" >
      <Path lineWidth="0" type="line" >
        <Point x="98.5" y="62.7756" />
        <Point x="98.5" y="27.7756" />
      </Path>
    </Layer>
    <Layer name="PACKAGE GEOMETRY/ASSEMBLY_TOP" packageHeight="51" >
      <Path lineWidth="0" type="line" >
        <Point x="98.5" y="27.7756" />
        <Point x="95.5" y="27.7756" />
      </Path>
    </Layer>
    <Layer name="PACKAGE GEOMETRY/ASSEMBLY_TOP" packageHeight="51" >
      <Path lineWidth="0" type="line" >
        <Point x="95.5" y="27.7756" />
        <Point x="95.5" y="62.7756" />
      </Path>
    </Layer>
    <Layer name="PACKAGE GEOMETRY/ASSEMBLY_TOP" packageHeight="51" >
      <Path lineWidth="0" type="line" >
        <Point x="95.5" y="62.7756" />
        <Point x="98.5" y="62.7756" />
      </Path>
    </Layer>
    <Layer name="PACKAGE GEOMETRY/SILKSCREEN_TOP" packageHeight="51" >
      <Path lineWidth="6" type="line" >
        <Point x="-32.0998" y="-68" />
        <Point x="32.0998" y="-68" />
      </Path>
    </Layer>
    <Layer name="PACKAGE GEOMETRY/SILKSCREEN_TOP" packageHeight="51" >
      <Path lineWidth="6" type="line" >
        <Point x="103.5" y="-15.1304" />
        <Point x="103.5" y="15.1304" />
      </Path>
    </Layer>
    <Layer name="PACKAGE GEOMETRY/SILKSCREEN_TOP" packageHeight="51" >
      <Path lineWidth="6" type="line" >
        <Point x="32.0998" y="68" />
        <Point x="-32.0998" y="68" />
      </Path>
    </Layer>
    <Layer name="PACKAGE GEOMETRY/SILKSCREEN_TOP" packageHeight="51" >
      <Path lineWidth="6" type="line" >
        <Point x="-103.5" y="15.1304" />
        <Point x="-103.5" y="-15.1304" />
      </Path>
    </Layer>
    <Layer name="PACKAGE GEOMETRY/ASSEMBLY_TOP" packageHeight="51" >
      <Path lineWidth="0" type="line" >
        <Point x="-98.5" y="-63" />
        <Point x="98.5" y="-63" />
      </Path>
    </Layer>
    <Layer name="PACKAGE GEOMETRY/ASSEMBLY_TOP" packageHeight="51" >
      <Path lineWidth="0" type="line" >
        <Point x="98.5" y="-63" />
        <Point x="98.5" y="-63" />
      </Path>
    </Layer>
    <Layer name="PACKAGE GEOMETRY/ASSEMBLY_TOP" packageHeight="51" >
      <Path lineWidth="0" type="line" >
        <Point x="98.5" y="-63" />
        <Point x="98.5" y="63" />
      </Path>
    </Layer>
    <Layer name="PACKAGE GEOMETRY/ASSEMBLY_TOP" packageHeight="51" >
      <Path lineWidth="0" type="line" >
        <Point x="98.5" y="63" />
        <Point x="98.5" y="63" />
      </Path>
    </Layer>
    <Layer name="PACKAGE GEOMETRY/ASSEMBLY_TOP" packageHeight="51" >
      <Path lineWidth="0" type="line" >
        <Point x="98.5" y="63" />
        <Point x="-98.5" y="63" />
      </Path>
    </Layer>
    <Layer name="PACKAGE GEOMETRY/ASSEMBLY_TOP" packageHeight="51" >
      <Path lineWidth="0" type="line" >
        <Point x="-98.5" y="63" />
        <Point x="-98.5" y="63" />
      </Path>
    </Layer>
    <Layer name="PACKAGE GEOMETRY/ASSEMBLY_TOP" packageHeight="51" >
      <Path lineWidth="0" type="line" >
        <Point x="-98.5" y="63" />
        <Point x="-98.5" y="-63" />
      </Path>
    </Layer>
    <Layer name="PACKAGE GEOMETRY/ASSEMBLY_TOP" packageHeight="51" >
      <Path lineWidth="0" type="line" >
        <Point x="-98.5" y="-63" />
        <Point x="-98.5" y="-63" />
      </Path>
    </Layer>
  </Layers>
</Footprint>
