<Footprint name="CRYSTAL_ABM3C_ABR" >
  <Units type="mils" precision="3" />
  <Extents minX="-2566" minY="-2610" width="4232" height="4285" />
  <Padstack name="RX35Y49D0T" type="single" > 
    <Layers>
      <Layer name="TOP" >
        <Pad shape="rectangle" width="35" height="49" /> 
      </Layer>
      <Layer name="PASTEMASK_TOP" >
        <Pad shape="rectangle" width="35" height="49" /> 
      </Layer>
      <Layer name="SOLDERMASK_TOP" >
        <Pad shape="rectangle" width="35" height="49" /> 
      </Layer>
    </Layers>
  </Padstack>

  <Padstack name="RX35Y49D0T" type="single" > 
    <Layers>
      <Layer name="TOP" >
        <Pad shape="rectangle" width="35" height="49" /> 
      </Layer>
      <Layer name="PASTEMASK_TOP" >
        <Pad shape="rectangle" width="35" height="49" /> 
      </Layer>
      <Layer name="SOLDERMASK_TOP" >
        <Pad shape="rectangle" width="35" height="49" /> 
      </Layer>
    </Layers>
  </Padstack>
  <TextBlocks>
    <TextBlock name="17" width="6.25" height="25" lineSpacing="25" characterSpacing="6.25" /> 
  </TextBlocks>

  <Pins>
    <Pin number="1" padName="RX35Y49D0T" originX="-71" originY="45.2756" rotation="270" isMechanical="no" textBlockName="17" />
    <Pin number="4" padName="RX35Y49D0T" originX="-71" originY="-45.2756" rotation="270" isMechanical="no" textBlockName="17" />
    <Pin number="3" padName="RX35Y49D0T" originX="71" originY="-45.2756" rotation="270" isMechanical="no" textBlockName="17" />
    <Pin number="2" padName="RX35Y49D0T" originX="71" originY="45.2756" rotation="270" isMechanical="no" textBlockName="17" />
  </Pins>
  <Vias>
  </Vias>
  <Layers>
    <Layer name="PACKAGE GEOMETRY/PLACE_BOUND_TOP" packageHeight="51" packageHeightMin="0">
      <Path lineWidth="0" type="shape" >
        <Point x="-108.5" y="-73" />
        <Point x="-108.5" y="-72.7756" />
        <Point x="-108.5" y="-72.7756" />
        <Point x="-108.5" y="72.7756" />
        <Point x="-108.5" y="72.7756" />
        <Point x="-108.5" y="73" />
        <Point x="17.7756" y="73" />
        <Point x="17.7756" y="73" />
        <Point x="-17.7756" y="73" />
        <Point x="-17.7756" y="73" />
        <Point x="108.5" y="73" />
        <Point x="108.5" y="72.7756" />
        <Point x="108.5" y="72.7756" />
        <Point x="108.5" y="-72.7756" />
        <Point x="108.5" y="-72.7756" />
        <Point x="108.5" y="-73" />
        <Point x="-17.7756" y="-73" />
        <Point x="-17.7756" y="-73" />
        <Point x="17.7756" y="-73" />
        <Point x="17.7756" y="-73" />
        <Point x="-108.5" y="-73" />
      </Path>
    </Layer>
    <Layer name="MANUFACTURING/NO_PROBE_TOP" packageHeight="51" >
      <Path lineWidth="0" type="shape" >
        <Point x="-120.5" y="-85" />
        <Point x="-120.5" y="85" />
        <Point x="120.5" y="85" />
        <Point x="120.5" y="-85" />
        <Point x="-120.5" y="-85" />
      </Path>
    </Layer>
    <Layer name="REF DES/SILKSCREEN_TOP" packageHeight="51" >
      <Label layer="REF DES/SILKSCREEN_TOP" textBlock="3" angle="0" x="0" y="-25" text="Ref" justify="center" />
    </Layer>
    <Layer name="DEVICE TYPE/SILKSCREEN_TOP" packageHeight="51" >
      <Label layer="DEVICE TYPE/SILKSCREEN_TOP" textBlock="3" angle="0" x="0" y="-25" text="Dev" justify="center" />
    </Layer>
    <Layer name="USER PART NUMBER/SILKSCREEN_TOP" packageHeight="51" >
      <Label layer="USER PART NUMBER/SILKSCREEN_TOP" textBlock="3" angle="0" x="0" y="-25" text="PN" justify="center" />
    </Layer>
    <Layer name="DEVICE TYPE/ASSEMBLY_TOP" packageHeight="51" >
      <Label layer="DEVICE TYPE/ASSEMBLY_TOP" textBlock="3" angle="0" x="0" y="-25" text="DEV" justify="center" />
    </Layer>
    <Layer name="COMPONENT VALUE/SILKSCREEN_TOP" packageHeight="51" >
      <Label layer="COMPONENT VALUE/SILKSCREEN_TOP" textBlock="3" angle="0" x="0" y="-25" text="VAL" justify="center" />
    </Layer>
    <Layer name="TOLERANCE/SILKSCREEN_TOP" packageHeight="51" >
      <Label layer="TOLERANCE/SILKSCREEN_TOP" textBlock="3" angle="0" x="0" y="-25" text="TOL" justify="center" />
    </Layer>
    <Layer name="REF DES/ASSEMBLY_TOP" packageHeight="51" >
      <Label layer="REF DES/ASSEMBLY_TOP" textBlock="3" angle="0" x="0" y="-25" text="Ref" justify="center" />
    </Layer>
    <Layer name="PACKAGE GEOMETRY/SILKSCREEN_TOP" packageHeight="51" >
      <Label layer="PACKAGE GEOMETRY/SILKSCREEN_TOP" textBlock="3" angle="0" x="-120.5" y="65.551" text="*" justify="center" />
    </Layer>
    <Layer name="PACKAGE GEOMETRY/ASSEMBLY_TOP" packageHeight="51" >
      <Label layer="PACKAGE GEOMETRY/ASSEMBLY_TOP" textBlock="3" angle="0" x="-46.5" y="65.551" text="*" justify="center" />
    </Layer>
    <Layer name="PACKAGE GEOMETRY/ASSEMBLY_TOP" packageHeight="51" >
      <Path lineWidth="0" type="line" >
        <Point x="-98.5" y="13" />
        <Point x="-48.5" y="63" />
      </Path>
    </Layer>
    <Layer name="PACKAGE GEOMETRY/ASSEMBLY_TOP" packageHeight="51" >
      <Path lineWidth="0" type="line" >
        <Point x="-98.5" y="27.7756" />
        <Point x="-98.5" y="62.7756" />
      </Path>
    </Layer>
    <Layer name="PACKAGE GEOMETRY/ASSEMBLY_TOP" packageHeight="51" >
      <Path lineWidth="0" type="line" >
        <Point x="-98.5" y="62.7756" />
        <Point x="-95.5" y="62.7756" />
      </Path>
    </Layer>
    <Layer name="PACKAGE GEOMETRY/ASSEMBLY_TOP" packageHeight="51" >
      <Path lineWidth="0" type="line" >
        <Point x="-95.5" y="62.7756" />
        <Point x="-95.5" y="27.7756" />
      </Path>
    </Layer>
    <Layer name="PACKAGE GEOMETRY/ASSEMBLY_TOP" packageHeight="51" >
      <Path lineWidth="0" type="line" >
        <Point x="-95.5" y="27.7756" />
        <Point x="-98.5" y="27.7756" />
      </Path>
    </Layer>
    <Layer name="PACKAGE GEOMETRY/ASSEMBLY_TOP" packageHeight="51" >
      <Path lineWidth="0" type="line" >
        <Point x="-98.5" y="-62.7756" />
        <Point x="-98.5" y="-27.7756" />
      </Path>
    </Layer>
    <Layer name="PACKAGE GEOMETRY/ASSEMBLY_TOP" packageHeight="51" >
      <Path lineWidth="0" type="line" >
        <Point x="-98.5" y="-27.7756" />
        <Point x="-95.5" y="-27.7756" />
      </Path>
    </Layer>
    <Layer name="PACKAGE GEOMETRY/ASSEMBLY_TOP" packageHeight="51" >
      <Path lineWidth="0" type="line" >
        <Point x="-95.5" y="-27.7756" />
        <Point x="-95.5" y="-62.7756" />
      </Path>
    </Layer>
    <Layer name="PACKAGE GEOMETRY/ASSEMBLY_TOP" packageHeight="51" >
      <Path lineWidth="0" type="line" >
        <Point x="-95.5" y="-62.7756" />
        <Point x="-98.5" y="-62.7756" />
      </Path>
    </Layer>
    <Layer name="PACKAGE GEOMETRY/ASSEMBLY_TOP" packageHeight="51" >
      <Path lineWidth="0" type="line" >
        <Point x="98.5" y="-27.7756" />
        <Point x="98.5" y="-62.7756" />
      </Path>
    </Layer>
    <Layer name="PACKAGE GEOMETRY/ASSEMBLY_TOP" packageHeight="51" >
      <Path lineWidth="0" type="line" >
        <Point x="98.5" y="-62.7756" />
        <Point x="95.5" y="-62.7756" />
      </Path>
    </Layer>
    <Layer name="PACKAGE GEOMETRY/ASSEMBLY_TOP" packageHeight="51" >
      <Path lineWidth="0" type="line" >
        <Point x="95.5" y="-62.7756" />
        <Point x="95.5" y="-27.7756" />
      </Path>
    </Layer>
    <Layer name="PACKAGE GEOMETRY/ASSEMBLY_TOP" packageHeight="51" >
      <Path lineWidth="0" type="line" >
        <Point x="95.5" y="-27.7756" />
        <Point x="98.5" y="-27.7756" />
      </Path>
    </Layer>
    <Layer name="PACKAGE GEOMETRY/ASSEMBLY_TOP" packageHeight="51" >
      <Path lineWidth="0" type="line" >
        <Point x="98.5" y="62.7756" />
        <Point x="98.5" y="27.7756" />
      </Path>
    </Layer>
    <Layer name="PACKAGE GEOMETRY/ASSEMBLY_TOP" packageHeight="51" >
      <Path lineWidth="0" type="line" >
        <Point x="98.5" y="27.7756" />
        <Point x="95.5" y="27.7756" />
      </Path>
    </Layer>
    <Layer name="PACKAGE GEOMETRY/ASSEMBLY_TOP" packageHeight="51" >
      <Path lineWidth="0" type="line" >
        <Point x="95.5" y="27.7756" />
        <Point x="95.5" y="62.7756" />
      </Path>
    </Layer>
    <Layer name="PACKAGE GEOMETRY/ASSEMBLY_TOP" packageHeight="51" >
      <Path lineWidth="0" type="line" >
        <Point x="95.5" y="62.7756" />
        <Point x="98.5" y="62.7756" />
      </Path>
    </Layer>
    <Layer name="PACKAGE GEOMETRY/SILKSCREEN_TOP" packageHeight="51" >
      <Path lineWidth="6" type="line" >
        <Point x="-34.4869" y="-68" />
        <Point x="34.4869" y="-68" />
      </Path>
    </Layer>
    <Layer name="PACKAGE GEOMETRY/SILKSCREEN_TOP" packageHeight="51" >
      <Path lineWidth="6" type="line" >
        <Point x="103.5" y="-17.4021" />
        <Point x="103.5" y="17.4021" />
      </Path>
    </Layer>
    <Layer name="PACKAGE GEOMETRY/SILKSCREEN_TOP" packageHeight="51" >
      <Path lineWidth="6" type="line" >
        <Point x="34.4869" y="68" />
        <Point x="-34.4869" y="68" />
      </Path>
    </Layer>
    <Layer name="PACKAGE GEOMETRY/SILKSCREEN_TOP" packageHeight="51" >
      <Path lineWidth="6" type="line" >
        <Point x="-103.5" y="17.4021" />
        <Point x="-103.5" y="-17.4021" />
      </Path>
    </Layer>
    <Layer name="PACKAGE GEOMETRY/ASSEMBLY_TOP" packageHeight="51" >
      <Path lineWidth="0" type="line" >
        <Point x="-98.5" y="-63" />
        <Point x="98.5" y="-63" />
      </Path>
    </Layer>
    <Layer name="PACKAGE GEOMETRY/ASSEMBLY_TOP" packageHeight="51" >
      <Path lineWidth="0" type="line" >
        <Point x="98.5" y="-63" />
        <Point x="98.5" y="-63" />
      </Path>
    </Layer>
    <Layer name="PACKAGE GEOMETRY/ASSEMBLY_TOP" packageHeight="51" >
      <Path lineWidth="0" type="line" >
        <Point x="98.5" y="-63" />
        <Point x="98.5" y="63" />
      </Path>
    </Layer>
    <Layer name="PACKAGE GEOMETRY/ASSEMBLY_TOP" packageHeight="51" >
      <Path lineWidth="0" type="line" >
        <Point x="98.5" y="63" />
        <Point x="98.5" y="63" />
      </Path>
    </Layer>
    <Layer name="PACKAGE GEOMETRY/ASSEMBLY_TOP" packageHeight="51" >
      <Path lineWidth="0" type="line" >
        <Point x="98.5" y="63" />
        <Point x="-98.5" y="63" />
      </Path>
    </Layer>
    <Layer name="PACKAGE GEOMETRY/ASSEMBLY_TOP" packageHeight="51" >
      <Path lineWidth="0" type="line" >
        <Point x="-98.5" y="63" />
        <Point x="-98.5" y="63" />
      </Path>
    </Layer>
    <Layer name="PACKAGE GEOMETRY/ASSEMBLY_TOP" packageHeight="51" >
      <Path lineWidth="0" type="line" >
        <Point x="-98.5" y="63" />
        <Point x="-98.5" y="-63" />
      </Path>
    </Layer>
    <Layer name="PACKAGE GEOMETRY/ASSEMBLY_TOP" packageHeight="51" >
      <Path lineWidth="0" type="line" >
        <Point x="-98.5" y="-63" />
        <Point x="-98.5" y="-63" />
      </Path>
    </Layer>
  </Layers>
</Footprint>
