<Footprint name="SMA_DIO-L" >
  <Units type="mils" precision="3" />
  <Extents minX="-2425" minY="-2482.48028564453" width="4068.03939819336" height="3964.51959228516" />
  <Padstack name="RX70p84Y62p17D0T" type="single" > 
    <Layers>
      <Layer name="TOP" >
        <Pad shape="rectangle" width="62.1732" height="70.8425" /> 
      </Layer>
      <Layer name="PASTEMASK_TOP" >
        <Pad shape="rectangle" width="62.1732" height="70.8425" /> 
      </Layer>
      <Layer name="SOLDERMASK_TOP" >
        <Pad shape="rectangle" width="62.1732" height="70.8425" /> 
      </Layer>
    </Layers>
  </Padstack>

  <Padstack name="RX70p84Y62p17D0T" type="single" > 
    <Layers>
      <Layer name="TOP" >
        <Pad shape="rectangle" width="62.1732" height="70.8425" /> 
      </Layer>
      <Layer name="PASTEMASK_TOP" >
        <Pad shape="rectangle" width="62.1732" height="70.8425" /> 
      </Layer>
      <Layer name="SOLDERMASK_TOP" >
        <Pad shape="rectangle" width="62.1732" height="70.8425" /> 
      </Layer>
    </Layers>
  </Padstack>
  <TextBlocks>
    <TextBlock name="17" width="6.25" height="25" lineSpacing="25" characterSpacing="6.25" /> 
  </TextBlocks>

  <Pins>
    <Pin number="1" padName="RX70p84Y62p17D0T" originX="-77.6181" originY="0" rotation="90" isMechanical="no" textBlockName="17" />
    <Pin number="2" padName="RX70p84Y62p17D0T" originX="77.6181" originY="0" rotation="90" isMechanical="no" textBlockName="17" />
  </Pins>
  <Vias>
  </Vias>
  <Layers>
    <Layer name="VIA KEEPOUT/TOP" packageHeight="90.5512" >
      <Path lineWidth="6" type="shape" >
        <Point x="-40.1968307495117" y="34.0866165161133" />
        <Point x="40.1968307495117" y="34.0866165161133" />
        <Point x="40.1968307495117" y="-34.0866165161133" />
        <Point x="-40.1968307495117" y="-34.0866165161133" />
        <Point x="-40.1968307495117" y="34.0866165161133" />
      </Path>
    </Layer>
    <Layer name="ROUTE KEEPOUT/TOP" packageHeight="90.5512" >
      <Path lineWidth="6" type="shape" >
        <Point x="-40.1968307495117" y="34.0866165161133" />
        <Point x="40.1968307495117" y="34.0866165161133" />
        <Point x="40.1968307495117" y="-34.0866165161133" />
        <Point x="-40.1968307495117" y="-34.0866165161133" />
        <Point x="-40.1968307495117" y="34.0866165161133" />
      </Path>
    </Layer>
    <Layer name="ROUTE KEEPOUT/TOP" packageHeight="90.5512" >
      <Path lineWidth="6" type="shape" >
        <Point x="-40.1968307495117" y="34.0866165161133" />
        <Point x="40.1968307495117" y="34.0866165161133" />
        <Point x="40.1968307495117" y="-34.0866165161133" />
        <Point x="-40.1968307495117" y="-34.0866165161133" />
        <Point x="-40.1968307495117" y="34.0866165161133" />
      </Path>
    </Layer>
    <Layer name="ROUTE KEEPOUT/TOP" packageHeight="90.5512" >
      <Path lineWidth="6" type="shape" >
        <Point x="-108.039352416992" y="55.4802894592285" />
        <Point x="108.039352416992" y="55.4802894592285" />
        <Point x="108.039352416992" y="34.0866088867188" />
        <Point x="-108.039352416992" y="34.0866088867188" />
        <Point x="-108.039352416992" y="55.4802894592285" />
      </Path>
    </Layer>
    <Layer name="ROUTE KEEPOUT/TOP" packageHeight="90.5512" >
      <Path lineWidth="6" type="shape" >
        <Point x="-108.039352416992" y="-34.0866088867188" />
        <Point x="108.039352416992" y="-34.0866088867188" />
        <Point x="108.039352416992" y="-55.4802894592285" />
        <Point x="-108.039352416992" y="-55.4802894592285" />
        <Point x="-108.039352416992" y="-34.0866088867188" />
      </Path>
    </Layer>
    <Layer name="PACKAGE GEOMETRY/PLACE_BOUND_TOP" packageHeight="90.5512" packageHeightMin="0">
      <Path lineWidth="6" type="shape" >
        <Point x="-117.0394" y="-36.0866" />
        <Point x="-117.0394" y="36.0866" />
        <Point x="-114.0394" y="36.0866" />
        <Point x="-114.0394" y="61.4803" />
        <Point x="114.0394" y="61.4803" />
        <Point x="114.0394" y="36.0866" />
        <Point x="117.0394" y="36.0866" />
        <Point x="117.0394" y="-36.0866" />
        <Point x="114.0394" y="-36.0866" />
        <Point x="114.0394" y="-61.4803" />
        <Point x="-114.0394" y="-61.4803" />
        <Point x="-114.0394" y="-36.0866" />
        <Point x="-117.0394" y="-36.0866" />
      </Path>
    </Layer>
    <Layer name="MANUFACTURING/NO_PROBE_TOP" packageHeight="90.5512" >
      <Path lineWidth="6" type="shape" >
        <Point x="-132.0394" y="-72.4803" />
        <Point x="-132.0394" y="72.4803" />
        <Point x="132.0394" y="72.4803" />
        <Point x="132.0394" y="-72.4803" />
        <Point x="-132.0394" y="-72.4803" />
      </Path>
    </Layer>
    <Layer name="REF DES/SILKSCREEN_TOP" packageHeight="90.5512" >
      <Label layer="REF DES/SILKSCREEN_TOP" textBlock="3" angle="0" x="0" y="-25" text="Ref" justify="center" />
    </Layer>
    <Layer name="DEVICE TYPE/SILKSCREEN_TOP" packageHeight="90.5512" >
      <Label layer="DEVICE TYPE/SILKSCREEN_TOP" textBlock="3" angle="0" x="0" y="-25" text="Dev" justify="center" />
    </Layer>
    <Layer name="USER PART NUMBER/SILKSCREEN_TOP" packageHeight="90.5512" >
      <Label layer="USER PART NUMBER/SILKSCREEN_TOP" textBlock="3" angle="0" x="0" y="-25" text="PN" justify="center" />
    </Layer>
    <Layer name="DEVICE TYPE/ASSEMBLY_TOP" packageHeight="90.5512" >
      <Label layer="DEVICE TYPE/ASSEMBLY_TOP" textBlock="3" angle="0" x="0" y="-25" text="DEV" justify="center" />
    </Layer>
    <Layer name="COMPONENT VALUE/SILKSCREEN_TOP" packageHeight="90.5512" >
      <Label layer="COMPONENT VALUE/SILKSCREEN_TOP" textBlock="3" angle="0" x="0" y="-25" text="VAL" justify="center" />
    </Layer>
    <Layer name="TOLERANCE/SILKSCREEN_TOP" packageHeight="90.5512" >
      <Label layer="TOLERANCE/SILKSCREEN_TOP" textBlock="3" angle="0" x="0" y="-25" text="TOL" justify="center" />
    </Layer>
    <Layer name="REF DES/ASSEMBLY_TOP" packageHeight="90.5512" >
      <Label layer="REF DES/ASSEMBLY_TOP" textBlock="3" angle="0" x="0" y="-25" text="Ref" justify="center" />
    </Layer>
    <Layer name="PACKAGE GEOMETRY/ASSEMBLY_TOP" packageHeight="90.5512" >
      <Path lineWidth="0" type="line" >
        <Point x="-130.0394" y="0" />
        <Point x="-180.0394" y="0" />
      </Path>
    </Layer>
    <Layer name="PACKAGE GEOMETRY/ASSEMBLY_TOP" packageHeight="90.5512" >
      <Path lineWidth="0" type="line" >
        <Point x="-170.0394" y="25" />
        <Point x="-170.0394" y="-25" />
      </Path>
    </Layer>
    <Layer name="PACKAGE GEOMETRY/ASSEMBLY_TOP" packageHeight="90.5512" >
      <Path lineWidth="0" type="line" >
        <Point x="-170.0394" y="0" />
        <Point x="-140.0394" y="25" />
      </Path>
    </Layer>
    <Layer name="PACKAGE GEOMETRY/ASSEMBLY_TOP" packageHeight="90.5512" >
      <Path lineWidth="0" type="line" >
        <Point x="-170.0394" y="0" />
        <Point x="-140.0394" y="20" />
      </Path>
    </Layer>
    <Layer name="PACKAGE GEOMETRY/ASSEMBLY_TOP" packageHeight="90.5512" >
      <Path lineWidth="0" type="line" >
        <Point x="-170.0394" y="0" />
        <Point x="-140.0394" y="15" />
      </Path>
    </Layer>
    <Layer name="PACKAGE GEOMETRY/ASSEMBLY_TOP" packageHeight="90.5512" >
      <Path lineWidth="0" type="line" >
        <Point x="-170.0394" y="0" />
        <Point x="-140.0394" y="10" />
      </Path>
    </Layer>
    <Layer name="PACKAGE GEOMETRY/ASSEMBLY_TOP" packageHeight="90.5512" >
      <Path lineWidth="0" type="line" >
        <Point x="-170.0394" y="0" />
        <Point x="-140.0394" y="5" />
      </Path>
    </Layer>
    <Layer name="PACKAGE GEOMETRY/ASSEMBLY_TOP" packageHeight="90.5512" >
      <Path lineWidth="0" type="line" >
        <Point x="-170.0394" y="0" />
        <Point x="-140.0394" y="-25" />
      </Path>
    </Layer>
    <Layer name="PACKAGE GEOMETRY/ASSEMBLY_TOP" packageHeight="90.5512" >
      <Path lineWidth="0" type="line" >
        <Point x="-170.0394" y="0" />
        <Point x="-140.0394" y="-20" />
      </Path>
    </Layer>
    <Layer name="PACKAGE GEOMETRY/ASSEMBLY_TOP" packageHeight="90.5512" >
      <Path lineWidth="0" type="line" >
        <Point x="-170.0394" y="0" />
        <Point x="-140.0394" y="-15" />
      </Path>
    </Layer>
    <Layer name="PACKAGE GEOMETRY/ASSEMBLY_TOP" packageHeight="90.5512" >
      <Path lineWidth="0" type="line" >
        <Point x="-170.0394" y="0" />
        <Point x="-140.0394" y="-10" />
      </Path>
    </Layer>
    <Layer name="PACKAGE GEOMETRY/ASSEMBLY_TOP" packageHeight="90.5512" >
      <Path lineWidth="0" type="line" >
        <Point x="-170.0394" y="0" />
        <Point x="-140.0394" y="-5" />
      </Path>
    </Layer>
    <Layer name="PACKAGE GEOMETRY/ASSEMBLY_TOP" packageHeight="90.5512" >
      <Path lineWidth="0" type="line" >
        <Point x="-140.0394" y="25" />
        <Point x="-140.0394" y="-25" />
      </Path>
    </Layer>
    <Layer name="PACKAGE GEOMETRY/SILKSCREEN_TOP" packageHeight="90.5512" >
      <Path lineWidth="6" type="line" >
        <Point x="-130.0394" y="0" />
        <Point x="-180.0394" y="0" />
      </Path>
    </Layer>
    <Layer name="PACKAGE GEOMETRY/SILKSCREEN_TOP" packageHeight="90.5512" >
      <Path lineWidth="6" type="line" >
        <Point x="-170.0394" y="25" />
        <Point x="-170.0394" y="-25" />
      </Path>
    </Layer>
    <Layer name="PACKAGE GEOMETRY/SILKSCREEN_TOP" packageHeight="90.5512" >
      <Path lineWidth="6" type="line" >
        <Point x="-170.0394" y="0" />
        <Point x="-140.0394" y="25" />
      </Path>
    </Layer>
    <Layer name="PACKAGE GEOMETRY/SILKSCREEN_TOP" packageHeight="90.5512" >
      <Path lineWidth="6" type="line" >
        <Point x="-170.0394" y="0" />
        <Point x="-140.0394" y="20" />
      </Path>
    </Layer>
    <Layer name="PACKAGE GEOMETRY/SILKSCREEN_TOP" packageHeight="90.5512" >
      <Path lineWidth="6" type="line" >
        <Point x="-170.0394" y="0" />
        <Point x="-140.0394" y="15" />
      </Path>
    </Layer>
    <Layer name="PACKAGE GEOMETRY/SILKSCREEN_TOP" packageHeight="90.5512" >
      <Path lineWidth="6" type="line" >
        <Point x="-170.0394" y="0" />
        <Point x="-140.0394" y="10" />
      </Path>
    </Layer>
    <Layer name="PACKAGE GEOMETRY/SILKSCREEN_TOP" packageHeight="90.5512" >
      <Path lineWidth="6" type="line" >
        <Point x="-170.0394" y="0" />
        <Point x="-140.0394" y="5" />
      </Path>
    </Layer>
    <Layer name="PACKAGE GEOMETRY/SILKSCREEN_TOP" packageHeight="90.5512" >
      <Path lineWidth="6" type="line" >
        <Point x="-170.0394" y="0" />
        <Point x="-140.0394" y="-25" />
      </Path>
    </Layer>
    <Layer name="PACKAGE GEOMETRY/SILKSCREEN_TOP" packageHeight="90.5512" >
      <Path lineWidth="6" type="line" >
        <Point x="-170.0394" y="0" />
        <Point x="-140.0394" y="-20" />
      </Path>
    </Layer>
    <Layer name="PACKAGE GEOMETRY/SILKSCREEN_TOP" packageHeight="90.5512" >
      <Path lineWidth="6" type="line" >
        <Point x="-170.0394" y="0" />
        <Point x="-140.0394" y="-15" />
      </Path>
    </Layer>
    <Layer name="PACKAGE GEOMETRY/SILKSCREEN_TOP" packageHeight="90.5512" >
      <Path lineWidth="6" type="line" >
        <Point x="-170.0394" y="0" />
        <Point x="-140.0394" y="-10" />
      </Path>
    </Layer>
    <Layer name="PACKAGE GEOMETRY/SILKSCREEN_TOP" packageHeight="90.5512" >
      <Path lineWidth="6" type="line" >
        <Point x="-170.0394" y="0" />
        <Point x="-140.0394" y="-5" />
      </Path>
    </Layer>
    <Layer name="PACKAGE GEOMETRY/SILKSCREEN_TOP" packageHeight="90.5512" >
      <Path lineWidth="6" type="line" >
        <Point x="-140.0394" y="25" />
        <Point x="-140.0394" y="-25" />
      </Path>
    </Layer>
    <Layer name="PACKAGE GEOMETRY/SILKSCREEN_TOP" packageHeight="90.5512" >
      <Path lineWidth="6" type="line" >
        <Point x="-115.0394" y="-62.4803" />
        <Point x="115.0394" y="-62.4803" />
      </Path>
    </Layer>
    <Layer name="PACKAGE GEOMETRY/SILKSCREEN_TOP" packageHeight="90.5512" >
      <Path lineWidth="6" type="line" >
        <Point x="115.0394" y="-62.4803" />
        <Point x="115.0394" y="-44.033" />
      </Path>
    </Layer>
    <Layer name="PACKAGE GEOMETRY/SILKSCREEN_TOP" packageHeight="90.5512" >
      <Path lineWidth="6" type="line" >
        <Point x="115.0394" y="62.4803" />
        <Point x="-115.0394" y="62.4803" />
      </Path>
    </Layer>
    <Layer name="PACKAGE GEOMETRY/SILKSCREEN_TOP" packageHeight="90.5512" >
      <Path lineWidth="6" type="line" >
        <Point x="-115.0394" y="62.4803" />
        <Point x="-115.0394" y="44.033" />
      </Path>
    </Layer>
    <Layer name="PACKAGE GEOMETRY/ASSEMBLY_TOP" packageHeight="90.5512" >
      <Path lineWidth="0" type="line" >
        <Point x="-110.0394" y="-57.4803" />
        <Point x="110.0394" y="-57.4803" />
      </Path>
    </Layer>
    <Layer name="PACKAGE GEOMETRY/ASSEMBLY_TOP" packageHeight="90.5512" >
      <Path lineWidth="0" type="line" >
        <Point x="110.0394" y="-57.4803" />
        <Point x="110.0394" y="57.4803" />
      </Path>
    </Layer>
    <Layer name="PACKAGE GEOMETRY/ASSEMBLY_TOP" packageHeight="90.5512" >
      <Path lineWidth="0" type="line" >
        <Point x="110.0394" y="57.4803" />
        <Point x="-110.0394" y="57.4803" />
      </Path>
    </Layer>
    <Layer name="PACKAGE GEOMETRY/ASSEMBLY_TOP" packageHeight="90.5512" >
      <Path lineWidth="0" type="line" >
        <Point x="-110.0394" y="57.4803" />
        <Point x="-110.0394" y="-57.4803" />
      </Path>
    </Layer>
    <Layer name="PACKAGE GEOMETRY/SILKSCREEN_TOP" packageHeight="90.5512" >
      <Path lineWidth="6" type="line" >
        <Point x="-115.0394" y="-44.033" />
        <Point x="-115.0394" y="-62.4803" />
      </Path>
    </Layer>
    <Layer name="PACKAGE GEOMETRY/SILKSCREEN_TOP" packageHeight="90.5512" >
      <Path lineWidth="6" type="line" >
        <Point x="115.0394" y="44.033" />
        <Point x="115.0394" y="62.4803" />
      </Path>
    </Layer>
  </Layers>
</Footprint>
