<Footprint name="IND_1608_TDK-M" >
  <Units type="mils" precision="3" />
  <Extents minX="-2412.5" minY="-2406.74801635742" width="3888.99606323242" height="3995.24411010742" />
  <Padstack name="RX33p81Y33p5D0T" type="single" > 
    <Layers>
      <Layer name="TOP" >
        <Pad shape="rectangle" width="33.811" height="33.4961" /> 
      </Layer>
      <Layer name="PASTEMASK_TOP" >
        <Pad shape="rectangle" width="33.811" height="33.4961" /> 
      </Layer>
      <Layer name="SOLDERMASK_TOP" >
        <Pad shape="rectangle" width="33.811" height="33.4961" /> 
      </Layer>
    </Layers>
  </Padstack>

  <Padstack name="RX33p81Y33p5D0T" type="single" > 
    <Layers>
      <Layer name="TOP" >
        <Pad shape="rectangle" width="33.811" height="33.4961" /> 
      </Layer>
      <Layer name="PASTEMASK_TOP" >
        <Pad shape="rectangle" width="33.811" height="33.4961" /> 
      </Layer>
      <Layer name="SOLDERMASK_TOP" >
        <Pad shape="rectangle" width="33.811" height="33.4961" /> 
      </Layer>
    </Layers>
  </Padstack>
  <TextBlocks>
    <TextBlock name="17" width="6.25" height="25" lineSpacing="25" characterSpacing="6.25" /> 
  </TextBlocks>

  <Pins>
    <Pin number="1" padName="RX33p81Y33p5D0T" originX="-36.5905" originY="0" rotation="0" isMechanical="no" textBlockName="17" />
    <Pin number="2" padName="RX33p81Y33p5D0T" originX="36.5905" originY="0" rotation="0" isMechanical="no" textBlockName="17" />
  </Pins>
  <Vias>
  </Vias>
  <Layers>
    <Layer name="VIA KEEPOUT/TOP" packageHeight="31.4961" >
      <Path lineWidth="6" type="shape" >
        <Point x="-17.6850452423096" y="15.7480297088623" />
        <Point x="17.6850452423096" y="15.7480297088623" />
        <Point x="17.6850452423096" y="-15.7480297088623" />
        <Point x="-17.6850452423096" y="-15.7480297088623" />
        <Point x="-17.6850452423096" y="15.7480297088623" />
      </Path>
    </Layer>
    <Layer name="ROUTE KEEPOUT/TOP" packageHeight="31.4961" >
      <Path lineWidth="6" type="shape" >
        <Point x="-17.6850452423096" y="15.7480297088623" />
        <Point x="17.6850452423096" y="15.7480297088623" />
        <Point x="17.6850452423096" y="-15.7480297088623" />
        <Point x="-17.6850452423096" y="-15.7480297088623" />
        <Point x="-17.6850452423096" y="15.7480297088623" />
      </Path>
    </Layer>
    <Layer name="ROUTE KEEPOUT/TOP" packageHeight="31.4961" >
      <Path lineWidth="6" type="shape" >
        <Point x="-17.6850452423096" y="13.7480297088623" />
        <Point x="17.6850452423096" y="13.7480297088623" />
        <Point x="17.6850452423096" y="-13.7480297088623" />
        <Point x="-17.6850452423096" y="-13.7480297088623" />
        <Point x="-17.6850452423096" y="13.7480297088623" />
      </Path>
    </Layer>
    <Layer name="PACKAGE GEOMETRY/PLACE_BOUND_TOP" packageHeight="31.4961" packageHeightMin="0">
      <Path lineWidth="6" type="shape" >
        <Point x="-73.496" y="-36.748" />
        <Point x="-73.496" y="36.748" />
        <Point x="73.496" y="36.748" />
        <Point x="73.496" y="-36.748" />
        <Point x="-73.496" y="-36.748" />
      </Path>
    </Layer>
    <Layer name="MANUFACTURING/NO_PROBE_TOP" packageHeight="31.4961" >
      <Path lineWidth="6" type="shape" >
        <Point x="-68.496" y="-31.748" />
        <Point x="-68.496" y="31.748" />
        <Point x="68.496" y="31.748" />
        <Point x="68.496" y="-31.748" />
        <Point x="-68.496" y="-31.748" />
      </Path>
    </Layer>
    <Layer name="REF DES/SILKSCREEN_TOP" packageHeight="31.4961" >
      <Label layer="REF DES/SILKSCREEN_TOP" textBlock="3" angle="0" x="0" y="-25" text="Ref" justify="center" />
    </Layer>
    <Layer name="DEVICE TYPE/SILKSCREEN_TOP" packageHeight="31.4961" >
      <Label layer="DEVICE TYPE/SILKSCREEN_TOP" textBlock="3" angle="0" x="0" y="-25" text="Dev" justify="center" />
    </Layer>
    <Layer name="USER PART NUMBER/SILKSCREEN_TOP" packageHeight="31.4961" >
      <Label layer="USER PART NUMBER/SILKSCREEN_TOP" textBlock="3" angle="0" x="0" y="-25" text="PN" justify="center" />
    </Layer>
    <Layer name="DEVICE TYPE/ASSEMBLY_TOP" packageHeight="31.4961" >
      <Label layer="DEVICE TYPE/ASSEMBLY_TOP" textBlock="3" angle="0" x="0" y="-25" text="DEV" justify="center" />
    </Layer>
    <Layer name="COMPONENT VALUE/SILKSCREEN_TOP" packageHeight="31.4961" >
      <Label layer="COMPONENT VALUE/SILKSCREEN_TOP" textBlock="3" angle="0" x="0" y="-25" text="VAL" justify="center" />
    </Layer>
    <Layer name="TOLERANCE/SILKSCREEN_TOP" packageHeight="31.4961" >
      <Label layer="TOLERANCE/SILKSCREEN_TOP" textBlock="3" angle="0" x="0" y="-25" text="TOL" justify="center" />
    </Layer>
    <Layer name="REF DES/ASSEMBLY_TOP" packageHeight="31.4961" >
      <Label layer="REF DES/ASSEMBLY_TOP" textBlock="3" angle="0" x="0" y="-25" text="Ref" justify="center" />
    </Layer>
    <Layer name="PACKAGE GEOMETRY/ASSEMBLY_TOP" packageHeight="31.4961" >
      <Circle type="line"  lineWidth="0" originX="-31.5905" originY="0" radius="3" > 
    </Layer>
    <Layer name="PACKAGE GEOMETRY/SILKSCREEN_TOP" packageHeight="31.4961" >
      <Circle type="line"  lineWidth="6" originX="-86.4961" originY="0" radius="3" > 
    </Layer>
    <Layer name="PACKAGE GEOMETRY/ASSEMBLY_TOP" packageHeight="31.4961" >
      <Path lineWidth="0" type="line" >
        <Point x="-19.685" y="-15.748" />
        <Point x="-19.685" y="15.748" />
      </Path>
    </Layer>
    <Layer name="PACKAGE GEOMETRY/ASSEMBLY_TOP" packageHeight="31.4961" >
      <Path lineWidth="0" type="line" >
        <Point x="-19.685" y="15.748" />
        <Point x="-31.4961" y="15.748" />
      </Path>
    </Layer>
    <Layer name="PACKAGE GEOMETRY/ASSEMBLY_TOP" packageHeight="31.4961" >
      <Path lineWidth="0" type="line" >
        <Point x="-31.4961" y="15.748" />
        <Point x="-31.4961" y="-15.748" />
      </Path>
    </Layer>
    <Layer name="PACKAGE GEOMETRY/ASSEMBLY_TOP" packageHeight="31.4961" >
      <Path lineWidth="0" type="line" >
        <Point x="-31.4961" y="-15.748" />
        <Point x="-19.685" y="-15.748" />
      </Path>
    </Layer>
    <Layer name="PACKAGE GEOMETRY/ASSEMBLY_TOP" packageHeight="31.4961" >
      <Path lineWidth="0" type="line" >
        <Point x="19.685" y="15.748" />
        <Point x="19.685" y="-15.748" />
      </Path>
    </Layer>
    <Layer name="PACKAGE GEOMETRY/ASSEMBLY_TOP" packageHeight="31.4961" >
      <Path lineWidth="0" type="line" >
        <Point x="19.685" y="-15.748" />
        <Point x="31.4961" y="-15.748" />
      </Path>
    </Layer>
    <Layer name="PACKAGE GEOMETRY/ASSEMBLY_TOP" packageHeight="31.4961" >
      <Path lineWidth="0" type="line" >
        <Point x="31.4961" y="-15.748" />
        <Point x="31.4961" y="15.748" />
      </Path>
    </Layer>
    <Layer name="PACKAGE GEOMETRY/ASSEMBLY_TOP" packageHeight="31.4961" >
      <Path lineWidth="0" type="line" >
        <Point x="31.4961" y="15.748" />
        <Point x="19.685" y="15.748" />
      </Path>
    </Layer>
    <Layer name="PACKAGE GEOMETRY/SILKSCREEN_TOP" packageHeight="31.4961" >
      <Path lineWidth="6" type="line" >
        <Point x="-7.2107" y="-20.748" />
        <Point x="7.2107" y="-20.748" />
      </Path>
    </Layer>
    <Layer name="PACKAGE GEOMETRY/SILKSCREEN_TOP" packageHeight="31.4961" >
      <Path lineWidth="6" type="line" >
        <Point x="7.2107" y="20.748" />
        <Point x="-7.2107" y="20.748" />
      </Path>
    </Layer>
    <Layer name="PACKAGE GEOMETRY/ASSEMBLY_TOP" packageHeight="31.4961" >
      <Path lineWidth="0" type="line" >
        <Point x="-31.4961" y="-15.748" />
        <Point x="31.4961" y="-15.748" />
      </Path>
    </Layer>
    <Layer name="PACKAGE GEOMETRY/ASSEMBLY_TOP" packageHeight="31.4961" >
      <Path lineWidth="0" type="line" >
        <Point x="31.4961" y="-15.748" />
        <Point x="31.4961" y="15.748" />
      </Path>
    </Layer>
    <Layer name="PACKAGE GEOMETRY/ASSEMBLY_TOP" packageHeight="31.4961" >
      <Path lineWidth="0" type="line" >
        <Point x="31.4961" y="15.748" />
        <Point x="-31.4961" y="15.748" />
      </Path>
    </Layer>
    <Layer name="PACKAGE GEOMETRY/ASSEMBLY_TOP" packageHeight="31.4961" >
      <Path lineWidth="0" type="line" >
        <Point x="-31.4961" y="15.748" />
        <Point x="-31.4961" y="-15.748" />
      </Path>
    </Layer>
  </Layers>
</Footprint>
