<Footprint name="DGK0008A_M" >
  <Units type="mils" precision="3" />
  <Extents minX="-2142.71655000906" minY="-2081.69295000906" width="3372.44095000906" height="3228.69295000906" />
  <Padstack name="O10180610000200A" type="single" > 
    <Layers>
      <Layer name="TOP" >
        <Pad shape="oblong" width="17.7165" height="61.0236" /> 
      </Layer>
      <Layer name="SOLDERMASK_TOP" >
        <Pad shape="oblong" width="21.7165" height="65.0236" /> 
      </Layer>
      <Layer name="PASTEMASK_TOP" >
        <Pad shape="oblong" width="17.7165" height="61.0236" /> 
      </Layer>
    </Layers>
  </Padstack>

  <Padstack name="O10180610000200A" type="single" > 
    <Layers>
      <Layer name="TOP" >
        <Pad shape="oblong" width="17.7165" height="61.0236" /> 
      </Layer>
      <Layer name="SOLDERMASK_TOP" >
        <Pad shape="oblong" width="21.7165" height="65.0236" /> 
      </Layer>
      <Layer name="PASTEMASK_TOP" >
        <Pad shape="oblong" width="17.7165" height="61.0236" /> 
      </Layer>
    </Layers>
  </Padstack>
  <TextBlocks>
    <TextBlock name="17" width="6.25" height="25" lineSpacing="25" characterSpacing="6.25" /> 
  </TextBlocks>

  <Pins>
    <Pin number="1" padName="O10180610000200A" originX="-91.5354" originY="38.3858" rotation="90" isMechanical="no" textBlockName="17" />
    <Pin number="2" padName="O10180610000200A" originX="-91.5354" originY="12.7952" rotation="90" isMechanical="no" textBlockName="17" />
    <Pin number="3" padName="O10180610000200A" originX="-91.5354" originY="-12.7953" rotation="90" isMechanical="no" textBlockName="17" />
    <Pin number="4" padName="O10180610000200A" originX="-91.5354" originY="-38.3859" rotation="90" isMechanical="no" textBlockName="17" />
    <Pin number="5" padName="O10180610000200A" originX="91.5355" originY="-38.3859" rotation="90" isMechanical="no" textBlockName="17" />
    <Pin number="6" padName="O10180610000200A" originX="91.5355" originY="-12.7953" rotation="90" isMechanical="no" textBlockName="17" />
    <Pin number="7" padName="O10180610000200A" originX="91.5355" originY="12.7952" rotation="90" isMechanical="no" textBlockName="17" />
    <Pin number="8" padName="O10180610000200A" originX="91.5355" originY="38.3858" rotation="90" isMechanical="no" textBlockName="17" />
  </Pins>
  <Vias>
  </Vias>
  <Layers>
    <Layer name="PACKAGE GEOMETRY/ASSEMBLY_TOP" packageHeight="100" >
      <Path lineWidth="5" type="line" >
        <Point x="-54.0647" y="-59.1077" />
        <Point x="-53.9567" y="-59.1087" />
      </Path>
    </Layer>
    <Layer name="PACKAGE GEOMETRY/ASSEMBLY_TOP" packageHeight="100" >
      <Path lineWidth="5" type="line" >
        <Point x="54.0433" y="58.8913" />
        <Point x="54.1513" y="58.8903" />
      </Path>
    </Layer>
    <Layer name="PACKAGE GEOMETRY/ASSEMBLY_TOP" packageHeight="100" >
      <Path lineWidth="5" type="line" >
        <Point x="-58.9567" y="53.8913" />
        <Point x="-58.9557" y="53.9993" />
      </Path>
    </Layer>
    <Layer name="PACKAGE GEOMETRY/ASSEMBLY_TOP" packageHeight="100" >
      <Path lineWidth="5" type="line" >
        <Point x="-58.9567" y="-54.1087" />
        <Point x="-58.9557" y="-54.2167" />
      </Path>
    </Layer>
    <Layer name="PACKAGE GEOMETRY/ASSEMBLY_TOP" packageHeight="100" >
      <Path lineWidth="5" type="line" >
        <Point x="-53.9567" y="58.8913" />
        <Point x="54.0433" y="58.8913" />
      </Path>
    </Layer>
    <Layer name="PACKAGE GEOMETRY/ASSEMBLY_TOP" packageHeight="100" >
      <Path lineWidth="5" type="line" >
        <Point x="-54.0647" y="58.8903" />
        <Point x="-53.9567" y="58.8913" />
      </Path>
    </Layer>
    <Layer name="PACKAGE GEOMETRY/ASSEMBLY_TOP" packageHeight="100" >
      <Path lineWidth="5" type="line" >
        <Point x="59.0423" y="53.9993" />
        <Point x="59.0433" y="53.8913" />
      </Path>
    </Layer>
    <Layer name="PACKAGE GEOMETRY/ASSEMBLY_TOP" packageHeight="100" >
      <Path lineWidth="5" type="line" >
        <Point x="54.0433" y="-59.1087" />
        <Point x="54.1513" y="-59.1077" />
      </Path>
    </Layer>
    <Layer name="PACKAGE GEOMETRY/ASSEMBLY_TOP" packageHeight="100" >
      <Path lineWidth="5" type="line" >
        <Point x="-53.9567" y="-59.1087" />
        <Point x="54.0433" y="-59.1087" />
      </Path>
    </Layer>
    <Layer name="PACKAGE GEOMETRY/ASSEMBLY_TOP" packageHeight="100" >
      <Path lineWidth="5" type="line" >
        <Point x="-58.9567" y="-54.1087" />
        <Point x="-58.9567" y="53.8913" />
      </Path>
    </Layer>
    <Layer name="PACKAGE GEOMETRY/ASSEMBLY_TOP" packageHeight="100" >
      <Path lineWidth="5" type="line" >
        <Point x="-51.9567" y="37.8913" />
        <Point x="-23.9567" y="37.8913" />
      </Path>
    </Layer>
    <Layer name="PACKAGE GEOMETRY/ASSEMBLY_TOP" packageHeight="100" >
      <Path lineWidth="5" type="line" >
        <Point x="59.0423" y="-54.2167" />
        <Point x="59.0433" y="-54.1087" />
      </Path>
    </Layer>
    <Layer name="PACKAGE GEOMETRY/ASSEMBLY_TOP" packageHeight="100" >
      <Path lineWidth="5" type="line" >
        <Point x="59.0433" y="-54.1087" />
        <Point x="59.0433" y="53.8913" />
      </Path>
    </Layer>
    <Layer name="PACKAGE GEOMETRY/ASSEMBLY_TOP" packageHeight="100" >
      <Path lineWidth="5" type="line" >
        <Point x="-82.3037" y="-32.5087" />
        <Point x="-82.1737" y="-32.5087" />
      </Path>
    </Layer>
    <Layer name="PACKAGE GEOMETRY/ASSEMBLY_TOP" packageHeight="100" >
      <Path lineWidth="5" type="line" >
        <Point x="-70.2187" y="-32.5087" />
        <Point x="-58.9567" y="-32.5087" />
      </Path>
    </Layer>
    <Layer name="PACKAGE GEOMETRY/ASSEMBLY_TOP" packageHeight="100" >
      <Path lineWidth="5" type="line" >
        <Point x="-58.9567" y="-44.5087" />
        <Point x="-58.9567" y="-32.5087" />
      </Path>
    </Layer>
    <Layer name="PACKAGE GEOMETRY/ASSEMBLY_TOP" packageHeight="100" >
      <Path lineWidth="5" type="line" >
        <Point x="-96.4567" y="-44.5087" />
        <Point x="-96.4567" y="-32.5087" />
      </Path>
    </Layer>
    <Layer name="PACKAGE GEOMETRY/ASSEMBLY_TOP" packageHeight="100" >
      <Path lineWidth="5" type="line" >
        <Point x="-87.0227" y="-44.5087" />
        <Point x="-82.3037" y="-44.5087" />
      </Path>
    </Layer>
    <Layer name="PACKAGE GEOMETRY/ASSEMBLY_TOP" packageHeight="100" >
      <Path lineWidth="5" type="line" >
        <Point x="-96.4567" y="-32.5087" />
        <Point x="-87.0227" y="-32.5087" />
      </Path>
    </Layer>
    <Layer name="PACKAGE GEOMETRY/ASSEMBLY_TOP" packageHeight="100" >
      <Path lineWidth="5" type="line" >
        <Point x="-82.1737" y="-44.5087" />
        <Point x="-70.2187" y="-44.5087" />
      </Path>
    </Layer>
    <Layer name="PACKAGE GEOMETRY/ASSEMBLY_TOP" packageHeight="100" >
      <Path lineWidth="5" type="line" >
        <Point x="-96.4567" y="-44.5087" />
        <Point x="-87.0227" y="-44.5087" />
      </Path>
    </Layer>
    <Layer name="PACKAGE GEOMETRY/ASSEMBLY_TOP" packageHeight="100" >
      <Path lineWidth="5" type="line" >
        <Point x="-87.0227" y="-32.5087" />
        <Point x="-82.3037" y="-32.5087" />
      </Path>
    </Layer>
    <Layer name="PACKAGE GEOMETRY/ASSEMBLY_TOP" packageHeight="100" >
      <Path lineWidth="5" type="line" >
        <Point x="-70.2187" y="-44.5087" />
        <Point x="-58.9567" y="-44.5087" />
      </Path>
    </Layer>
    <Layer name="PACKAGE GEOMETRY/ASSEMBLY_TOP" packageHeight="100" >
      <Path lineWidth="5" type="line" >
        <Point x="-82.1737" y="-32.5087" />
        <Point x="-70.2187" y="-32.5087" />
      </Path>
    </Layer>
    <Layer name="PACKAGE GEOMETRY/ASSEMBLY_TOP" packageHeight="100" >
      <Path lineWidth="5" type="line" >
        <Point x="-82.3037" y="-44.5087" />
        <Point x="-82.1737" y="-44.5087" />
      </Path>
    </Layer>
    <Layer name="PACKAGE GEOMETRY/ASSEMBLY_TOP" packageHeight="100" >
      <Path lineWidth="5" type="line" >
        <Point x="-82.3037" y="-6.9087" />
        <Point x="-82.1737" y="-6.9087" />
      </Path>
    </Layer>
    <Layer name="PACKAGE GEOMETRY/ASSEMBLY_TOP" packageHeight="100" >
      <Path lineWidth="5" type="line" >
        <Point x="-70.2187" y="-6.9087" />
        <Point x="-58.9567" y="-6.9087" />
      </Path>
    </Layer>
    <Layer name="PACKAGE GEOMETRY/ASSEMBLY_TOP" packageHeight="100" >
      <Path lineWidth="5" type="line" >
        <Point x="-58.9567" y="-18.9087" />
        <Point x="-58.9567" y="-6.9087" />
      </Path>
    </Layer>
    <Layer name="PACKAGE GEOMETRY/ASSEMBLY_TOP" packageHeight="100" >
      <Path lineWidth="5" type="line" >
        <Point x="-96.4567" y="-18.9087" />
        <Point x="-96.4567" y="-6.9087" />
      </Path>
    </Layer>
    <Layer name="PACKAGE GEOMETRY/ASSEMBLY_TOP" packageHeight="100" >
      <Path lineWidth="5" type="line" >
        <Point x="-87.0227" y="-18.9087" />
        <Point x="-82.3037" y="-18.9087" />
      </Path>
    </Layer>
    <Layer name="PACKAGE GEOMETRY/ASSEMBLY_TOP" packageHeight="100" >
      <Path lineWidth="5" type="line" >
        <Point x="-96.4567" y="-6.9087" />
        <Point x="-87.0227" y="-6.9087" />
      </Path>
    </Layer>
    <Layer name="PACKAGE GEOMETRY/ASSEMBLY_TOP" packageHeight="100" >
      <Path lineWidth="5" type="line" >
        <Point x="-82.1737" y="-18.9087" />
        <Point x="-70.2187" y="-18.9087" />
      </Path>
    </Layer>
    <Layer name="PACKAGE GEOMETRY/ASSEMBLY_TOP" packageHeight="100" >
      <Path lineWidth="5" type="line" >
        <Point x="-96.4567" y="-18.9087" />
        <Point x="-87.0227" y="-18.9087" />
      </Path>
    </Layer>
    <Layer name="PACKAGE GEOMETRY/ASSEMBLY_TOP" packageHeight="100" >
      <Path lineWidth="5" type="line" >
        <Point x="-87.0227" y="-6.9087" />
        <Point x="-82.3037" y="-6.9087" />
      </Path>
    </Layer>
    <Layer name="PACKAGE GEOMETRY/ASSEMBLY_TOP" packageHeight="100" >
      <Path lineWidth="5" type="line" >
        <Point x="-70.2187" y="-18.9087" />
        <Point x="-58.9567" y="-18.9087" />
      </Path>
    </Layer>
    <Layer name="PACKAGE GEOMETRY/ASSEMBLY_TOP" packageHeight="100" >
      <Path lineWidth="5" type="line" >
        <Point x="-82.1737" y="-6.9087" />
        <Point x="-70.2187" y="-6.9087" />
      </Path>
    </Layer>
    <Layer name="PACKAGE GEOMETRY/ASSEMBLY_TOP" packageHeight="100" >
      <Path lineWidth="5" type="line" >
        <Point x="-82.3037" y="-18.9087" />
        <Point x="-82.1737" y="-18.9087" />
      </Path>
    </Layer>
    <Layer name="PACKAGE GEOMETRY/ASSEMBLY_TOP" packageHeight="100" >
      <Path lineWidth="5" type="line" >
        <Point x="-82.3037" y="18.6913" />
        <Point x="-82.1737" y="18.6913" />
      </Path>
    </Layer>
    <Layer name="PACKAGE GEOMETRY/ASSEMBLY_TOP" packageHeight="100" >
      <Path lineWidth="5" type="line" >
        <Point x="-70.2187" y="18.6913" />
        <Point x="-58.9567" y="18.6913" />
      </Path>
    </Layer>
    <Layer name="PACKAGE GEOMETRY/ASSEMBLY_TOP" packageHeight="100" >
      <Path lineWidth="5" type="line" >
        <Point x="-58.9567" y="6.6913" />
        <Point x="-58.9567" y="18.6913" />
      </Path>
    </Layer>
    <Layer name="PACKAGE GEOMETRY/ASSEMBLY_TOP" packageHeight="100" >
      <Path lineWidth="5" type="line" >
        <Point x="-96.4567" y="6.6913" />
        <Point x="-96.4567" y="18.6913" />
      </Path>
    </Layer>
    <Layer name="PACKAGE GEOMETRY/ASSEMBLY_TOP" packageHeight="100" >
      <Path lineWidth="5" type="line" >
        <Point x="-87.0227" y="6.6913" />
        <Point x="-82.3037" y="6.6913" />
      </Path>
    </Layer>
    <Layer name="PACKAGE GEOMETRY/ASSEMBLY_TOP" packageHeight="100" >
      <Path lineWidth="5" type="line" >
        <Point x="-96.4567" y="18.6913" />
        <Point x="-87.0227" y="18.6913" />
      </Path>
    </Layer>
    <Layer name="PACKAGE GEOMETRY/ASSEMBLY_TOP" packageHeight="100" >
      <Path lineWidth="5" type="line" >
        <Point x="-82.1737" y="6.6913" />
        <Point x="-70.2187" y="6.6913" />
      </Path>
    </Layer>
    <Layer name="PACKAGE GEOMETRY/ASSEMBLY_TOP" packageHeight="100" >
      <Path lineWidth="5" type="line" >
        <Point x="-96.4567" y="6.6913" />
        <Point x="-87.0227" y="6.6913" />
      </Path>
    </Layer>
    <Layer name="PACKAGE GEOMETRY/ASSEMBLY_TOP" packageHeight="100" >
      <Path lineWidth="5" type="line" >
        <Point x="-87.0227" y="18.6913" />
        <Point x="-82.3037" y="18.6913" />
      </Path>
    </Layer>
    <Layer name="PACKAGE GEOMETRY/ASSEMBLY_TOP" packageHeight="100" >
      <Path lineWidth="5" type="line" >
        <Point x="-70.2187" y="6.6913" />
        <Point x="-58.9567" y="6.6913" />
      </Path>
    </Layer>
    <Layer name="PACKAGE GEOMETRY/ASSEMBLY_TOP" packageHeight="100" >
      <Path lineWidth="5" type="line" >
        <Point x="-82.1737" y="18.6913" />
        <Point x="-70.2187" y="18.6913" />
      </Path>
    </Layer>
    <Layer name="PACKAGE GEOMETRY/ASSEMBLY_TOP" packageHeight="100" >
      <Path lineWidth="5" type="line" >
        <Point x="-82.3037" y="6.6913" />
        <Point x="-82.1737" y="6.6913" />
      </Path>
    </Layer>
    <Layer name="PACKAGE GEOMETRY/ASSEMBLY_TOP" packageHeight="100" >
      <Path lineWidth="5" type="line" >
        <Point x="-82.3037" y="44.2913" />
        <Point x="-82.1737" y="44.2913" />
      </Path>
    </Layer>
    <Layer name="PACKAGE GEOMETRY/ASSEMBLY_TOP" packageHeight="100" >
      <Path lineWidth="5" type="line" >
        <Point x="-70.2187" y="44.2913" />
        <Point x="-58.9567" y="44.2913" />
      </Path>
    </Layer>
    <Layer name="PACKAGE GEOMETRY/ASSEMBLY_TOP" packageHeight="100" >
      <Path lineWidth="5" type="line" >
        <Point x="-58.9567" y="32.2913" />
        <Point x="-58.9567" y="44.2913" />
      </Path>
    </Layer>
    <Layer name="PACKAGE GEOMETRY/ASSEMBLY_TOP" packageHeight="100" >
      <Path lineWidth="5" type="line" >
        <Point x="-96.4567" y="32.2913" />
        <Point x="-96.4567" y="44.2913" />
      </Path>
    </Layer>
    <Layer name="PACKAGE GEOMETRY/ASSEMBLY_TOP" packageHeight="100" >
      <Path lineWidth="5" type="line" >
        <Point x="-87.0227" y="32.2913" />
        <Point x="-82.3037" y="32.2913" />
      </Path>
    </Layer>
    <Layer name="PACKAGE GEOMETRY/ASSEMBLY_TOP" packageHeight="100" >
      <Path lineWidth="5" type="line" >
        <Point x="-96.4567" y="44.2913" />
        <Point x="-87.0227" y="44.2913" />
      </Path>
    </Layer>
    <Layer name="PACKAGE GEOMETRY/ASSEMBLY_TOP" packageHeight="100" >
      <Path lineWidth="5" type="line" >
        <Point x="-82.1737" y="32.2913" />
        <Point x="-70.2187" y="32.2913" />
      </Path>
    </Layer>
    <Layer name="PACKAGE GEOMETRY/ASSEMBLY_TOP" packageHeight="100" >
      <Path lineWidth="5" type="line" >
        <Point x="-96.4567" y="32.2913" />
        <Point x="-87.0227" y="32.2913" />
      </Path>
    </Layer>
    <Layer name="PACKAGE GEOMETRY/ASSEMBLY_TOP" packageHeight="100" >
      <Path lineWidth="5" type="line" >
        <Point x="-87.0227" y="44.2913" />
        <Point x="-82.3037" y="44.2913" />
      </Path>
    </Layer>
    <Layer name="PACKAGE GEOMETRY/ASSEMBLY_TOP" packageHeight="100" >
      <Path lineWidth="5" type="line" >
        <Point x="-70.2187" y="32.2913" />
        <Point x="-58.9567" y="32.2913" />
      </Path>
    </Layer>
    <Layer name="PACKAGE GEOMETRY/ASSEMBLY_TOP" packageHeight="100" >
      <Path lineWidth="5" type="line" >
        <Point x="-82.1737" y="44.2913" />
        <Point x="-70.2187" y="44.2913" />
      </Path>
    </Layer>
    <Layer name="PACKAGE GEOMETRY/ASSEMBLY_TOP" packageHeight="100" >
      <Path lineWidth="5" type="line" >
        <Point x="-82.3037" y="32.2913" />
        <Point x="-82.1737" y="32.2913" />
      </Path>
    </Layer>
    <Layer name="PACKAGE GEOMETRY/ASSEMBLY_TOP" packageHeight="100" >
      <Path lineWidth="5" type="line" >
        <Point x="82.2593" y="-44.5087" />
        <Point x="82.3893" y="-44.5087" />
      </Path>
    </Layer>
    <Layer name="PACKAGE GEOMETRY/ASSEMBLY_TOP" packageHeight="100" >
      <Path lineWidth="5" type="line" >
        <Point x="59.0433" y="-44.5087" />
        <Point x="70.3053" y="-44.5087" />
      </Path>
    </Layer>
    <Layer name="PACKAGE GEOMETRY/ASSEMBLY_TOP" packageHeight="100" >
      <Path lineWidth="5" type="line" >
        <Point x="59.0433" y="-44.5087" />
        <Point x="59.0433" y="-32.5087" />
      </Path>
    </Layer>
    <Layer name="PACKAGE GEOMETRY/ASSEMBLY_TOP" packageHeight="100" >
      <Path lineWidth="5" type="line" >
        <Point x="96.5433" y="-44.5087" />
        <Point x="96.5433" y="-32.5087" />
      </Path>
    </Layer>
    <Layer name="PACKAGE GEOMETRY/ASSEMBLY_TOP" packageHeight="100" >
      <Path lineWidth="5" type="line" >
        <Point x="82.3893" y="-32.5087" />
        <Point x="87.1083" y="-32.5087" />
      </Path>
    </Layer>
    <Layer name="PACKAGE GEOMETRY/ASSEMBLY_TOP" packageHeight="100" >
      <Path lineWidth="5" type="line" >
        <Point x="87.1083" y="-44.5087" />
        <Point x="96.5433" y="-44.5087" />
      </Path>
    </Layer>
    <Layer name="PACKAGE GEOMETRY/ASSEMBLY_TOP" packageHeight="100" >
      <Path lineWidth="5" type="line" >
        <Point x="70.3053" y="-32.5087" />
        <Point x="82.2593" y="-32.5087" />
      </Path>
    </Layer>
    <Layer name="PACKAGE GEOMETRY/ASSEMBLY_TOP" packageHeight="100" >
      <Path lineWidth="5" type="line" >
        <Point x="87.1083" y="-32.5087" />
        <Point x="96.5433" y="-32.5087" />
      </Path>
    </Layer>
    <Layer name="PACKAGE GEOMETRY/ASSEMBLY_TOP" packageHeight="100" >
      <Path lineWidth="5" type="line" >
        <Point x="82.3893" y="-44.5087" />
        <Point x="87.1083" y="-44.5087" />
      </Path>
    </Layer>
    <Layer name="PACKAGE GEOMETRY/ASSEMBLY_TOP" packageHeight="100" >
      <Path lineWidth="5" type="line" >
        <Point x="59.0433" y="-32.5087" />
        <Point x="70.3053" y="-32.5087" />
      </Path>
    </Layer>
    <Layer name="PACKAGE GEOMETRY/ASSEMBLY_TOP" packageHeight="100" >
      <Path lineWidth="5" type="line" >
        <Point x="70.3053" y="-44.5087" />
        <Point x="82.2593" y="-44.5087" />
      </Path>
    </Layer>
    <Layer name="PACKAGE GEOMETRY/ASSEMBLY_TOP" packageHeight="100" >
      <Path lineWidth="5" type="line" >
        <Point x="82.2593" y="-32.5087" />
        <Point x="82.3893" y="-32.5087" />
      </Path>
    </Layer>
    <Layer name="PACKAGE GEOMETRY/ASSEMBLY_TOP" packageHeight="100" >
      <Path lineWidth="5" type="line" >
        <Point x="82.2593" y="-18.9087" />
        <Point x="82.3893" y="-18.9087" />
      </Path>
    </Layer>
    <Layer name="PACKAGE GEOMETRY/ASSEMBLY_TOP" packageHeight="100" >
      <Path lineWidth="5" type="line" >
        <Point x="59.0433" y="-18.9087" />
        <Point x="70.3053" y="-18.9087" />
      </Path>
    </Layer>
    <Layer name="PACKAGE GEOMETRY/ASSEMBLY_TOP" packageHeight="100" >
      <Path lineWidth="5" type="line" >
        <Point x="59.0433" y="-18.9087" />
        <Point x="59.0433" y="-6.9087" />
      </Path>
    </Layer>
    <Layer name="PACKAGE GEOMETRY/ASSEMBLY_TOP" packageHeight="100" >
      <Path lineWidth="5" type="line" >
        <Point x="96.5433" y="-18.9087" />
        <Point x="96.5433" y="-6.9087" />
      </Path>
    </Layer>
    <Layer name="PACKAGE GEOMETRY/ASSEMBLY_TOP" packageHeight="100" >
      <Path lineWidth="5" type="line" >
        <Point x="82.3893" y="-6.9087" />
        <Point x="87.1083" y="-6.9087" />
      </Path>
    </Layer>
    <Layer name="PACKAGE GEOMETRY/ASSEMBLY_TOP" packageHeight="100" >
      <Path lineWidth="5" type="line" >
        <Point x="87.1083" y="-18.9087" />
        <Point x="96.5433" y="-18.9087" />
      </Path>
    </Layer>
    <Layer name="PACKAGE GEOMETRY/ASSEMBLY_TOP" packageHeight="100" >
      <Path lineWidth="5" type="line" >
        <Point x="70.3053" y="-6.9087" />
        <Point x="82.2593" y="-6.9087" />
      </Path>
    </Layer>
    <Layer name="PACKAGE GEOMETRY/ASSEMBLY_TOP" packageHeight="100" >
      <Path lineWidth="5" type="line" >
        <Point x="87.1083" y="-6.9087" />
        <Point x="96.5433" y="-6.9087" />
      </Path>
    </Layer>
    <Layer name="PACKAGE GEOMETRY/ASSEMBLY_TOP" packageHeight="100" >
      <Path lineWidth="5" type="line" >
        <Point x="82.3893" y="-18.9087" />
        <Point x="87.1083" y="-18.9087" />
      </Path>
    </Layer>
    <Layer name="PACKAGE GEOMETRY/ASSEMBLY_TOP" packageHeight="100" >
      <Path lineWidth="5" type="line" >
        <Point x="59.0433" y="-6.9087" />
        <Point x="70.3053" y="-6.9087" />
      </Path>
    </Layer>
    <Layer name="PACKAGE GEOMETRY/ASSEMBLY_TOP" packageHeight="100" >
      <Path lineWidth="5" type="line" >
        <Point x="70.3053" y="-18.9087" />
        <Point x="82.2593" y="-18.9087" />
      </Path>
    </Layer>
    <Layer name="PACKAGE GEOMETRY/ASSEMBLY_TOP" packageHeight="100" >
      <Path lineWidth="5" type="line" >
        <Point x="82.2593" y="-6.9087" />
        <Point x="82.3893" y="-6.9087" />
      </Path>
    </Layer>
    <Layer name="PACKAGE GEOMETRY/ASSEMBLY_TOP" packageHeight="100" >
      <Path lineWidth="5" type="line" >
        <Point x="82.2593" y="6.6913" />
        <Point x="82.3893" y="6.6913" />
      </Path>
    </Layer>
    <Layer name="PACKAGE GEOMETRY/ASSEMBLY_TOP" packageHeight="100" >
      <Path lineWidth="5" type="line" >
        <Point x="59.0433" y="6.6913" />
        <Point x="70.3053" y="6.6913" />
      </Path>
    </Layer>
    <Layer name="PACKAGE GEOMETRY/ASSEMBLY_TOP" packageHeight="100" >
      <Path lineWidth="5" type="line" >
        <Point x="59.0433" y="6.6913" />
        <Point x="59.0433" y="18.6913" />
      </Path>
    </Layer>
    <Layer name="PACKAGE GEOMETRY/ASSEMBLY_TOP" packageHeight="100" >
      <Path lineWidth="5" type="line" >
        <Point x="96.5433" y="6.6913" />
        <Point x="96.5433" y="18.6913" />
      </Path>
    </Layer>
    <Layer name="PACKAGE GEOMETRY/ASSEMBLY_TOP" packageHeight="100" >
      <Path lineWidth="5" type="line" >
        <Point x="82.3893" y="18.6913" />
        <Point x="87.1083" y="18.6913" />
      </Path>
    </Layer>
    <Layer name="PACKAGE GEOMETRY/ASSEMBLY_TOP" packageHeight="100" >
      <Path lineWidth="5" type="line" >
        <Point x="87.1083" y="6.6913" />
        <Point x="96.5433" y="6.6913" />
      </Path>
    </Layer>
    <Layer name="PACKAGE GEOMETRY/ASSEMBLY_TOP" packageHeight="100" >
      <Path lineWidth="5" type="line" >
        <Point x="70.3053" y="18.6913" />
        <Point x="82.2593" y="18.6913" />
      </Path>
    </Layer>
    <Layer name="PACKAGE GEOMETRY/ASSEMBLY_TOP" packageHeight="100" >
      <Path lineWidth="5" type="line" >
        <Point x="87.1083" y="18.6913" />
        <Point x="96.5433" y="18.6913" />
      </Path>
    </Layer>
    <Layer name="PACKAGE GEOMETRY/ASSEMBLY_TOP" packageHeight="100" >
      <Path lineWidth="5" type="line" >
        <Point x="82.3893" y="6.6913" />
        <Point x="87.1083" y="6.6913" />
      </Path>
    </Layer>
    <Layer name="PACKAGE GEOMETRY/ASSEMBLY_TOP" packageHeight="100" >
      <Path lineWidth="5" type="line" >
        <Point x="59.0433" y="18.6913" />
        <Point x="70.3053" y="18.6913" />
      </Path>
    </Layer>
    <Layer name="PACKAGE GEOMETRY/ASSEMBLY_TOP" packageHeight="100" >
      <Path lineWidth="5" type="line" >
        <Point x="70.3053" y="6.6913" />
        <Point x="82.2593" y="6.6913" />
      </Path>
    </Layer>
    <Layer name="PACKAGE GEOMETRY/ASSEMBLY_TOP" packageHeight="100" >
      <Path lineWidth="5" type="line" >
        <Point x="82.2593" y="18.6913" />
        <Point x="82.3893" y="18.6913" />
      </Path>
    </Layer>
    <Layer name="PACKAGE GEOMETRY/ASSEMBLY_TOP" packageHeight="100" >
      <Path lineWidth="5" type="line" >
        <Point x="82.2593" y="32.2913" />
        <Point x="82.3893" y="32.2913" />
      </Path>
    </Layer>
    <Layer name="PACKAGE GEOMETRY/ASSEMBLY_TOP" packageHeight="100" >
      <Path lineWidth="5" type="line" >
        <Point x="59.0433" y="32.2913" />
        <Point x="70.3053" y="32.2913" />
      </Path>
    </Layer>
    <Layer name="PACKAGE GEOMETRY/ASSEMBLY_TOP" packageHeight="100" >
      <Path lineWidth="5" type="line" >
        <Point x="59.0433" y="32.2913" />
        <Point x="59.0433" y="44.2913" />
      </Path>
    </Layer>
    <Layer name="PACKAGE GEOMETRY/ASSEMBLY_TOP" packageHeight="100" >
      <Path lineWidth="5" type="line" >
        <Point x="96.5433" y="32.2913" />
        <Point x="96.5433" y="44.2913" />
      </Path>
    </Layer>
    <Layer name="PACKAGE GEOMETRY/ASSEMBLY_TOP" packageHeight="100" >
      <Path lineWidth="5" type="line" >
        <Point x="82.3893" y="44.2913" />
        <Point x="87.1083" y="44.2913" />
      </Path>
    </Layer>
    <Layer name="PACKAGE GEOMETRY/ASSEMBLY_TOP" packageHeight="100" >
      <Path lineWidth="5" type="line" >
        <Point x="87.1083" y="32.2913" />
        <Point x="96.5433" y="32.2913" />
      </Path>
    </Layer>
    <Layer name="PACKAGE GEOMETRY/ASSEMBLY_TOP" packageHeight="100" >
      <Path lineWidth="5" type="line" >
        <Point x="70.3053" y="44.2913" />
        <Point x="82.2593" y="44.2913" />
      </Path>
    </Layer>
    <Layer name="PACKAGE GEOMETRY/ASSEMBLY_TOP" packageHeight="100" >
      <Path lineWidth="5" type="line" >
        <Point x="87.1083" y="44.2913" />
        <Point x="96.5433" y="44.2913" />
      </Path>
    </Layer>
    <Layer name="PACKAGE GEOMETRY/ASSEMBLY_TOP" packageHeight="100" >
      <Path lineWidth="5" type="line" >
        <Point x="82.3893" y="32.2913" />
        <Point x="87.1083" y="32.2913" />
      </Path>
    </Layer>
    <Layer name="PACKAGE GEOMETRY/ASSEMBLY_TOP" packageHeight="100" >
      <Path lineWidth="5" type="line" >
        <Point x="59.0433" y="44.2913" />
        <Point x="70.3053" y="44.2913" />
      </Path>
    </Layer>
    <Layer name="PACKAGE GEOMETRY/ASSEMBLY_TOP" packageHeight="100" >
      <Path lineWidth="5" type="line" >
        <Point x="70.3053" y="32.2913" />
        <Point x="82.2593" y="32.2913" />
      </Path>
    </Layer>
    <Layer name="PACKAGE GEOMETRY/ASSEMBLY_TOP" packageHeight="100" >
      <Path lineWidth="5" type="line" >
        <Point x="82.2593" y="44.2913" />
        <Point x="82.3893" y="44.2913" />
      </Path>
    </Layer>
    <Layer name="PACKAGE GEOMETRY/SILKSCREEN_TOP" packageHeight="100" >
      <Path lineWidth="7.874" type="line" >
        <Point x="-33.4646" y="-61.0235" />
        <Point x="33.4646" y="-61.0235" />
      </Path>
    </Layer>
    <Layer name="PACKAGE GEOMETRY/SILKSCREEN_TOP" packageHeight="100" >
      <Path lineWidth="7.874" type="line" >
        <Point x="-113.189" y="61.0236" />
        <Point x="33.4646" y="61.0237" />
      </Path>
    </Layer>
    <Layer name="PACKAGE GEOMETRY/ASSEMBLY_TOP" packageHeight="100" >
      <Label layer="PACKAGE GEOMETRY/ASSEMBLY_TOP" textBlock="3" angle="0" x="-45.2756" y="-36.811" text=".Designator" justify="center" />
    </Layer>
    <Layer name="PACKAGE GEOMETRY/SILKSCREEN_TOP" packageHeight="100" >
      <Label layer="PACKAGE GEOMETRY/SILKSCREEN_TOP" textBlock="3" angle="0" x="-136" y="97" text="Designator9" justify="center" />
    </Layer>
    <Layer name="PACKAGE GEOMETRY/ASSEMBLY_TOP" packageHeight="100" >
      <Arc lineWidth="5" centerX="-53.9566" centerY="-54.1086" x1="-58.9557" y1="-54.2167" x2="-54.0646957718054" y2="-59.1077313945326" startAngle="181.2387" stopAngle="268.7613" /> 
    </Layer>
    <Layer name="PACKAGE GEOMETRY/ASSEMBLY_TOP" packageHeight="100" >
      <Arc lineWidth="5" centerX="54.0432" centerY="53.8912" x1="59.0423" y1="53.9993" x2="54.1512951061308" y2="58.8903314089264" startAngle="1.2387" stopAngle="88.7613" /> 
    </Layer>
    <Layer name="PACKAGE GEOMETRY/ASSEMBLY_TOP" packageHeight="100" >
      <Arc lineWidth="5" centerX="54.0432" centerY="-54.1086" x1="54.1513" y1="-59.1077" x2="59.0423313945326" y2="-54.2166957718054" startAngle="271.2387" stopAngle="358.7613" /> 
    </Layer>
    <Layer name="PACKAGE GEOMETRY/ASSEMBLY_TOP" packageHeight="100" >
      <Arc lineWidth="5" centerX="-37.9567" centerY="37.8913" x1="-23.9567" y1="37.8913" x2="-51.9567" y2="37.8913" startAngle="0" stopAngle="180" /> 
    </Layer>
    <Layer name="PACKAGE GEOMETRY/ASSEMBLY_TOP" packageHeight="100" >
      <Arc lineWidth="5" centerX="-53.9566" centerY="53.8912" x1="-54.0647" y1="58.8903" x2="-58.9557313945326" y2="53.9992957718054" startAngle="91.2387" stopAngle="178.7613" /> 
    </Layer>
    <Layer name="REF DES/SILKSCREEN_TOP" packageHeight="100" >
      <Label layer="REF DES/SILKSCREEN_TOP" textBlock="3" angle="0" x="0" y="-25" text="Ref" justify="center" />
    </Layer>
    <Layer name="DEVICE TYPE/SILKSCREEN_TOP" packageHeight="100" >
      <Label layer="DEVICE TYPE/SILKSCREEN_TOP" textBlock="3" angle="0" x="0" y="-25" text="Dev" justify="center" />
    </Layer>
    <Layer name="USER PART NUMBER/SILKSCREEN_TOP" packageHeight="100" >
      <Label layer="USER PART NUMBER/SILKSCREEN_TOP" textBlock="3" angle="0" x="0" y="-25" text="PN" justify="center" />
    </Layer>
    <Layer name="DEVICE TYPE/ASSEMBLY_TOP" packageHeight="100" >
      <Label layer="DEVICE TYPE/ASSEMBLY_TOP" textBlock="3" angle="0" x="0" y="-25" text="DEV" justify="center" />
    </Layer>
    <Layer name="COMPONENT VALUE/SILKSCREEN_TOP" packageHeight="100" >
      <Label layer="COMPONENT VALUE/SILKSCREEN_TOP" textBlock="3" angle="0" x="0" y="-25" text="VAL" justify="center" />
    </Layer>
    <Layer name="TOLERANCE/SILKSCREEN_TOP" packageHeight="100" >
      <Label layer="TOLERANCE/SILKSCREEN_TOP" textBlock="3" angle="0" x="0" y="-25" text="TOL" justify="center" />
    </Layer>
  </Layers>
</Footprint>
