<Footprint name="DCY0004A_N" >
  <Units type="mils" precision="3" />
  <Extents minX="-2168.30705000906" minY="-2142.71655000906" width="3336.61410001812" height="3516.14175000906" />
  <Padstack name="R10350690000200A" type="single" > 
    <Layers>
      <Layer name="TOP" >
        <Pad shape="rectangle" width="35.4331" height="68.8976" /> 
      </Layer>
      <Layer name="SOLDERMASK_TOP" >
        <Pad shape="rectangle" width="39.4331" height="72.8976" /> 
      </Layer>
      <Layer name="PASTEMASK_TOP" >
        <Pad shape="rectangle" width="35.4331" height="68.8976" /> 
      </Layer>
    </Layers>
  </Padstack>
  <Padstack name="R11260690000200A" type="single" > 
    <Layers>
      <Layer name="TOP" >
        <Pad shape="rectangle" width="125.9843" height="68.8976" /> 
      </Layer>
      <Layer name="SOLDERMASK_TOP" >
        <Pad shape="rectangle" width="129.9843" height="72.8976" /> 
      </Layer>
      <Layer name="PASTEMASK_TOP" >
        <Pad shape="rectangle" width="125.9843" height="68.8976" /> 
      </Layer>
    </Layers>
  </Padstack>

  <Padstack name="R10350690000200A" type="single" > 
    <Layers>
      <Layer name="TOP" >
        <Pad shape="rectangle" width="35.4331" height="68.8976" /> 
      </Layer>
      <Layer name="SOLDERMASK_TOP" >
        <Pad shape="rectangle" width="39.4331" height="72.8976" /> 
      </Layer>
      <Layer name="PASTEMASK_TOP" >
        <Pad shape="rectangle" width="35.4331" height="68.8976" /> 
      </Layer>
    </Layers>
  </Padstack>
  <Padstack name="R11260690000200A" type="single" > 
    <Layers>
      <Layer name="TOP" >
        <Pad shape="rectangle" width="125.9843" height="68.8976" /> 
      </Layer>
      <Layer name="SOLDERMASK_TOP" >
        <Pad shape="rectangle" width="129.9843" height="72.8976" /> 
      </Layer>
      <Layer name="PASTEMASK_TOP" >
        <Pad shape="rectangle" width="125.9843" height="68.8976" /> 
      </Layer>
    </Layers>
  </Padstack>
  <TextBlocks>
    <TextBlock name="17" width="6.25" height="25" lineSpacing="25" characterSpacing="6.25" /> 
  </TextBlocks>

  <Pins>
    <Pin number="1" padName="R10350690000200A" originX="-123.0315" originY="90.5512" rotation="90" isMechanical="no" textBlockName="17" />
    <Pin number="2" padName="R10350690000200A" originX="-123.0315" originY="0" rotation="90" isMechanical="no" textBlockName="17" />
    <Pin number="3" padName="R10350690000200A" originX="-123.0315" originY="-90.5512" rotation="90" isMechanical="no" textBlockName="17" />
    <Pin number="4" padName="R11260690000200A" originX="123.0315" originY="0" rotation="90" isMechanical="no" textBlockName="17" />
  </Pins>
  <Vias>
  </Vias>
  <Layers>
    <Layer name="PACKAGE GEOMETRY/SILKSCREEN_TOP" packageHeight="100" >
      <Path lineWidth="7.874" type="line" >
        <Point x="-55.1181" y="-131.8897" />
        <Point x="55.1181" y="-131.8897" />
      </Path>
    </Layer>
    <Layer name="PACKAGE GEOMETRY/SILKSCREEN_TOP" packageHeight="100" >
      <Path lineWidth="7.874" type="line" >
        <Point x="-55.1181" y="131.8898" />
        <Point x="55.1181" y="131.8898" />
      </Path>
    </Layer>
    <Layer name="PACKAGE GEOMETRY/SILKSCREEN_TOP" packageHeight="100" >
      <Path lineWidth="7.874" type="line" >
        <Point x="55.1181" y="-131.8897" />
        <Point x="55.1181" y="131.8898" />
      </Path>
    </Layer>
    <Layer name="PACKAGE GEOMETRY/SILKSCREEN_TOP" packageHeight="100" >
      <Path lineWidth="7.874" type="line" >
        <Point x="-55.1181" y="-131.8897" />
        <Point x="-55.1181" y="131.8898" />
      </Path>
    </Layer>
    <Layer name="PACKAGE GEOMETRY/ASSEMBLY_TOP" packageHeight="100" >
      <Path lineWidth="5" type="line" >
        <Point x="-102.8179" y="-13.7798" />
        <Point x="-93.4599" y="-13.7798" />
      </Path>
    </Layer>
    <Layer name="PACKAGE GEOMETRY/ASSEMBLY_TOP" packageHeight="100" >
      <Path lineWidth="5" type="line" >
        <Point x="-138.7799" y="-104.3308" />
        <Point x="-110.1189" y="-104.3308" />
      </Path>
    </Layer>
    <Layer name="PACKAGE GEOMETRY/ASSEMBLY_TOP" packageHeight="100" >
      <Path lineWidth="5" type="line" >
        <Point x="-93.4599" y="104.3302" />
        <Point x="-78.8569" y="104.3302" />
      </Path>
    </Layer>
    <Layer name="PACKAGE GEOMETRY/ASSEMBLY_TOP" packageHeight="100" >
      <Path lineWidth="5" type="line" >
        <Point x="-110.1189" y="-13.7798" />
        <Point x="-102.8179" y="-13.7798" />
      </Path>
    </Layer>
    <Layer name="PACKAGE GEOMETRY/ASSEMBLY_TOP" packageHeight="100" >
      <Path lineWidth="5" type="line" >
        <Point x="-93.4599" y="-76.7718" />
        <Point x="-78.8569" y="-76.7718" />
      </Path>
    </Layer>
    <Layer name="PACKAGE GEOMETRY/ASSEMBLY_TOP" packageHeight="100" >
      <Path lineWidth="5" type="line" >
        <Point x="-69.8819" y="127.9522" />
        <Point x="67.9131" y="127.9522" />
      </Path>
    </Layer>
    <Layer name="PACKAGE GEOMETRY/ASSEMBLY_TOP" packageHeight="100" >
      <Path lineWidth="5" type="line" >
        <Point x="-110.1189" y="13.7792" />
        <Point x="-102.8179" y="13.7792" />
      </Path>
    </Layer>
    <Layer name="PACKAGE GEOMETRY/ASSEMBLY_TOP" packageHeight="100" >
      <Path lineWidth="5" type="line" >
        <Point x="-78.8569" y="104.3302" />
        <Point x="-69.8819" y="104.3302" />
      </Path>
    </Layer>
    <Layer name="PACKAGE GEOMETRY/ASSEMBLY_TOP" packageHeight="100" >
      <Path lineWidth="5" type="line" >
        <Point x="-138.7799" y="-13.7798" />
        <Point x="-138.7799" y="13.7792" />
      </Path>
    </Layer>
    <Layer name="PACKAGE GEOMETRY/ASSEMBLY_TOP" packageHeight="100" >
      <Path lineWidth="5" type="line" >
        <Point x="67.9131" y="-59.0558" />
        <Point x="76.8881" y="-59.0558" />
      </Path>
    </Layer>
    <Layer name="PACKAGE GEOMETRY/ASSEMBLY_TOP" packageHeight="100" >
      <Path lineWidth="5" type="line" >
        <Point x="91.4921" y="59.0542" />
        <Point x="100.8491" y="59.0542" />
      </Path>
    </Layer>
    <Layer name="PACKAGE GEOMETRY/ASSEMBLY_TOP" packageHeight="100" >
      <Path lineWidth="5" type="line" >
        <Point x="-102.8179" y="-104.3308" />
        <Point x="-93.4599" y="-104.3308" />
      </Path>
    </Layer>
    <Layer name="PACKAGE GEOMETRY/ASSEMBLY_TOP" packageHeight="100" >
      <Path lineWidth="5" type="line" >
        <Point x="-102.8179" y="-76.7718" />
        <Point x="-93.4599" y="-76.7718" />
      </Path>
    </Layer>
    <Layer name="PACKAGE GEOMETRY/ASSEMBLY_TOP" packageHeight="100" >
      <Path lineWidth="5" type="line" >
        <Point x="-110.1189" y="104.3302" />
        <Point x="-102.8179" y="104.3302" />
      </Path>
    </Layer>
    <Layer name="PACKAGE GEOMETRY/ASSEMBLY_TOP" packageHeight="100" >
      <Path lineWidth="5" type="line" >
        <Point x="76.8881" y="-59.0558" />
        <Point x="91.4921" y="-59.0558" />
      </Path>
    </Layer>
    <Layer name="PACKAGE GEOMETRY/ASSEMBLY_TOP" packageHeight="100" >
      <Path lineWidth="5" type="line" >
        <Point x="-69.8819" y="13.7792" />
        <Point x="-69.8819" y="76.7712" />
      </Path>
    </Layer>
    <Layer name="PACKAGE GEOMETRY/ASSEMBLY_TOP" packageHeight="100" >
      <Path lineWidth="5" type="line" >
        <Point x="-110.1189" y="76.7712" />
        <Point x="-102.8179" y="76.7712" />
      </Path>
    </Layer>
    <Layer name="PACKAGE GEOMETRY/ASSEMBLY_TOP" packageHeight="100" >
      <Path lineWidth="5" type="line" >
        <Point x="-110.1189" y="-104.3308" />
        <Point x="-102.8179" y="-104.3308" />
      </Path>
    </Layer>
    <Layer name="PACKAGE GEOMETRY/ASSEMBLY_TOP" packageHeight="100" >
      <Path lineWidth="5" type="line" >
        <Point x="-69.8819" y="-127.9528" />
        <Point x="67.9131" y="-127.9528" />
      </Path>
    </Layer>
    <Layer name="PACKAGE GEOMETRY/ASSEMBLY_TOP" packageHeight="100" >
      <Path lineWidth="5" type="line" >
        <Point x="-102.8179" y="104.3302" />
        <Point x="-93.4599" y="104.3302" />
      </Path>
    </Layer>
    <Layer name="PACKAGE GEOMETRY/ASSEMBLY_TOP" packageHeight="100" >
      <Path lineWidth="5" type="line" >
        <Point x="-78.8569" y="-76.7718" />
        <Point x="-69.8819" y="-76.7718" />
      </Path>
    </Layer>
    <Layer name="PACKAGE GEOMETRY/ASSEMBLY_TOP" packageHeight="100" >
      <Path lineWidth="5" type="line" >
        <Point x="108.1511" y="59.0542" />
        <Point x="136.8111" y="59.0542" />
      </Path>
    </Layer>
    <Layer name="PACKAGE GEOMETRY/ASSEMBLY_TOP" packageHeight="100" >
      <Path lineWidth="5" type="line" >
        <Point x="100.8491" y="59.0542" />
        <Point x="108.1511" y="59.0542" />
      </Path>
    </Layer>
    <Layer name="PACKAGE GEOMETRY/ASSEMBLY_TOP" packageHeight="100" >
      <Path lineWidth="5" type="line" >
        <Point x="-93.4599" y="-104.3308" />
        <Point x="-78.8569" y="-104.3308" />
      </Path>
    </Layer>
    <Layer name="PACKAGE GEOMETRY/ASSEMBLY_TOP" packageHeight="100" >
      <Path lineWidth="5" type="line" >
        <Point x="-138.7799" y="13.7792" />
        <Point x="-110.1189" y="13.7792" />
      </Path>
    </Layer>
    <Layer name="PACKAGE GEOMETRY/ASSEMBLY_TOP" packageHeight="100" >
      <Path lineWidth="5" type="line" >
        <Point x="-78.8569" y="13.7792" />
        <Point x="-69.8819" y="13.7792" />
      </Path>
    </Layer>
    <Layer name="PACKAGE GEOMETRY/ASSEMBLY_TOP" packageHeight="100" >
      <Path lineWidth="5" type="line" >
        <Point x="-78.8569" y="76.7712" />
        <Point x="-69.8819" y="76.7712" />
      </Path>
    </Layer>
    <Layer name="PACKAGE GEOMETRY/ASSEMBLY_TOP" packageHeight="100" >
      <Path lineWidth="5" type="line" >
        <Point x="-69.8819" y="-76.7718" />
        <Point x="-69.8819" y="-13.7798" />
      </Path>
    </Layer>
    <Layer name="PACKAGE GEOMETRY/ASSEMBLY_TOP" packageHeight="100" >
      <Path lineWidth="5" type="line" >
        <Point x="67.9131" y="59.0542" />
        <Point x="67.9131" y="127.9522" />
      </Path>
    </Layer>
    <Layer name="PACKAGE GEOMETRY/ASSEMBLY_TOP" packageHeight="100" >
      <Path lineWidth="5" type="line" >
        <Point x="-138.7799" y="76.7712" />
        <Point x="-138.7799" y="104.3302" />
      </Path>
    </Layer>
    <Layer name="PACKAGE GEOMETRY/ASSEMBLY_TOP" packageHeight="100" >
      <Path lineWidth="5" type="line" >
        <Point x="-69.8819" y="104.3302" />
        <Point x="-69.8819" y="127.9522" />
      </Path>
    </Layer>
    <Layer name="PACKAGE GEOMETRY/ASSEMBLY_TOP" packageHeight="100" >
      <Path lineWidth="5" type="line" >
        <Point x="-138.7799" y="-104.3308" />
        <Point x="-138.7799" y="-76.7718" />
      </Path>
    </Layer>
    <Layer name="PACKAGE GEOMETRY/ASSEMBLY_TOP" packageHeight="100" >
      <Path lineWidth="5" type="line" >
        <Point x="91.4921" y="-59.0558" />
        <Point x="100.8491" y="-59.0558" />
      </Path>
    </Layer>
    <Layer name="PACKAGE GEOMETRY/ASSEMBLY_TOP" packageHeight="100" >
      <Path lineWidth="5" type="line" >
        <Point x="-69.8819" y="-127.9528" />
        <Point x="-69.8819" y="-104.3308" />
      </Path>
    </Layer>
    <Layer name="PACKAGE GEOMETRY/ASSEMBLY_TOP" packageHeight="100" >
      <Path lineWidth="5" type="line" >
        <Point x="-93.4599" y="13.7792" />
        <Point x="-78.8569" y="13.7792" />
      </Path>
    </Layer>
    <Layer name="PACKAGE GEOMETRY/ASSEMBLY_TOP" packageHeight="100" >
      <Path lineWidth="5" type="line" >
        <Point x="-138.7799" y="-76.7718" />
        <Point x="-110.1189" y="-76.7718" />
      </Path>
    </Layer>
    <Layer name="PACKAGE GEOMETRY/ASSEMBLY_TOP" packageHeight="100" >
      <Path lineWidth="5" type="line" >
        <Point x="136.8111" y="-59.0558" />
        <Point x="136.8111" y="59.0542" />
      </Path>
    </Layer>
    <Layer name="PACKAGE GEOMETRY/ASSEMBLY_TOP" packageHeight="100" >
      <Path lineWidth="5" type="line" >
        <Point x="-93.4599" y="76.7712" />
        <Point x="-78.8569" y="76.7712" />
      </Path>
    </Layer>
    <Layer name="PACKAGE GEOMETRY/ASSEMBLY_TOP" packageHeight="100" >
      <Path lineWidth="5" type="line" >
        <Point x="67.9131" y="-127.9528" />
        <Point x="67.9131" y="-59.0558" />
      </Path>
    </Layer>
    <Layer name="PACKAGE GEOMETRY/ASSEMBLY_TOP" packageHeight="100" >
      <Path lineWidth="5" type="line" >
        <Point x="76.8881" y="59.0542" />
        <Point x="91.4921" y="59.0542" />
      </Path>
    </Layer>
    <Layer name="PACKAGE GEOMETRY/ASSEMBLY_TOP" packageHeight="100" >
      <Path lineWidth="5" type="line" >
        <Point x="-138.7799" y="76.7712" />
        <Point x="-110.1189" y="76.7712" />
      </Path>
    </Layer>
    <Layer name="PACKAGE GEOMETRY/ASSEMBLY_TOP" packageHeight="100" >
      <Path lineWidth="5" type="line" >
        <Point x="-138.7799" y="104.3302" />
        <Point x="-110.1189" y="104.3302" />
      </Path>
    </Layer>
    <Layer name="PACKAGE GEOMETRY/ASSEMBLY_TOP" packageHeight="100" >
      <Path lineWidth="5" type="line" >
        <Point x="67.9131" y="59.0542" />
        <Point x="76.8881" y="59.0542" />
      </Path>
    </Layer>
    <Layer name="PACKAGE GEOMETRY/ASSEMBLY_TOP" packageHeight="100" >
      <Path lineWidth="5" type="line" >
        <Point x="108.1511" y="-59.0558" />
        <Point x="136.8111" y="-59.0558" />
      </Path>
    </Layer>
    <Layer name="PACKAGE GEOMETRY/ASSEMBLY_TOP" packageHeight="100" >
      <Path lineWidth="5" type="line" >
        <Point x="-93.4599" y="-13.7798" />
        <Point x="-78.8569" y="-13.7798" />
      </Path>
    </Layer>
    <Layer name="PACKAGE GEOMETRY/ASSEMBLY_TOP" packageHeight="100" >
      <Path lineWidth="5" type="line" >
        <Point x="-102.8179" y="76.7712" />
        <Point x="-93.4599" y="76.7712" />
      </Path>
    </Layer>
    <Layer name="PACKAGE GEOMETRY/ASSEMBLY_TOP" packageHeight="100" >
      <Path lineWidth="5" type="line" >
        <Point x="100.8491" y="-59.0558" />
        <Point x="108.1511" y="-59.0558" />
      </Path>
    </Layer>
    <Layer name="PACKAGE GEOMETRY/ASSEMBLY_TOP" packageHeight="100" >
      <Path lineWidth="5" type="line" >
        <Point x="-78.8569" y="-104.3308" />
        <Point x="-69.8819" y="-104.3308" />
      </Path>
    </Layer>
    <Layer name="PACKAGE GEOMETRY/ASSEMBLY_TOP" packageHeight="100" >
      <Path lineWidth="5" type="line" >
        <Point x="-78.8569" y="-13.7798" />
        <Point x="-69.8819" y="-13.7798" />
      </Path>
    </Layer>
    <Layer name="PACKAGE GEOMETRY/ASSEMBLY_TOP" packageHeight="100" >
      <Path lineWidth="5" type="line" >
        <Point x="-102.8179" y="13.7792" />
        <Point x="-93.4599" y="13.7792" />
      </Path>
    </Layer>
    <Layer name="PACKAGE GEOMETRY/ASSEMBLY_TOP" packageHeight="100" >
      <Path lineWidth="5" type="line" >
        <Point x="-110.1189" y="-76.7718" />
        <Point x="-102.8179" y="-76.7718" />
      </Path>
    </Layer>
    <Layer name="PACKAGE GEOMETRY/ASSEMBLY_TOP" packageHeight="100" >
      <Path lineWidth="5" type="line" >
        <Point x="-138.7799" y="-13.7798" />
        <Point x="-110.1189" y="-13.7798" />
      </Path>
    </Layer>
    <Layer name="PACKAGE GEOMETRY/ASSEMBLY_TOP" packageHeight="100" >
      <Label layer="PACKAGE GEOMETRY/ASSEMBLY_TOP" textBlock="3" angle="270" x="-16.7323" y="73.425" text=".Designator" justify="center" />
    </Layer>
    <Layer name="PACKAGE GEOMETRY/SILKSCREEN_TOP" packageHeight="100" >
      <Label layer="PACKAGE GEOMETRY/SILKSCREEN_TOP" textBlock="3" angle="0" x="-161" y="158" text="Designator9" justify="center" />
    </Layer>
    <Layer name="PACKAGE GEOMETRY/SILKSCREEN_TOP" packageHeight="100" >
      <Circle type="line"  lineWidth="9.8425" originX="-114.1732" originY="131.8898" radius="4.9213" > 
    </Layer>
    <Layer name="REF DES/SILKSCREEN_TOP" packageHeight="100" >
      <Label layer="REF DES/SILKSCREEN_TOP" textBlock="3" angle="0" x="0" y="-25" text="Ref" justify="center" />
    </Layer>
    <Layer name="DEVICE TYPE/SILKSCREEN_TOP" packageHeight="100" >
      <Label layer="DEVICE TYPE/SILKSCREEN_TOP" textBlock="3" angle="0" x="0" y="-25" text="Dev" justify="center" />
    </Layer>
    <Layer name="USER PART NUMBER/SILKSCREEN_TOP" packageHeight="100" >
      <Label layer="USER PART NUMBER/SILKSCREEN_TOP" textBlock="3" angle="0" x="0" y="-25" text="PN" justify="center" />
    </Layer>
    <Layer name="DEVICE TYPE/ASSEMBLY_TOP" packageHeight="100" >
      <Label layer="DEVICE TYPE/ASSEMBLY_TOP" textBlock="3" angle="0" x="0" y="-25" text="DEV" justify="center" />
    </Layer>
    <Layer name="COMPONENT VALUE/SILKSCREEN_TOP" packageHeight="100" >
      <Label layer="COMPONENT VALUE/SILKSCREEN_TOP" textBlock="3" angle="0" x="0" y="-25" text="VAL" justify="center" />
    </Layer>
    <Layer name="TOLERANCE/SILKSCREEN_TOP" packageHeight="100" >
      <Label layer="TOLERANCE/SILKSCREEN_TOP" textBlock="3" angle="0" x="0" y="-25" text="TOL" justify="center" />
    </Layer>
  </Layers>
</Footprint>
