<Footprint name="CAPC17090_87N_KEM" >
  <Units type="mils" precision="3" />
  <Extents minX="-2425" minY="-2487.71649169922" width="3903.46449279785" height="4060.18096923828" />
  <Padstack name="RX39p59Y35p43D0T" type="single" > 
    <Layers>
      <Layer name="TOP" >
        <Pad shape="rectangle" width="39.5905" height="35.433" /> 
      </Layer>
      <Layer name="PASTEMASK_TOP" >
        <Pad shape="rectangle" width="39.5905" height="35.433" /> 
      </Layer>
      <Layer name="SOLDERMASK_TOP" >
        <Pad shape="rectangle" width="39.5905" height="35.433" /> 
      </Layer>
    </Layers>
  </Padstack>

  <Padstack name="RX39p59Y35p43D0T" type="single" > 
    <Layers>
      <Layer name="TOP" >
        <Pad shape="rectangle" width="39.5905" height="35.433" /> 
      </Layer>
      <Layer name="PASTEMASK_TOP" >
        <Pad shape="rectangle" width="39.5905" height="35.433" /> 
      </Layer>
      <Layer name="SOLDERMASK_TOP" >
        <Pad shape="rectangle" width="39.5905" height="35.433" /> 
      </Layer>
    </Layers>
  </Padstack>
  <TextBlocks>
    <TextBlock name="17" width="6.25" height="25" lineSpacing="25" characterSpacing="6.25" /> 
  </TextBlocks>

  <Pins>
    <Pin number="1" padName="RX39p59Y35p43D0T" originX="-27.6693" originY="0" rotation="0" isMechanical="no" textBlockName="17" />
    <Pin number="2" padName="RX39p59Y35p43D0T" originX="27.6693" originY="0" rotation="0" isMechanical="no" textBlockName="17" />
  </Pins>
  <Vias>
  </Vias>
  <Layers>
    <Layer name="VIA KEEPOUT/TOP" packageHeight="34.2519" >
      <Path lineWidth="0" type="shape" >
        <Point x="-5.87400007247925" y="17.7164993286133" />
        <Point x="5.87400007247925" y="17.7164993286133" />
        <Point x="5.87400007247925" y="-17.7164993286133" />
        <Point x="-5.87400007247925" y="-17.7164993286133" />
        <Point x="-5.87400007247925" y="17.7164993286133" />
      </Path>
    </Layer>
    <Layer name="ROUTE KEEPOUT/TOP" packageHeight="34.2519" >
      <Path lineWidth="0" type="shape" >
        <Point x="-5.87400007247925" y="17.7164993286133" />
        <Point x="5.87400007247925" y="17.7164993286133" />
        <Point x="5.87400007247925" y="-17.7164993286133" />
        <Point x="-5.87400007247925" y="-17.7164993286133" />
        <Point x="-5.87400007247925" y="17.7164993286133" />
      </Path>
    </Layer>
    <Layer name="ROUTE KEEPOUT/TOP" packageHeight="34.2519" >
      <Path lineWidth="0" type="shape" >
        <Point x="-5.87400007247925" y="15.7165002822876" />
        <Point x="5.87400007247925" y="15.7165002822876" />
        <Point x="5.87400007247925" y="-15.7165002822876" />
        <Point x="-5.87400007247925" y="-15.7165002822876" />
        <Point x="-5.87400007247925" y="15.7165002822876" />
      </Path>
    </Layer>
    <Layer name="PACKAGE GEOMETRY/PLACE_BOUND_TOP" packageHeight="34.2519" packageHeightMin="0">
      <Path lineWidth="0" type="shape" >
        <Point x="-57.4645" y="-27.7165" />
        <Point x="-57.4645" y="27.7165" />
        <Point x="57.4645" y="27.7165" />
        <Point x="57.4645" y="-27.7165" />
        <Point x="-57.4645" y="-27.7165" />
      </Path>
    </Layer>
    <Layer name="MANUFACTURING/NO_PROBE_TOP" packageHeight="34.2519" >
      <Path lineWidth="0" type="shape" >
        <Point x="-62.4645" y="-32.7165" />
        <Point x="-62.4645" y="32.7165" />
        <Point x="62.4645" y="32.7165" />
        <Point x="62.4645" y="-32.7165" />
        <Point x="-62.4645" y="-32.7165" />
      </Path>
    </Layer>
    <Layer name="REF DES/SILKSCREEN_TOP" packageHeight="34.2519" >
      <Label layer="REF DES/SILKSCREEN_TOP" textBlock="3" angle="0" x="0" y="-25" text="Ref" justify="center" />
    </Layer>
    <Layer name="DEVICE TYPE/SILKSCREEN_TOP" packageHeight="34.2519" >
      <Label layer="DEVICE TYPE/SILKSCREEN_TOP" textBlock="3" angle="0" x="0" y="-25" text="Dev" justify="center" />
    </Layer>
    <Layer name="USER PART NUMBER/SILKSCREEN_TOP" packageHeight="34.2519" >
      <Label layer="USER PART NUMBER/SILKSCREEN_TOP" textBlock="3" angle="0" x="0" y="-25" text="PN" justify="center" />
    </Layer>
    <Layer name="DEVICE TYPE/ASSEMBLY_TOP" packageHeight="34.2519" >
      <Label layer="DEVICE TYPE/ASSEMBLY_TOP" textBlock="3" angle="0" x="0" y="-25" text="DEV" justify="center" />
    </Layer>
    <Layer name="COMPONENT VALUE/SILKSCREEN_TOP" packageHeight="34.2519" >
      <Label layer="COMPONENT VALUE/SILKSCREEN_TOP" textBlock="3" angle="0" x="0" y="-25" text="VAL" justify="center" />
    </Layer>
    <Layer name="TOLERANCE/SILKSCREEN_TOP" packageHeight="34.2519" >
      <Label layer="TOLERANCE/SILKSCREEN_TOP" textBlock="3" angle="0" x="0" y="-25" text="TOL" justify="center" />
    </Layer>
    <Layer name="REF DES/ASSEMBLY_TOP" packageHeight="34.2519" >
      <Label layer="REF DES/ASSEMBLY_TOP" textBlock="3" angle="0" x="0" y="-25" text="Ref" justify="center" />
    </Layer>
    <Layer name="PACKAGE GEOMETRY/ASSEMBLY_TOP" packageHeight="34.2519" >
      <Path lineWidth="0" type="line" >
        <Point x="-11.811" y="-17.7165" />
        <Point x="-11.811" y="17.7165" />
      </Path>
    </Layer>
    <Layer name="PACKAGE GEOMETRY/ASSEMBLY_TOP" packageHeight="34.2519" >
      <Path lineWidth="0" type="line" >
        <Point x="-11.811" y="17.7165" />
        <Point x="-33.4645" y="17.7165" />
      </Path>
    </Layer>
    <Layer name="PACKAGE GEOMETRY/ASSEMBLY_TOP" packageHeight="34.2519" >
      <Path lineWidth="0" type="line" >
        <Point x="-33.4645" y="17.7165" />
        <Point x="-33.4645" y="-17.7165" />
      </Path>
    </Layer>
    <Layer name="PACKAGE GEOMETRY/ASSEMBLY_TOP" packageHeight="34.2519" >
      <Path lineWidth="0" type="line" >
        <Point x="-33.4645" y="-17.7165" />
        <Point x="-11.811" y="-17.7165" />
      </Path>
    </Layer>
    <Layer name="PACKAGE GEOMETRY/ASSEMBLY_TOP" packageHeight="34.2519" >
      <Path lineWidth="0" type="line" >
        <Point x="11.811" y="17.7165" />
        <Point x="11.811" y="-17.7165" />
      </Path>
    </Layer>
    <Layer name="PACKAGE GEOMETRY/ASSEMBLY_TOP" packageHeight="34.2519" >
      <Path lineWidth="0" type="line" >
        <Point x="11.811" y="-17.7165" />
        <Point x="33.4645" y="-17.7165" />
      </Path>
    </Layer>
    <Layer name="PACKAGE GEOMETRY/ASSEMBLY_TOP" packageHeight="34.2519" >
      <Path lineWidth="0" type="line" >
        <Point x="33.4645" y="-17.7165" />
        <Point x="33.4645" y="17.7165" />
      </Path>
    </Layer>
    <Layer name="PACKAGE GEOMETRY/ASSEMBLY_TOP" packageHeight="34.2519" >
      <Path lineWidth="0" type="line" >
        <Point x="33.4645" y="17.7165" />
        <Point x="11.811" y="17.7165" />
      </Path>
    </Layer>
    <Layer name="PACKAGE GEOMETRY/ASSEMBLY_TOP" packageHeight="34.2519" >
      <Path lineWidth="0" type="line" >
        <Point x="-33.4645" y="-17.7165" />
        <Point x="33.4645" y="-17.7165" />
      </Path>
    </Layer>
    <Layer name="PACKAGE GEOMETRY/ASSEMBLY_TOP" packageHeight="34.2519" >
      <Path lineWidth="0" type="line" >
        <Point x="33.4645" y="-17.7165" />
        <Point x="33.4645" y="17.7165" />
      </Path>
    </Layer>
    <Layer name="PACKAGE GEOMETRY/ASSEMBLY_TOP" packageHeight="34.2519" >
      <Path lineWidth="0" type="line" >
        <Point x="33.4645" y="17.7165" />
        <Point x="-33.4645" y="17.7165" />
      </Path>
    </Layer>
    <Layer name="PACKAGE GEOMETRY/ASSEMBLY_TOP" packageHeight="34.2519" >
      <Path lineWidth="0" type="line" >
        <Point x="-33.4645" y="17.7165" />
        <Point x="-33.4645" y="-17.7165" />
      </Path>
    </Layer>
  </Layers>
</Footprint>
