<Footprint name="CAP_08051A0R8CAT2A_AVX" >
  <Units type="mils" precision="3" />
  <Extents minX="-2412.5" minY="-2498.5" width="3951" height="4083" />
  <Padstack name="RX44Y57D0T" type="single" > 
    <Layers>
      <Layer name="TOP" >
        <Pad shape="rectangle" width="44" height="57" /> 
      </Layer>
      <Layer name="PASTEMASK_TOP" >
        <Pad shape="rectangle" width="44" height="57" /> 
      </Layer>
      <Layer name="SOLDERMASK_TOP" >
        <Pad shape="rectangle" width="44" height="57" /> 
      </Layer>
    </Layers>
  </Padstack>

  <Padstack name="RX44Y57D0T" type="single" > 
    <Layers>
      <Layer name="TOP" >
        <Pad shape="rectangle" width="44" height="57" /> 
      </Layer>
      <Layer name="PASTEMASK_TOP" >
        <Pad shape="rectangle" width="44" height="57" /> 
      </Layer>
      <Layer name="SOLDERMASK_TOP" >
        <Pad shape="rectangle" width="44" height="57" /> 
      </Layer>
    </Layers>
  </Padstack>
  <TextBlocks>
    <TextBlock name="17" width="6.25" height="25" lineSpacing="25" characterSpacing="6.25" /> 
  </TextBlocks>

  <Pins>
    <Pin number="1" padName="RX44Y57D0T" originX="-35.5" originY="0" rotation="0" isMechanical="no" textBlockName="17" />
    <Pin number="2" padName="RX44Y57D0T" originX="35.5" originY="0" rotation="0" isMechanical="no" textBlockName="17" />
  </Pins>
  <Vias>
  </Vias>
  <Layers>
    <Layer name="VIA KEEPOUT/TOP" packageHeight="37" >
      <Path lineWidth="0" type="shape" >
        <Point x="-11.5" y="28.5" />
        <Point x="11.5" y="28.5" />
        <Point x="11.5" y="-28.5" />
        <Point x="-11.5" y="-28.5" />
        <Point x="-11.5" y="28.5" />
      </Path>
    </Layer>
    <Layer name="ROUTE KEEPOUT/TOP" packageHeight="37" >
      <Path lineWidth="0" type="shape" >
        <Point x="-11.5" y="28.5" />
        <Point x="11.5" y="28.5" />
        <Point x="11.5" y="-28.5" />
        <Point x="-11.5" y="-28.5" />
        <Point x="-11.5" y="28.5" />
      </Path>
    </Layer>
    <Layer name="ROUTE KEEPOUT/TOP" packageHeight="37" >
      <Path lineWidth="0" type="shape" >
        <Point x="-11.5" y="26.5" />
        <Point x="11.5" y="26.5" />
        <Point x="11.5" y="-26.5" />
        <Point x="-11.5" y="-26.5" />
        <Point x="-11.5" y="26.5" />
      </Path>
    </Layer>
    <Layer name="PACKAGE GEOMETRY/PLACE_BOUND_TOP" packageHeight="37" packageHeightMin="0">
      <Path lineWidth="0" type="shape" >
        <Point x="-67.5" y="-38.5" />
        <Point x="-67.5" y="38.5" />
        <Point x="67.5" y="38.5" />
        <Point x="67.5" y="-38.5" />
        <Point x="-67.5" y="-38.5" />
      </Path>
    </Layer>
    <Layer name="MANUFACTURING/NO_PROBE_TOP" packageHeight="37" >
      <Path lineWidth="0" type="shape" >
        <Point x="-72.5" y="-43.5" />
        <Point x="-72.5" y="43.5" />
        <Point x="72.5" y="43.5" />
        <Point x="72.5" y="-43.5" />
        <Point x="-72.5" y="-43.5" />
      </Path>
    </Layer>
    <Layer name="REF DES/SILKSCREEN_TOP" packageHeight="37" >
      <Label layer="REF DES/SILKSCREEN_TOP" textBlock="3" angle="0" x="0" y="-25" text="Ref" justify="center" />
    </Layer>
    <Layer name="DEVICE TYPE/SILKSCREEN_TOP" packageHeight="37" >
      <Label layer="DEVICE TYPE/SILKSCREEN_TOP" textBlock="3" angle="0" x="0" y="-25" text="Dev" justify="center" />
    </Layer>
    <Layer name="USER PART NUMBER/SILKSCREEN_TOP" packageHeight="37" >
      <Label layer="USER PART NUMBER/SILKSCREEN_TOP" textBlock="3" angle="0" x="0" y="-25" text="PN" justify="center" />
    </Layer>
    <Layer name="DEVICE TYPE/ASSEMBLY_TOP" packageHeight="37" >
      <Label layer="DEVICE TYPE/ASSEMBLY_TOP" textBlock="3" angle="0" x="0" y="-25" text="DEV" justify="center" />
    </Layer>
    <Layer name="COMPONENT VALUE/SILKSCREEN_TOP" packageHeight="37" >
      <Label layer="COMPONENT VALUE/SILKSCREEN_TOP" textBlock="3" angle="0" x="0" y="-25" text="VAL" justify="center" />
    </Layer>
    <Layer name="TOLERANCE/SILKSCREEN_TOP" packageHeight="37" >
      <Label layer="TOLERANCE/SILKSCREEN_TOP" textBlock="3" angle="0" x="0" y="-25" text="TOL" justify="center" />
    </Layer>
    <Layer name="REF DES/ASSEMBLY_TOP" packageHeight="37" >
      <Label layer="REF DES/ASSEMBLY_TOP" textBlock="3" angle="0" x="0" y="-25" text="Ref" justify="center" />
    </Layer>
    <Layer name="PACKAGE GEOMETRY/ASSEMBLY_TOP" packageHeight="37" >
      <Circle type="line"  lineWidth="0" originX="-30.5" originY="0" radius="0" > 
    </Layer>
    <Layer name="PACKAGE GEOMETRY/ASSEMBLY_TOP" packageHeight="37" >
      <Path lineWidth="0" type="line" >
        <Point x="-13.5" y="-28.5" />
        <Point x="-13.5" y="28.5" />
      </Path>
    </Layer>
    <Layer name="PACKAGE GEOMETRY/ASSEMBLY_TOP" packageHeight="37" >
      <Path lineWidth="0" type="line" >
        <Point x="-13.5" y="28.5" />
        <Point x="-43.5" y="28.5" />
      </Path>
    </Layer>
    <Layer name="PACKAGE GEOMETRY/ASSEMBLY_TOP" packageHeight="37" >
      <Path lineWidth="0" type="line" >
        <Point x="-43.5" y="28.5" />
        <Point x="-43.5" y="-28.5" />
      </Path>
    </Layer>
    <Layer name="PACKAGE GEOMETRY/ASSEMBLY_TOP" packageHeight="37" >
      <Path lineWidth="0" type="line" >
        <Point x="-43.5" y="-28.5" />
        <Point x="-13.5" y="-28.5" />
      </Path>
    </Layer>
    <Layer name="PACKAGE GEOMETRY/ASSEMBLY_TOP" packageHeight="37" >
      <Path lineWidth="0" type="line" >
        <Point x="13.5" y="28.5" />
        <Point x="13.5" y="-28.5" />
      </Path>
    </Layer>
    <Layer name="PACKAGE GEOMETRY/ASSEMBLY_TOP" packageHeight="37" >
      <Path lineWidth="0" type="line" >
        <Point x="13.5" y="-28.5" />
        <Point x="43.5" y="-28.5" />
      </Path>
    </Layer>
    <Layer name="PACKAGE GEOMETRY/ASSEMBLY_TOP" packageHeight="37" >
      <Path lineWidth="0" type="line" >
        <Point x="43.5" y="-28.5" />
        <Point x="43.5" y="28.5" />
      </Path>
    </Layer>
    <Layer name="PACKAGE GEOMETRY/ASSEMBLY_TOP" packageHeight="37" >
      <Path lineWidth="0" type="line" >
        <Point x="43.5" y="28.5" />
        <Point x="13.5" y="28.5" />
      </Path>
    </Layer>
    <Layer name="PACKAGE GEOMETRY/ASSEMBLY_TOP" packageHeight="37" >
      <Path lineWidth="0" type="line" >
        <Point x="-43.5" y="-28.5" />
        <Point x="43.5" y="-28.5" />
      </Path>
    </Layer>
    <Layer name="PACKAGE GEOMETRY/ASSEMBLY_TOP" packageHeight="37" >
      <Path lineWidth="0" type="line" >
        <Point x="43.5" y="-28.5" />
        <Point x="43.5" y="28.5" />
      </Path>
    </Layer>
    <Layer name="PACKAGE GEOMETRY/ASSEMBLY_TOP" packageHeight="37" >
      <Path lineWidth="0" type="line" >
        <Point x="43.5" y="28.5" />
        <Point x="-43.5" y="28.5" />
      </Path>
    </Layer>
    <Layer name="PACKAGE GEOMETRY/ASSEMBLY_TOP" packageHeight="37" >
      <Path lineWidth="0" type="line" >
        <Point x="-43.5" y="28.5" />
        <Point x="-43.5" y="-28.5" />
      </Path>
    </Layer>
  </Layers>
</Footprint>
