<Footprint name="DIODE_CD0603-B0240R_BRN-M" >
  <Units type="mils" precision="3" />
  <Extents minX="-2520.5" minY="-2629.5" width="4041" height="4315" />
  <Padstack name="RX20Y34D0T" type="single" > 
    <Layers>
      <Layer name="TOP" >
        <Pad shape="rectangle" width="20" height="34" /> 
      </Layer>
      <Layer name="PASTEMASK_TOP" >
        <Pad shape="rectangle" width="20" height="34" /> 
      </Layer>
      <Layer name="SOLDERMASK_TOP" >
        <Pad shape="rectangle" width="20" height="34" /> 
      </Layer>
    </Layers>
  </Padstack>
  <Padstack name="RX20Y34D0TSM2" type="single" > 
    <Layers>
      <Layer name="TOP" >
        <Pad shape="rectangle" width="20" height="34" /> 
      </Layer>
      <Layer name="PASTEMASK_TOP" >
        <Pad shape="rectangle" width="20" height="34" /> 
      </Layer>
      <Layer name="SOLDERMASK_TOP" >
        <Pad shape="rectangle" width="20" height="34" /> 
      </Layer>
    </Layers>
  </Padstack>

  <Padstack name="RX20Y34D0T" type="single" > 
    <Layers>
      <Layer name="TOP" >
        <Pad shape="rectangle" width="20" height="34" /> 
      </Layer>
      <Layer name="PASTEMASK_TOP" >
        <Pad shape="rectangle" width="20" height="34" /> 
      </Layer>
      <Layer name="SOLDERMASK_TOP" >
        <Pad shape="rectangle" width="20" height="34" /> 
      </Layer>
    </Layers>
  </Padstack>
  <Padstack name="RX20Y34D0TSM2" type="single" > 
    <Layers>
      <Layer name="TOP" >
        <Pad shape="rectangle" width="20" height="34" /> 
      </Layer>
      <Layer name="PASTEMASK_TOP" >
        <Pad shape="rectangle" width="20" height="34" /> 
      </Layer>
      <Layer name="SOLDERMASK_TOP" >
        <Pad shape="rectangle" width="20" height="34" /> 
      </Layer>
    </Layers>
  </Padstack>
  <TextBlocks>
    <TextBlock name="17" width="6.25" height="25" lineSpacing="25" characterSpacing="6.25" /> 
  </TextBlocks>

  <Pins>
    <Pin number="1" padName="RX20Y34D0T" originX="-25.5" originY="0" rotation="0" isMechanical="no" textBlockName="17" />
    <Pin number="2" padName="RX20Y34D0TSM2" originX="25.5" originY="0" rotation="0" isMechanical="no" textBlockName="17" />
  </Pins>
  <Vias>
  </Vias>
  <Layers>
    <Layer name="PACKAGE GEOMETRY/PLACE_BOUND_TOP" packageHeight="33" packageHeightMin="0">
      <Path lineWidth="6" type="shape" >
        <Point x="-55.5" y="-37" />
        <Point x="-55.5" y="37" />
        <Point x="-53.5" y="37" />
        <Point x="-53.5" y="39.5" />
        <Point x="53.5" y="39.5" />
        <Point x="53.5" y="37" />
        <Point x="55.5" y="37" />
        <Point x="55.5" y="-37" />
        <Point x="53.5" y="-37" />
        <Point x="53.5" y="-39.5" />
        <Point x="-53.5" y="-39.5" />
        <Point x="-53.5" y="-37" />
        <Point x="-55.5" y="-37" />
      </Path>
    </Layer>
    <Layer name="MANUFACTURING/NO_PROBE_TOP" packageHeight="33" >
      <Path lineWidth="6" type="shape" >
        <Point x="-50.5" y="-34.5" />
        <Point x="-50.5" y="34.5" />
        <Point x="50.5" y="34.5" />
        <Point x="50.5" y="-34.5" />
        <Point x="-50.5" y="-34.5" />
      </Path>
    </Layer>
    <Layer name="PACKAGE GEOMETRY/ASSEMBLY_TOP" packageHeight="33" >
      <Circle type="line"  lineWidth="0" originX="0" originY="0" radius="3" > 
    </Layer>
    <Layer name="PACKAGE GEOMETRY/SILKSCREEN_TOP" packageHeight="33" >
      <Circle type="line"  lineWidth="6" originX="-81" originY="0" radius="3" > 
    </Layer>
    <Layer name="REF DES/SILKSCREEN_TOP" packageHeight="33" >
      <Label layer="REF DES/SILKSCREEN_TOP" textBlock="3" angle="0" x="0" y="-25" text="Ref" justify="center" />
    </Layer>
    <Layer name="DEVICE TYPE/SILKSCREEN_TOP" packageHeight="33" >
      <Label layer="DEVICE TYPE/SILKSCREEN_TOP" textBlock="3" angle="0" x="0" y="-25" text="Dev" justify="center" />
    </Layer>
    <Layer name="USER PART NUMBER/SILKSCREEN_TOP" packageHeight="33" >
      <Label layer="USER PART NUMBER/SILKSCREEN_TOP" textBlock="3" angle="0" x="0" y="-25" text="PN" justify="center" />
    </Layer>
    <Layer name="DEVICE TYPE/ASSEMBLY_TOP" packageHeight="33" >
      <Label layer="DEVICE TYPE/ASSEMBLY_TOP" textBlock="3" angle="0" x="0" y="-25" text="DEV" justify="center" />
    </Layer>
    <Layer name="COMPONENT VALUE/SILKSCREEN_TOP" packageHeight="33" >
      <Label layer="COMPONENT VALUE/SILKSCREEN_TOP" textBlock="3" angle="0" x="0" y="-25" text="VAL" justify="center" />
    </Layer>
    <Layer name="TOLERANCE/SILKSCREEN_TOP" packageHeight="33" >
      <Label layer="TOLERANCE/SILKSCREEN_TOP" textBlock="3" angle="0" x="0" y="-25" text="TOL" justify="center" />
    </Layer>
    <Layer name="REF DES/ASSEMBLY_TOP" packageHeight="33" >
      <Label layer="REF DES/ASSEMBLY_TOP" textBlock="3" angle="0" x="0" y="-25" text="Ref" justify="center" />
    </Layer>
    <Layer name="PACKAGE GEOMETRY/SILKSCREEN_TOP" packageHeight="33" >
      <Path lineWidth="6" type="line" >
        <Point x="-4.7594" y="-24.5" />
        <Point x="4.7594" y="-24.5" />
      </Path>
    </Layer>
    <Layer name="PACKAGE GEOMETRY/SILKSCREEN_TOP" packageHeight="33" >
      <Path lineWidth="6" type="line" >
        <Point x="4.7594" y="24.5" />
        <Point x="-4.7594" y="24.5" />
      </Path>
    </Layer>
    <Layer name="PACKAGE GEOMETRY/ASSEMBLY_TOP" packageHeight="33" >
      <Path lineWidth="0" type="line" >
        <Point x="-33.5" y="-19.5" />
        <Point x="33.5" y="-19.5" />
      </Path>
    </Layer>
    <Layer name="PACKAGE GEOMETRY/ASSEMBLY_TOP" packageHeight="33" >
      <Path lineWidth="0" type="line" >
        <Point x="33.5" y="-19.5" />
        <Point x="33.5" y="19.5" />
      </Path>
    </Layer>
    <Layer name="PACKAGE GEOMETRY/ASSEMBLY_TOP" packageHeight="33" >
      <Path lineWidth="0" type="line" >
        <Point x="33.5" y="19.5" />
        <Point x="-33.5" y="19.5" />
      </Path>
    </Layer>
    <Layer name="PACKAGE GEOMETRY/ASSEMBLY_TOP" packageHeight="33" >
      <Path lineWidth="0" type="line" >
        <Point x="-33.5" y="19.5" />
        <Point x="-33.5" y="-19.5" />
      </Path>
    </Layer>
  </Layers>
</Footprint>
