<Footprint name="SD1206_AVX" >
  <Units type="mils" precision="3" />
  <Extents minX="-2574.5" minY="-2351.5" width="4099" height="3693" />
  <Padstack name="RX43p5Y59D0T" type="single" > 
    <Layers>
      <Layer name="TOP" >
        <Pad shape="rectangle" width="43.5" height="59" /> 
      </Layer>
      <Layer name="PASTEMASK_TOP" >
        <Pad shape="rectangle" width="43.5" height="59" /> 
      </Layer>
      <Layer name="SOLDERMASK_TOP" >
        <Pad shape="rectangle" width="43.5" height="59" /> 
      </Layer>
    </Layers>
  </Padstack>

  <Padstack name="RX43p5Y59D0T" type="single" > 
    <Layers>
      <Layer name="TOP" >
        <Pad shape="rectangle" width="43.5" height="59" /> 
      </Layer>
      <Layer name="PASTEMASK_TOP" >
        <Pad shape="rectangle" width="43.5" height="59" /> 
      </Layer>
      <Layer name="SOLDERMASK_TOP" >
        <Pad shape="rectangle" width="43.5" height="59" /> 
      </Layer>
    </Layers>
  </Padstack>
  <TextBlocks>
    <TextBlock name="17" width="6.25" height="25" lineSpacing="25" characterSpacing="6.25" /> 
  </TextBlocks>

  <Pins>
    <Pin number="1" padName="RX43p5Y59D0T" originX="-56.75" originY="0" rotation="0" isMechanical="no" textBlockName="17" />
    <Pin number="2" padName="RX43p5Y59D0T" originX="56.75" originY="0" rotation="0" isMechanical="no" textBlockName="17" />
  </Pins>
  <Vias>
  </Vias>
  <Layers>
    <Layer name="ROUTE KEEPOUT/TOP" packageHeight="46" >
      <Path lineWidth="0" type="shape" >
        <Point x="-33" y="39.5" />
        <Point x="33" y="39.5" />
        <Point x="33" y="-39.5" />
        <Point x="-33" y="-39.5" />
        <Point x="-33" y="39.5" />
      </Path>
    </Layer>
    <Layer name="PACKAGE GEOMETRY/PLACE_BOUND_TOP" packageHeight="46" packageHeightMin="0">
      <Path lineWidth="0" type="shape" >
        <Point x="-88.5" y="-39.5" />
        <Point x="-88.5" y="39.5" />
        <Point x="-81" y="39.5" />
        <Point x="-81" y="51.5" />
        <Point x="81" y="51.5" />
        <Point x="81" y="39.5" />
        <Point x="88.5" y="39.5" />
        <Point x="88.5" y="-39.5" />
        <Point x="81" y="-39.5" />
        <Point x="81" y="-51.5" />
        <Point x="-81" y="-51.5" />
        <Point x="-81" y="-39.5" />
        <Point x="-88.5" y="-39.5" />
      </Path>
    </Layer>
    <Layer name="MANUFACTURING/NO_PROBE_TOP" packageHeight="46" >
      <Path lineWidth="0" type="shape" >
        <Point x="-93.5" y="-56.5" />
        <Point x="-93.5" y="56.5" />
        <Point x="93.5" y="56.5" />
        <Point x="93.5" y="-56.5" />
        <Point x="-93.5" y="-56.5" />
      </Path>
    </Layer>
    <Layer name="REF DES/SILKSCREEN_TOP" packageHeight="46" >
      <Label layer="REF DES/SILKSCREEN_TOP" textBlock="3" angle="0" x="0" y="-25" text="Ref" justify="center" />
    </Layer>
    <Layer name="DEVICE TYPE/SILKSCREEN_TOP" packageHeight="46" >
      <Label layer="DEVICE TYPE/SILKSCREEN_TOP" textBlock="3" angle="0" x="0" y="-25" text="Dev" justify="center" />
    </Layer>
    <Layer name="USER PART NUMBER/SILKSCREEN_TOP" packageHeight="46" >
      <Label layer="USER PART NUMBER/SILKSCREEN_TOP" textBlock="3" angle="0" x="0" y="-25" text="PN" justify="center" />
    </Layer>
    <Layer name="DEVICE TYPE/ASSEMBLY_TOP" packageHeight="46" >
      <Label layer="DEVICE TYPE/ASSEMBLY_TOP" textBlock="3" angle="0" x="0" y="-25" text="DEV" justify="center" />
    </Layer>
    <Layer name="COMPONENT VALUE/SILKSCREEN_TOP" packageHeight="46" >
      <Label layer="COMPONENT VALUE/SILKSCREEN_TOP" textBlock="3" angle="0" x="0" y="-25" text="VAL" justify="center" />
    </Layer>
    <Layer name="TOLERANCE/SILKSCREEN_TOP" packageHeight="46" >
      <Label layer="TOLERANCE/SILKSCREEN_TOP" textBlock="3" angle="0" x="0" y="-25" text="TOL" justify="center" />
    </Layer>
    <Layer name="REF DES/ASSEMBLY_TOP" packageHeight="46" >
      <Label layer="REF DES/ASSEMBLY_TOP" textBlock="3" angle="0" x="0" y="-25" text="Ref" justify="center" />
    </Layer>
    <Layer name="PACKAGE GEOMETRY/ASSEMBLY_TOP" packageHeight="46" >
      <Path lineWidth="0" type="line" >
        <Point x="-118.5" y="0" />
        <Point x="-168.5" y="0" />
      </Path>
    </Layer>
    <Layer name="PACKAGE GEOMETRY/ASSEMBLY_TOP" packageHeight="46" >
      <Path lineWidth="0" type="line" >
        <Point x="-158.5" y="25" />
        <Point x="-158.5" y="-25" />
      </Path>
    </Layer>
    <Layer name="PACKAGE GEOMETRY/ASSEMBLY_TOP" packageHeight="46" >
      <Path lineWidth="0" type="line" >
        <Point x="-158.5" y="0" />
        <Point x="-128.5" y="25" />
      </Path>
    </Layer>
    <Layer name="PACKAGE GEOMETRY/ASSEMBLY_TOP" packageHeight="46" >
      <Path lineWidth="0" type="line" >
        <Point x="-158.5" y="0" />
        <Point x="-128.5" y="20" />
      </Path>
    </Layer>
    <Layer name="PACKAGE GEOMETRY/ASSEMBLY_TOP" packageHeight="46" >
      <Path lineWidth="0" type="line" >
        <Point x="-158.5" y="0" />
        <Point x="-128.5" y="15" />
      </Path>
    </Layer>
    <Layer name="PACKAGE GEOMETRY/ASSEMBLY_TOP" packageHeight="46" >
      <Path lineWidth="0" type="line" >
        <Point x="-158.5" y="0" />
        <Point x="-128.5" y="10" />
      </Path>
    </Layer>
    <Layer name="PACKAGE GEOMETRY/ASSEMBLY_TOP" packageHeight="46" >
      <Path lineWidth="0" type="line" >
        <Point x="-158.5" y="0" />
        <Point x="-128.5" y="5" />
      </Path>
    </Layer>
    <Layer name="PACKAGE GEOMETRY/ASSEMBLY_TOP" packageHeight="46" >
      <Path lineWidth="0" type="line" >
        <Point x="-158.5" y="0" />
        <Point x="-128.5" y="-25" />
      </Path>
    </Layer>
    <Layer name="PACKAGE GEOMETRY/ASSEMBLY_TOP" packageHeight="46" >
      <Path lineWidth="0" type="line" >
        <Point x="-158.5" y="0" />
        <Point x="-128.5" y="-20" />
      </Path>
    </Layer>
    <Layer name="PACKAGE GEOMETRY/ASSEMBLY_TOP" packageHeight="46" >
      <Path lineWidth="0" type="line" >
        <Point x="-158.5" y="0" />
        <Point x="-128.5" y="-15" />
      </Path>
    </Layer>
    <Layer name="PACKAGE GEOMETRY/ASSEMBLY_TOP" packageHeight="46" >
      <Path lineWidth="0" type="line" >
        <Point x="-158.5" y="0" />
        <Point x="-128.5" y="-10" />
      </Path>
    </Layer>
    <Layer name="PACKAGE GEOMETRY/ASSEMBLY_TOP" packageHeight="46" >
      <Path lineWidth="0" type="line" >
        <Point x="-158.5" y="0" />
        <Point x="-128.5" y="-5" />
      </Path>
    </Layer>
    <Layer name="PACKAGE GEOMETRY/ASSEMBLY_TOP" packageHeight="46" >
      <Path lineWidth="0" type="line" >
        <Point x="-128.5" y="25" />
        <Point x="-128.5" y="-25" />
      </Path>
    </Layer>
    <Layer name="PACKAGE GEOMETRY/SILKSCREEN_TOP" packageHeight="46" >
      <Path lineWidth="6" type="line" >
        <Point x="-118.5" y="0" />
        <Point x="-168.5" y="0" />
      </Path>
    </Layer>
    <Layer name="PACKAGE GEOMETRY/SILKSCREEN_TOP" packageHeight="46" >
      <Path lineWidth="6" type="line" >
        <Point x="-158.5" y="25" />
        <Point x="-158.5" y="-25" />
      </Path>
    </Layer>
    <Layer name="PACKAGE GEOMETRY/SILKSCREEN_TOP" packageHeight="46" >
      <Path lineWidth="6" type="line" >
        <Point x="-158.5" y="0" />
        <Point x="-128.5" y="25" />
      </Path>
    </Layer>
    <Layer name="PACKAGE GEOMETRY/SILKSCREEN_TOP" packageHeight="46" >
      <Path lineWidth="6" type="line" >
        <Point x="-158.5" y="0" />
        <Point x="-128.5" y="20" />
      </Path>
    </Layer>
    <Layer name="PACKAGE GEOMETRY/SILKSCREEN_TOP" packageHeight="46" >
      <Path lineWidth="6" type="line" >
        <Point x="-158.5" y="0" />
        <Point x="-128.5" y="15" />
      </Path>
    </Layer>
    <Layer name="PACKAGE GEOMETRY/SILKSCREEN_TOP" packageHeight="46" >
      <Path lineWidth="6" type="line" >
        <Point x="-158.5" y="0" />
        <Point x="-128.5" y="10" />
      </Path>
    </Layer>
    <Layer name="PACKAGE GEOMETRY/SILKSCREEN_TOP" packageHeight="46" >
      <Path lineWidth="6" type="line" >
        <Point x="-158.5" y="0" />
        <Point x="-128.5" y="5" />
      </Path>
    </Layer>
    <Layer name="PACKAGE GEOMETRY/SILKSCREEN_TOP" packageHeight="46" >
      <Path lineWidth="6" type="line" >
        <Point x="-158.5" y="0" />
        <Point x="-128.5" y="-25" />
      </Path>
    </Layer>
    <Layer name="PACKAGE GEOMETRY/SILKSCREEN_TOP" packageHeight="46" >
      <Path lineWidth="6" type="line" >
        <Point x="-158.5" y="0" />
        <Point x="-128.5" y="-20" />
      </Path>
    </Layer>
    <Layer name="PACKAGE GEOMETRY/SILKSCREEN_TOP" packageHeight="46" >
      <Path lineWidth="6" type="line" >
        <Point x="-158.5" y="0" />
        <Point x="-128.5" y="-15" />
      </Path>
    </Layer>
    <Layer name="PACKAGE GEOMETRY/SILKSCREEN_TOP" packageHeight="46" >
      <Path lineWidth="6" type="line" >
        <Point x="-158.5" y="0" />
        <Point x="-128.5" y="-10" />
      </Path>
    </Layer>
    <Layer name="PACKAGE GEOMETRY/SILKSCREEN_TOP" packageHeight="46" >
      <Path lineWidth="6" type="line" >
        <Point x="-158.5" y="0" />
        <Point x="-128.5" y="-5" />
      </Path>
    </Layer>
    <Layer name="PACKAGE GEOMETRY/SILKSCREEN_TOP" packageHeight="46" >
      <Path lineWidth="6" type="line" >
        <Point x="-128.5" y="25" />
        <Point x="-128.5" y="-25" />
      </Path>
    </Layer>
    <Layer name="PACKAGE GEOMETRY/SILKSCREEN_TOP" packageHeight="46" >
      <Path lineWidth="6" type="line" >
        <Point x="-76" y="-46.5" />
        <Point x="76" y="-46.5" />
      </Path>
    </Layer>
    <Layer name="PACKAGE GEOMETRY/SILKSCREEN_TOP" packageHeight="46" >
      <Path lineWidth="6" type="line" >
        <Point x="76" y="46.5" />
        <Point x="-76" y="46.5" />
      </Path>
    </Layer>
    <Layer name="PACKAGE GEOMETRY/ASSEMBLY_TOP" packageHeight="46" >
      <Path lineWidth="0" type="line" >
        <Point x="-71" y="-41.5" />
        <Point x="71" y="-41.5" />
      </Path>
    </Layer>
    <Layer name="PACKAGE GEOMETRY/ASSEMBLY_TOP" packageHeight="46" >
      <Path lineWidth="0" type="line" >
        <Point x="71" y="-41.5" />
        <Point x="71" y="41.5" />
      </Path>
    </Layer>
    <Layer name="PACKAGE GEOMETRY/ASSEMBLY_TOP" packageHeight="46" >
      <Path lineWidth="0" type="line" >
        <Point x="71" y="41.5" />
        <Point x="-71" y="41.5" />
      </Path>
    </Layer>
    <Layer name="PACKAGE GEOMETRY/ASSEMBLY_TOP" packageHeight="46" >
      <Path lineWidth="0" type="line" >
        <Point x="-71" y="41.5" />
        <Point x="-71" y="-41.5" />
      </Path>
    </Layer>
  </Layers>
</Footprint>
