<Footprint name="DIODE_SOT-323F-2_ROM-M" >
  <Units type="mils" precision="3" />
  <Extents minX="-2521.5" minY="-2540" width="4093" height="4140.5" />
  <Padstack name="RX16Y36D0T" type="single" > 
    <Layers>
      <Layer name="TOP" >
        <Pad shape="rectangle" width="16" height="36" /> 
      </Layer>
      <Layer name="PASTEMASK_TOP" >
        <Pad shape="rectangle" width="16" height="36" /> 
      </Layer>
      <Layer name="SOLDERMASK_TOP" >
        <Pad shape="rectangle" width="16" height="36" /> 
      </Layer>
    </Layers>
  </Padstack>

  <Padstack name="RX16Y36D0T" type="single" > 
    <Layers>
      <Layer name="TOP" >
        <Pad shape="rectangle" width="16" height="36" /> 
      </Layer>
      <Layer name="PASTEMASK_TOP" >
        <Pad shape="rectangle" width="16" height="36" /> 
      </Layer>
      <Layer name="SOLDERMASK_TOP" >
        <Pad shape="rectangle" width="16" height="36" /> 
      </Layer>
    </Layers>
  </Padstack>
  <TextBlocks>
    <TextBlock name="17" width="6.25" height="25" lineSpacing="25" characterSpacing="6.25" /> 
  </TextBlocks>

  <Pins>
    <Pin number="1" padName="RX16Y36D0T" originX="0" originY="-47" rotation="0" isMechanical="no" textBlockName="17" />
    <Pin number="2" padName="RX16Y36D0T" originX="0" originY="47" rotation="0" isMechanical="no" textBlockName="17" />
  </Pins>
  <Vias>
  </Vias>
  <Layers>
    <Layer name="PACKAGE GEOMETRY/ASSEMBLY_TOP" packageHeight="35" >
      <Path lineWidth="0" type="line" >
        <Point x="7" y="-35.5" />
        <Point x="-7" y="-35.5" />
      </Path>
    </Layer>
    <Layer name="PACKAGE GEOMETRY/ASSEMBLY_TOP" packageHeight="35" >
      <Path lineWidth="0" type="line" >
        <Point x="-7" y="-35.5" />
        <Point x="-7" y="-53" />
      </Path>
    </Layer>
    <Layer name="PACKAGE GEOMETRY/ASSEMBLY_TOP" packageHeight="35" >
      <Path lineWidth="0" type="line" >
        <Point x="-7" y="-53" />
        <Point x="7" y="-53" />
      </Path>
    </Layer>
    <Layer name="PACKAGE GEOMETRY/ASSEMBLY_TOP" packageHeight="35" >
      <Path lineWidth="0" type="line" >
        <Point x="7" y="-53" />
        <Point x="7" y="-35.5" />
      </Path>
    </Layer>
    <Layer name="PACKAGE GEOMETRY/ASSEMBLY_TOP" packageHeight="35" >
      <Path lineWidth="0" type="line" >
        <Point x="-7" y="35.5" />
        <Point x="7" y="35.5" />
      </Path>
    </Layer>
    <Layer name="PACKAGE GEOMETRY/ASSEMBLY_TOP" packageHeight="35" >
      <Path lineWidth="0" type="line" >
        <Point x="7" y="35.5" />
        <Point x="7" y="53" />
      </Path>
    </Layer>
    <Layer name="PACKAGE GEOMETRY/ASSEMBLY_TOP" packageHeight="35" >
      <Path lineWidth="0" type="line" >
        <Point x="7" y="53" />
        <Point x="-7" y="53" />
      </Path>
    </Layer>
    <Layer name="PACKAGE GEOMETRY/ASSEMBLY_TOP" packageHeight="35" >
      <Path lineWidth="0" type="line" >
        <Point x="-7" y="53" />
        <Point x="-7" y="35.5" />
      </Path>
    </Layer>
    <Layer name="PACKAGE GEOMETRY/PLACE_BOUND_TOP" packageHeight="35" packageHeightMin="0">
      <Path lineWidth="6" type="shape" >
        <Point x="-46.5" y="55.5" />
        <Point x="-27" y="55.5" />
        <Point x="-27" y="85" />
        <Point x="27" y="85" />
        <Point x="27" y="55.5" />
        <Point x="46.5" y="55.5" />
        <Point x="46.5" y="-55.5" />
        <Point x="27" y="-55.5" />
        <Point x="27" y="-85" />
        <Point x="-27" y="-85" />
        <Point x="-27" y="-55.5" />
        <Point x="-46.5" y="-55.5" />
        <Point x="-46.5" y="55.5" />
      </Path>
    </Layer>
    <Layer name="PACKAGE GEOMETRY/PLACE_BOUND_TOP" packageHeight="35" packageHeightMin="0">
      <Path lineWidth="6" type="shape" >
        <Point x="-26.5" y="-35.5" />
        <Point x="-26.5" y="35.5" />
        <Point x="26.5" y="35.5" />
        <Point x="26.5" y="-35.5" />
        <Point x="-26.5" y="-35.5" />
      </Path>
    </Layer>
    <Layer name="MANUFACTURING/NO_PROBE_TOP" packageHeight="35" >
      <Path lineWidth="6" type="shape" >
        <Point x="61.5" y="100" />
        <Point x="61.5" y="-100" />
        <Point x="-61.5" y="-100" />
        <Point x="-61.5" y="100" />
        <Point x="61.5" y="100" />
      </Path>
    </Layer>
    <Layer name="REF DES/SILKSCREEN_TOP" packageHeight="35" >
      <Label layer="REF DES/SILKSCREEN_TOP" textBlock="3" angle="0" x="0" y="-25" text="Ref" justify="center" />
    </Layer>
    <Layer name="DEVICE TYPE/SILKSCREEN_TOP" packageHeight="35" >
      <Label layer="DEVICE TYPE/SILKSCREEN_TOP" textBlock="3" angle="0" x="0" y="-25" text="Dev" justify="center" />
    </Layer>
    <Layer name="USER PART NUMBER/SILKSCREEN_TOP" packageHeight="35" >
      <Label layer="USER PART NUMBER/SILKSCREEN_TOP" textBlock="3" angle="0" x="0" y="-25" text="PN" justify="center" />
    </Layer>
    <Layer name="DEVICE TYPE/ASSEMBLY_TOP" packageHeight="35" >
      <Label layer="DEVICE TYPE/ASSEMBLY_TOP" textBlock="3" angle="0" x="0" y="-25" text="DEV" justify="center" />
    </Layer>
    <Layer name="COMPONENT VALUE/SILKSCREEN_TOP" packageHeight="35" >
      <Label layer="COMPONENT VALUE/SILKSCREEN_TOP" textBlock="3" angle="0" x="0" y="-25" text="VAL" justify="center" />
    </Layer>
    <Layer name="TOLERANCE/SILKSCREEN_TOP" packageHeight="35" >
      <Label layer="TOLERANCE/SILKSCREEN_TOP" textBlock="3" angle="0" x="0" y="-25" text="TOL" justify="center" />
    </Layer>
    <Layer name="REF DES/ASSEMBLY_TOP" packageHeight="35" >
      <Label layer="REF DES/ASSEMBLY_TOP" textBlock="3" angle="0" x="0" y="-25" text="Ref" justify="center" />
    </Layer>
    <Layer name="PACKAGE GEOMETRY/ASSEMBLY_TOP" packageHeight="35" >
      <Circle type="line"  lineWidth="0" originX="-16.5" originY="-25.5" radius="5" > 
    </Layer>
    <Layer name="PACKAGE GEOMETRY/SILKSCREEN_TOP" packageHeight="35" >
      <Circle type="line"  lineWidth="6" originX="-76.5" originY="-53" radius="5" > 
    </Layer>
    <Layer name="PACKAGE GEOMETRY/SILKSCREEN_TOP" packageHeight="35" >
      <Path lineWidth="6" type="line" >
        <Point x="-31.5" y="-40.5" />
        <Point x="-21.1" y="-40.5" />
      </Path>
    </Layer>
    <Layer name="PACKAGE GEOMETRY/SILKSCREEN_TOP" packageHeight="35" >
      <Path lineWidth="6" type="line" >
        <Point x="31.5" y="-40.5" />
        <Point x="31.5" y="40.5" />
      </Path>
    </Layer>
    <Layer name="PACKAGE GEOMETRY/SILKSCREEN_TOP" packageHeight="35" >
      <Path lineWidth="6" type="line" >
        <Point x="31.5" y="40.5" />
        <Point x="21.1" y="40.5" />
      </Path>
    </Layer>
    <Layer name="PACKAGE GEOMETRY/SILKSCREEN_TOP" packageHeight="35" >
      <Path lineWidth="6" type="line" >
        <Point x="-31.5" y="40.5" />
        <Point x="-31.5" y="-40.5" />
      </Path>
    </Layer>
    <Layer name="PACKAGE GEOMETRY/ASSEMBLY_TOP" packageHeight="35" >
      <Path lineWidth="0" type="line" >
        <Point x="-26.5" y="-35.5" />
        <Point x="26.5" y="-35.5" />
      </Path>
    </Layer>
    <Layer name="PACKAGE GEOMETRY/ASSEMBLY_TOP" packageHeight="35" >
      <Path lineWidth="0" type="line" >
        <Point x="26.5" y="-35.5" />
        <Point x="26.5" y="35.5" />
      </Path>
    </Layer>
    <Layer name="PACKAGE GEOMETRY/ASSEMBLY_TOP" packageHeight="35" >
      <Path lineWidth="0" type="line" >
        <Point x="26.5" y="35.5" />
        <Point x="-26.5" y="35.5" />
      </Path>
    </Layer>
    <Layer name="PACKAGE GEOMETRY/ASSEMBLY_TOP" packageHeight="35" >
      <Path lineWidth="0" type="line" >
        <Point x="-26.5" y="35.5" />
        <Point x="-26.5" y="-35.5" />
      </Path>
    </Layer>
    <Layer name="PACKAGE GEOMETRY/SILKSCREEN_TOP" packageHeight="35" >
      <Path lineWidth="6" type="line" >
        <Point x="21.1" y="-40.5" />
        <Point x="31.5" y="-40.5" />
      </Path>
    </Layer>
    <Layer name="PACKAGE GEOMETRY/SILKSCREEN_TOP" packageHeight="35" >
      <Path lineWidth="6" type="line" >
        <Point x="-21.1" y="40.5" />
        <Point x="-31.5" y="40.5" />
      </Path>
    </Layer>
  </Layers>
</Footprint>
