<Footprint name="MBR0580S1-7_DIO-L" >
  <Units type="mils" precision="3" />
  <Extents minX="-2373" minY="-2493.5" width="4024" height="4147" />
  <Padstack name="RX51Y37D0T" type="single" > 
    <Layers>
      <Layer name="TOP" >
        <Pad shape="rectangle" width="51" height="37" /> 
      </Layer>
      <Layer name="PASTEMASK_TOP" >
        <Pad shape="rectangle" width="51" height="37" /> 
      </Layer>
      <Layer name="SOLDERMASK_TOP" >
        <Pad shape="rectangle" width="51" height="37" /> 
      </Layer>
    </Layers>
  </Padstack>

  <Padstack name="RX51Y37D0T" type="single" > 
    <Layers>
      <Layer name="TOP" >
        <Pad shape="rectangle" width="51" height="37" /> 
      </Layer>
      <Layer name="PASTEMASK_TOP" >
        <Pad shape="rectangle" width="51" height="37" /> 
      </Layer>
      <Layer name="SOLDERMASK_TOP" >
        <Pad shape="rectangle" width="51" height="37" /> 
      </Layer>
    </Layers>
  </Padstack>
  <TextBlocks>
    <TextBlock name="17" width="6.25" height="25" lineSpacing="25" characterSpacing="6.25" /> 
  </TextBlocks>

  <Pins>
    <Pin number="1" padName="RX51Y37D0T" originX="-60.2244" originY="0" rotation="0" isMechanical="no" textBlockName="17" />
    <Pin number="2" padName="RX51Y37D0T" originX="60.2244" originY="0" rotation="0" isMechanical="no" textBlockName="17" />
  </Pins>
  <Vias>
  </Vias>
  <Layers>
    <Layer name="PACKAGE GEOMETRY/ASSEMBLY_TOP" packageHeight="53" >
      <Path lineWidth="0" type="line" >
        <Point x="-56" y="-18.5" />
        <Point x="-56" y="18.5" />
      </Path>
    </Layer>
    <Layer name="PACKAGE GEOMETRY/ASSEMBLY_TOP" packageHeight="53" >
      <Path lineWidth="0" type="line" >
        <Point x="-56" y="18.5" />
        <Point x="-79.7244" y="18.5" />
      </Path>
    </Layer>
    <Layer name="PACKAGE GEOMETRY/ASSEMBLY_TOP" packageHeight="53" >
      <Path lineWidth="0" type="line" >
        <Point x="-79.7244" y="18.5" />
        <Point x="-79.7244" y="-18.5" />
      </Path>
    </Layer>
    <Layer name="PACKAGE GEOMETRY/ASSEMBLY_TOP" packageHeight="53" >
      <Path lineWidth="0" type="line" >
        <Point x="-79.7244" y="-18.5" />
        <Point x="-56" y="-18.5" />
      </Path>
    </Layer>
    <Layer name="PACKAGE GEOMETRY/ASSEMBLY_TOP" packageHeight="53" >
      <Path lineWidth="0" type="line" >
        <Point x="56" y="18.5" />
        <Point x="56" y="-18.5" />
      </Path>
    </Layer>
    <Layer name="PACKAGE GEOMETRY/ASSEMBLY_TOP" packageHeight="53" >
      <Path lineWidth="0" type="line" >
        <Point x="56" y="-18.5" />
        <Point x="79.7244" y="-18.5" />
      </Path>
    </Layer>
    <Layer name="PACKAGE GEOMETRY/ASSEMBLY_TOP" packageHeight="53" >
      <Path lineWidth="0" type="line" >
        <Point x="79.7244" y="-18.5" />
        <Point x="79.7244" y="18.5" />
      </Path>
    </Layer>
    <Layer name="PACKAGE GEOMETRY/ASSEMBLY_TOP" packageHeight="53" >
      <Path lineWidth="0" type="line" >
        <Point x="79.7244" y="18.5" />
        <Point x="56" y="18.5" />
      </Path>
    </Layer>
    <Layer name="VIA KEEPOUT/TOP" packageHeight="53" >
      <Path lineWidth="6" type="shape" >
        <Point x="-32.7243995666504" y="31.5" />
        <Point x="32.7243995666504" y="31.5" />
        <Point x="32.7243995666504" y="-31.5" />
        <Point x="-32.7243995666504" y="-31.5" />
        <Point x="-32.7243995666504" y="31.5" />
      </Path>
    </Layer>
    <Layer name="ROUTE KEEPOUT/TOP" packageHeight="53" >
      <Path lineWidth="6" type="shape" >
        <Point x="-32.7243995666504" y="31.5" />
        <Point x="32.7243995666504" y="31.5" />
        <Point x="32.7243995666504" y="-31.5" />
        <Point x="-32.7243995666504" y="-31.5" />
        <Point x="-32.7243995666504" y="31.5" />
      </Path>
    </Layer>
    <Layer name="PACKAGE GEOMETRY/PLACE_BOUND_TOP" packageHeight="53" packageHeightMin="0">
      <Path lineWidth="6" type="shape" >
        <Point x="-89.7244" y="-22.5" />
        <Point x="-89.7244" y="22.5" />
        <Point x="-60" y="22.5" />
        <Point x="-60" y="37.5" />
        <Point x="60" y="37.5" />
        <Point x="60" y="22.5" />
        <Point x="89.7244" y="22.5" />
        <Point x="89.7244" y="-22.5" />
        <Point x="60" y="-22.5" />
        <Point x="60" y="-37.5" />
        <Point x="-60" y="-37.5" />
        <Point x="-60" y="-22.5" />
        <Point x="-89.7244" y="-22.5" />
      </Path>
    </Layer>
    <Layer name="MANUFACTURING/NO_PROBE_TOP" packageHeight="53" >
      <Path lineWidth="6" type="shape" >
        <Point x="-93.2244" y="-41" />
        <Point x="-93.2244" y="41" />
        <Point x="93.2244" y="41" />
        <Point x="93.2244" y="-41" />
        <Point x="-93.2244" y="-41" />
      </Path>
    </Layer>
    <Layer name="REF DES/SILKSCREEN_TOP" packageHeight="53" >
      <Label layer="REF DES/SILKSCREEN_TOP" textBlock="3" angle="0" x="0" y="-25" text="Ref" justify="center" />
    </Layer>
    <Layer name="DEVICE TYPE/SILKSCREEN_TOP" packageHeight="53" >
      <Label layer="DEVICE TYPE/SILKSCREEN_TOP" textBlock="3" angle="0" x="0" y="-25" text="Dev" justify="center" />
    </Layer>
    <Layer name="USER PART NUMBER/SILKSCREEN_TOP" packageHeight="53" >
      <Label layer="USER PART NUMBER/SILKSCREEN_TOP" textBlock="3" angle="0" x="0" y="-25" text="PN" justify="center" />
    </Layer>
    <Layer name="DEVICE TYPE/ASSEMBLY_TOP" packageHeight="53" >
      <Label layer="DEVICE TYPE/ASSEMBLY_TOP" textBlock="3" angle="0" x="0" y="-25" text="DEV" justify="center" />
    </Layer>
    <Layer name="COMPONENT VALUE/SILKSCREEN_TOP" packageHeight="53" >
      <Label layer="COMPONENT VALUE/SILKSCREEN_TOP" textBlock="3" angle="0" x="0" y="-25" text="VAL" justify="center" />
    </Layer>
    <Layer name="TOLERANCE/SILKSCREEN_TOP" packageHeight="53" >
      <Label layer="TOLERANCE/SILKSCREEN_TOP" textBlock="3" angle="0" x="0" y="-25" text="TOL" justify="center" />
    </Layer>
    <Layer name="REF DES/ASSEMBLY_TOP" packageHeight="53" >
      <Label layer="REF DES/ASSEMBLY_TOP" textBlock="3" angle="0" x="0" y="-25" text="Ref" justify="center" />
    </Layer>
    <Layer name="PACKAGE GEOMETRY/ASSEMBLY_TOP" packageHeight="53" >
      <Label layer="PACKAGE GEOMETRY/ASSEMBLY_TOP" textBlock="3" angle="0" x="-46" y="-25" text="*" justify="center" />
    </Layer>
    <Layer name="PACKAGE GEOMETRY/SILKSCREEN_TOP" packageHeight="53" >
      <Label layer="PACKAGE GEOMETRY/SILKSCREEN_TOP" textBlock="3" angle="0" x="-100.7244" y="-25" text="*" justify="center" />
    </Layer>
    <Layer name="PACKAGE GEOMETRY/ASSEMBLY_TOP" packageHeight="53" >
      <Path lineWidth="0" type="line" >
        <Point x="-56" y="16.75" />
        <Point x="-39.25" y="33.5" />
      </Path>
    </Layer>
    <Layer name="PACKAGE GEOMETRY/ASSEMBLY_TOP" packageHeight="53" >
      <Path lineWidth="0" type="line" >
        <Point x="-56" y="-16.75" />
        <Point x="-39.25" y="-33.5" />
      </Path>
    </Layer>
    <Layer name="PACKAGE GEOMETRY/SILKSCREEN_TOP" packageHeight="53" >
      <Path lineWidth="6" type="line" >
        <Point x="-61" y="-38.5" />
        <Point x="61" y="-38.5" />
      </Path>
    </Layer>
    <Layer name="PACKAGE GEOMETRY/SILKSCREEN_TOP" packageHeight="53" >
      <Path lineWidth="6" type="line" >
        <Point x="61" y="-38.5" />
        <Point x="61" y="-31.6" />
      </Path>
    </Layer>
    <Layer name="PACKAGE GEOMETRY/SILKSCREEN_TOP" packageHeight="53" >
      <Path lineWidth="6" type="line" >
        <Point x="61" y="38.5" />
        <Point x="-61" y="38.5" />
      </Path>
    </Layer>
    <Layer name="PACKAGE GEOMETRY/SILKSCREEN_TOP" packageHeight="53" >
      <Path lineWidth="6" type="line" >
        <Point x="-61" y="38.5" />
        <Point x="-61" y="31.6" />
      </Path>
    </Layer>
    <Layer name="PACKAGE GEOMETRY/ASSEMBLY_TOP" packageHeight="53" >
      <Path lineWidth="0" type="line" >
        <Point x="-56" y="-33.5" />
        <Point x="56" y="-33.5" />
      </Path>
    </Layer>
    <Layer name="PACKAGE GEOMETRY/ASSEMBLY_TOP" packageHeight="53" >
      <Path lineWidth="0" type="line" >
        <Point x="56" y="-33.5" />
        <Point x="56" y="33.5" />
      </Path>
    </Layer>
    <Layer name="PACKAGE GEOMETRY/ASSEMBLY_TOP" packageHeight="53" >
      <Path lineWidth="0" type="line" >
        <Point x="56" y="33.5" />
        <Point x="-56" y="33.5" />
      </Path>
    </Layer>
    <Layer name="PACKAGE GEOMETRY/ASSEMBLY_TOP" packageHeight="53" >
      <Path lineWidth="0" type="line" >
        <Point x="-56" y="33.5" />
        <Point x="-56" y="-33.5" />
      </Path>
    </Layer>
    <Layer name="PACKAGE GEOMETRY/SILKSCREEN_TOP" packageHeight="53" >
      <Path lineWidth="6" type="line" >
        <Point x="-61" y="-31.6" />
        <Point x="-61" y="-38.5" />
      </Path>
    </Layer>
    <Layer name="PACKAGE GEOMETRY/SILKSCREEN_TOP" packageHeight="53" >
      <Path lineWidth="6" type="line" >
        <Point x="61" y="31.6" />
        <Point x="61" y="38.5" />
      </Path>
    </Layer>
  </Layers>
</Footprint>
