<Footprint name="RUN10_TEX" >
  <Units type="mils" precision="3" />
  <Extents minX="-2521.18110656738" minY="-2541.18112182617" width="4129.56692504883" height="3837.36222839356" />
  <Padstack name="RX11p02Y37p4D0T" type="single" > 
    <Layers>
      <Layer name="TOP" >
        <Pad shape="rectangle" width="11.0236" height="37.4016" /> 
      </Layer>
      <Layer name="PASTEMASK_TOP" >
        <Pad shape="rectangle" width="11.0236" height="37.4016" /> 
      </Layer>
      <Layer name="SOLDERMASK_TOP" >
        <Pad shape="rectangle" width="11.0236" height="37.4016" /> 
      </Layer>
    </Layers>
  </Padstack>

  <Padstack name="RX11p02Y37p4D0T" type="single" > 
    <Layers>
      <Layer name="TOP" >
        <Pad shape="rectangle" width="11.0236" height="37.4016" /> 
      </Layer>
      <Layer name="PASTEMASK_TOP" >
        <Pad shape="rectangle" width="11.0236" height="37.4016" /> 
      </Layer>
      <Layer name="SOLDERMASK_TOP" >
        <Pad shape="rectangle" width="11.0236" height="37.4016" /> 
      </Layer>
    </Layers>
  </Padstack>
  <TextBlocks>
    <TextBlock name="17" width="6.25" height="25" lineSpacing="25" characterSpacing="6.25" /> 
  </TextBlocks>

  <Pins>
    <Pin number="1" padName="RX11p02Y37p4D0T" originX="-38.3858" originY="29.5276" rotation="270" isMechanical="no" textBlockName="17" />
    <Pin number="2" padName="RX11p02Y37p4D0T" originX="-38.3858" originY="9.8425" rotation="270" isMechanical="no" textBlockName="17" />
    <Pin number="3" padName="RX11p02Y37p4D0T" originX="-38.3858" originY="-9.8425" rotation="270" isMechanical="no" textBlockName="17" />
    <Pin number="4" padName="RX11p02Y37p4D0T" originX="-38.3858" originY="-29.5276" rotation="270" isMechanical="no" textBlockName="17" />
    <Pin number="5" padName="RX11p02Y37p4D0T" originX="0" originY="-38.3858" rotation="180" isMechanical="no" textBlockName="17" />
    <Pin number="6" padName="RX11p02Y37p4D0T" originX="38.3858" originY="-29.5276" rotation="270" isMechanical="no" textBlockName="17" />
    <Pin number="7" padName="RX11p02Y37p4D0T" originX="38.3858" originY="-9.8425" rotation="270" isMechanical="no" textBlockName="17" />
    <Pin number="8" padName="RX11p02Y37p4D0T" originX="38.3858" originY="9.8425" rotation="270" isMechanical="no" textBlockName="17" />
    <Pin number="9" padName="RX11p02Y37p4D0T" originX="38.3858" originY="29.5276" rotation="270" isMechanical="no" textBlockName="17" />
    <Pin number="10" padName="RX11p02Y37p4D0T" originX="0" originY="38.3858" rotation="180" isMechanical="no" textBlockName="17" />
  </Pins>
  <Vias>
  </Vias>
  <Layers>
    <Layer name="PACKAGE GEOMETRY/SILKSCREEN_TOP" packageHeight="23.6221" >
      <Path lineWidth="0" type="shape" >
        <Point x="-7.5" y="67.0866" />
        <Point x="-7.5" y="77.0866" />
        <Point x="7.5" y="77.0866" />
        <Point x="7.5" y="67.0866" />
        <Point x="-7.5" y="67.0866" />
      </Path>
    </Layer>
    <Layer name="PACKAGE GEOMETRY/PLACE_BOUND_TOP" packageHeight="23.6221" packageHeightMin="0">
      <Path lineWidth="6" type="shape" >
        <Point x="-51.3386" y="-51.3386" />
        <Point x="-51.3386" y="-45.0394" />
        <Point x="-67.0866" y="-45.0394" />
        <Point x="-67.0866" y="45.0394" />
        <Point x="-51.3386" y="45.0394" />
        <Point x="-51.3386" y="51.3386" />
        <Point x="-15.5118" y="51.3386" />
        <Point x="-15.5118" y="67.0866" />
        <Point x="15.5118" y="67.0866" />
        <Point x="15.5118" y="51.3386" />
        <Point x="51.3386" y="51.3386" />
        <Point x="51.3386" y="45.0394" />
        <Point x="67.0866" y="45.0394" />
        <Point x="67.0866" y="-45.0394" />
        <Point x="51.3386" y="-45.0394" />
        <Point x="51.3386" y="-51.3386" />
        <Point x="15.5118" y="-51.3386" />
        <Point x="15.5118" y="-67.0866" />
        <Point x="-15.5118" y="-67.0866" />
        <Point x="-15.5118" y="-51.3386" />
        <Point x="-51.3386" y="-51.3386" />
      </Path>
    </Layer>
    <Layer name="MANUFACTURING/NO_PROBE_TOP" packageHeight="23.6221" >
      <Path lineWidth="6" type="shape" >
        <Point x="-82.0866" y="-82.0866" />
        <Point x="-82.0866" y="82.0866" />
        <Point x="82.0866" y="82.0866" />
        <Point x="82.0866" y="-82.0866" />
        <Point x="-82.0866" y="-82.0866" />
      </Path>
    </Layer>
    <Layer name="REF DES/SILKSCREEN_TOP" packageHeight="23.6221" >
      <Label layer="REF DES/SILKSCREEN_TOP" textBlock="3" angle="0" x="0" y="-25" text="Ref" justify="center" />
    </Layer>
    <Layer name="DEVICE TYPE/SILKSCREEN_TOP" packageHeight="23.6221" >
      <Label layer="DEVICE TYPE/SILKSCREEN_TOP" textBlock="3" angle="0" x="0" y="-25" text="Dev" justify="center" />
    </Layer>
    <Layer name="USER PART NUMBER/SILKSCREEN_TOP" packageHeight="23.6221" >
      <Label layer="USER PART NUMBER/SILKSCREEN_TOP" textBlock="3" angle="0" x="0" y="-25" text="PN" justify="center" />
    </Layer>
    <Layer name="DEVICE TYPE/ASSEMBLY_TOP" packageHeight="23.6221" >
      <Label layer="DEVICE TYPE/ASSEMBLY_TOP" textBlock="3" angle="0" x="0" y="-25" text="DEV" justify="center" />
    </Layer>
    <Layer name="COMPONENT VALUE/SILKSCREEN_TOP" packageHeight="23.6221" >
      <Label layer="COMPONENT VALUE/SILKSCREEN_TOP" textBlock="3" angle="0" x="0" y="-25" text="VAL" justify="center" />
    </Layer>
    <Layer name="TOLERANCE/SILKSCREEN_TOP" packageHeight="23.6221" >
      <Label layer="TOLERANCE/SILKSCREEN_TOP" textBlock="3" angle="0" x="0" y="-25" text="TOL" justify="center" />
    </Layer>
    <Layer name="REF DES/ASSEMBLY_TOP" packageHeight="23.6221" >
      <Label layer="REF DES/ASSEMBLY_TOP" textBlock="3" angle="0" x="0" y="-25" text="Ref" justify="center" />
    </Layer>
    <Layer name="PACKAGE GEOMETRY/SILKSCREEN_TOP" packageHeight="23.6221" >
      <Label layer="PACKAGE GEOMETRY/SILKSCREEN_TOP" textBlock="3" angle="0" x="-82.0866" y="29.37" text="*" justify="center" />
    </Layer>
    <Layer name="PACKAGE GEOMETRY/ASSEMBLY_TOP" packageHeight="23.6221" >
      <Label layer="PACKAGE GEOMETRY/ASSEMBLY_TOP" textBlock="3" angle="0" x="-9.685" y="14.37" text="*" justify="center" />
    </Layer>
    <Layer name="PACKAGE GEOMETRY/ASSEMBLY_TOP" packageHeight="23.6221" >
      <Path lineWidth="0" type="line" >
        <Point x="-41.3386" y="-8.6614" />
        <Point x="8.6614" y="41.3386" />
      </Path>
    </Layer>
    <Layer name="PACKAGE GEOMETRY/SILKSCREEN_TOP" packageHeight="23.6221" >
      <Path lineWidth="6" type="line" >
        <Point x="-56.3386" y="-56.3386" />
        <Point x="-18.6118" y="-56.3386" />
      </Path>
    </Layer>
    <Layer name="PACKAGE GEOMETRY/SILKSCREEN_TOP" packageHeight="23.6221" >
      <Path lineWidth="6" type="line" >
        <Point x="18.6118" y="-56.3386" />
        <Point x="56.3386" y="-56.3386" />
      </Path>
    </Layer>
    <Layer name="PACKAGE GEOMETRY/SILKSCREEN_TOP" packageHeight="23.6221" >
      <Path lineWidth="6" type="line" >
        <Point x="56.3386" y="56.3386" />
        <Point x="18.6118" y="56.3386" />
      </Path>
    </Layer>
    <Layer name="PACKAGE GEOMETRY/ASSEMBLY_TOP" packageHeight="23.6221" >
      <Path lineWidth="0" type="line" >
        <Point x="-41.3386" y="-41.3386" />
        <Point x="41.3386" y="-41.3386" />
      </Path>
    </Layer>
    <Layer name="PACKAGE GEOMETRY/ASSEMBLY_TOP" packageHeight="23.6221" >
      <Path lineWidth="0" type="line" >
        <Point x="41.3386" y="-41.3386" />
        <Point x="41.3386" y="41.3386" />
      </Path>
    </Layer>
    <Layer name="PACKAGE GEOMETRY/ASSEMBLY_TOP" packageHeight="23.6221" >
      <Path lineWidth="0" type="line" >
        <Point x="41.3386" y="41.3386" />
        <Point x="-41.3386" y="41.3386" />
      </Path>
    </Layer>
    <Layer name="PACKAGE GEOMETRY/ASSEMBLY_TOP" packageHeight="23.6221" >
      <Path lineWidth="0" type="line" >
        <Point x="-41.3386" y="41.3386" />
        <Point x="-41.3386" y="-41.3386" />
      </Path>
    </Layer>
    <Layer name="PACKAGE GEOMETRY/SILKSCREEN_TOP" packageHeight="23.6221" >
      <Path lineWidth="6" type="line" >
        <Point x="-18.6118" y="56.3386" />
        <Point x="-56.3386" y="56.3386" />
      </Path>
    </Layer>
  </Layers>
</Footprint>
