<Footprint name="IND_2012_TDK-L" >
  <Units type="mils" precision="3" />
  <Extents minX="-2425" minY="-2417.54330444336" width="3938.30708312988" height="3985.85043334961" />
  <Padstack name="RX29p62Y55p09D0T" type="single" > 
    <Layers>
      <Layer name="TOP" >
        <Pad shape="rectangle" width="29.622" height="55.0866" /> 
      </Layer>
      <Layer name="PASTEMASK_TOP" >
        <Pad shape="rectangle" width="29.622" height="55.0866" /> 
      </Layer>
      <Layer name="SOLDERMASK_TOP" >
        <Pad shape="rectangle" width="29.622" height="55.0866" /> 
      </Layer>
    </Layers>
  </Padstack>

  <Padstack name="RX29p62Y55p09D0T" type="single" > 
    <Layers>
      <Layer name="TOP" >
        <Pad shape="rectangle" width="29.622" height="55.0866" /> 
      </Layer>
      <Layer name="PASTEMASK_TOP" >
        <Pad shape="rectangle" width="29.622" height="55.0866" /> 
      </Layer>
      <Layer name="SOLDERMASK_TOP" >
        <Pad shape="rectangle" width="29.622" height="55.0866" /> 
      </Layer>
    </Layers>
  </Padstack>
  <TextBlocks>
    <TextBlock name="17" width="6.25" height="25" lineSpacing="25" characterSpacing="6.25" /> 
  </TextBlocks>

  <Pins>
    <Pin number="1" padName="RX29p62Y55p09D0T" originX="-34.4961" originY="0" rotation="0" isMechanical="no" textBlockName="17" />
    <Pin number="2" padName="RX29p62Y55p09D0T" originX="34.4961" originY="0" rotation="0" isMechanical="no" textBlockName="17" />
  </Pins>
  <Vias>
  </Vias>
  <Layers>
    <Layer name="VIA KEEPOUT/TOP" packageHeight="43.3071" >
      <Path lineWidth="6" type="shape" >
        <Point x="-17.6850357055664" y="28.5433044433594" />
        <Point x="17.6850357055664" y="28.5433044433594" />
        <Point x="17.6850357055664" y="-28.5433044433594" />
        <Point x="-17.6850357055664" y="-28.5433044433594" />
        <Point x="-17.6850357055664" y="28.5433044433594" />
      </Path>
    </Layer>
    <Layer name="ROUTE KEEPOUT/TOP" packageHeight="43.3071" >
      <Path lineWidth="6" type="shape" >
        <Point x="-17.6850357055664" y="28.5433044433594" />
        <Point x="17.6850357055664" y="28.5433044433594" />
        <Point x="17.6850357055664" y="-28.5433044433594" />
        <Point x="-17.6850357055664" y="-28.5433044433594" />
        <Point x="-17.6850357055664" y="28.5433044433594" />
      </Path>
    </Layer>
    <Layer name="ROUTE KEEPOUT/TOP" packageHeight="43.3071" >
      <Path lineWidth="6" type="shape" >
        <Point x="-17.6850357055664" y="26.5433044433594" />
        <Point x="17.6850357055664" y="26.5433044433594" />
        <Point x="17.6850357055664" y="-26.5433044433594" />
        <Point x="-17.6850357055664" y="-26.5433044433594" />
        <Point x="-17.6850357055664" y="26.5433044433594" />
      </Path>
    </Layer>
    <Layer name="PACKAGE GEOMETRY/PLACE_BOUND_TOP" packageHeight="43.3071" packageHeightMin="0">
      <Path lineWidth="6" type="shape" >
        <Point x="-53.3071" y="-31.5433" />
        <Point x="-53.3071" y="31.5433" />
        <Point x="53.3071" y="31.5433" />
        <Point x="53.3071" y="-31.5433" />
        <Point x="-53.3071" y="-31.5433" />
      </Path>
    </Layer>
    <Layer name="MANUFACTURING/NO_PROBE_TOP" packageHeight="43.3071" >
      <Path lineWidth="6" type="shape" >
        <Point x="-64.3071" y="-42.5433" />
        <Point x="-64.3071" y="42.5433" />
        <Point x="64.3071" y="42.5433" />
        <Point x="64.3071" y="-42.5433" />
        <Point x="-64.3071" y="-42.5433" />
      </Path>
    </Layer>
    <Layer name="REF DES/SILKSCREEN_TOP" packageHeight="43.3071" >
      <Label layer="REF DES/SILKSCREEN_TOP" textBlock="3" angle="0" x="0" y="-25" text="Ref" justify="center" />
    </Layer>
    <Layer name="DEVICE TYPE/SILKSCREEN_TOP" packageHeight="43.3071" >
      <Label layer="DEVICE TYPE/SILKSCREEN_TOP" textBlock="3" angle="0" x="0" y="-25" text="Dev" justify="center" />
    </Layer>
    <Layer name="USER PART NUMBER/SILKSCREEN_TOP" packageHeight="43.3071" >
      <Label layer="USER PART NUMBER/SILKSCREEN_TOP" textBlock="3" angle="0" x="0" y="-25" text="PN" justify="center" />
    </Layer>
    <Layer name="DEVICE TYPE/ASSEMBLY_TOP" packageHeight="43.3071" >
      <Label layer="DEVICE TYPE/ASSEMBLY_TOP" textBlock="3" angle="0" x="0" y="-25" text="DEV" justify="center" />
    </Layer>
    <Layer name="COMPONENT VALUE/SILKSCREEN_TOP" packageHeight="43.3071" >
      <Label layer="COMPONENT VALUE/SILKSCREEN_TOP" textBlock="3" angle="0" x="0" y="-25" text="VAL" justify="center" />
    </Layer>
    <Layer name="TOLERANCE/SILKSCREEN_TOP" packageHeight="43.3071" >
      <Label layer="TOLERANCE/SILKSCREEN_TOP" textBlock="3" angle="0" x="0" y="-25" text="TOL" justify="center" />
    </Layer>
    <Layer name="REF DES/ASSEMBLY_TOP" packageHeight="43.3071" >
      <Label layer="REF DES/ASSEMBLY_TOP" textBlock="3" angle="0" x="0" y="-25" text="Ref" justify="center" />
    </Layer>
    <Layer name="PACKAGE GEOMETRY/ASSEMBLY_TOP" packageHeight="43.3071" >
      <Circle type="line"  lineWidth="0" originX="-29.4961" originY="0" radius="3" > 
    </Layer>
    <Layer name="PACKAGE GEOMETRY/SILKSCREEN_TOP" packageHeight="43.3071" >
      <Circle type="line"  lineWidth="6" originX="-82.3071" originY="0" radius="3" > 
    </Layer>
    <Layer name="PACKAGE GEOMETRY/ASSEMBLY_TOP" packageHeight="43.3071" >
      <Path lineWidth="0" type="line" >
        <Point x="-19.685" y="-28.5433" />
        <Point x="-19.685" y="28.5433" />
      </Path>
    </Layer>
    <Layer name="PACKAGE GEOMETRY/ASSEMBLY_TOP" packageHeight="43.3071" >
      <Path lineWidth="0" type="line" >
        <Point x="-19.685" y="28.5433" />
        <Point x="-43.3071" y="28.5433" />
      </Path>
    </Layer>
    <Layer name="PACKAGE GEOMETRY/ASSEMBLY_TOP" packageHeight="43.3071" >
      <Path lineWidth="0" type="line" >
        <Point x="-43.3071" y="28.5433" />
        <Point x="-43.3071" y="-28.5433" />
      </Path>
    </Layer>
    <Layer name="PACKAGE GEOMETRY/ASSEMBLY_TOP" packageHeight="43.3071" >
      <Path lineWidth="0" type="line" >
        <Point x="-43.3071" y="-28.5433" />
        <Point x="-19.685" y="-28.5433" />
      </Path>
    </Layer>
    <Layer name="PACKAGE GEOMETRY/ASSEMBLY_TOP" packageHeight="43.3071" >
      <Path lineWidth="0" type="line" >
        <Point x="19.685" y="28.5433" />
        <Point x="19.685" y="-28.5433" />
      </Path>
    </Layer>
    <Layer name="PACKAGE GEOMETRY/ASSEMBLY_TOP" packageHeight="43.3071" >
      <Path lineWidth="0" type="line" >
        <Point x="19.685" y="-28.5433" />
        <Point x="43.3071" y="-28.5433" />
      </Path>
    </Layer>
    <Layer name="PACKAGE GEOMETRY/ASSEMBLY_TOP" packageHeight="43.3071" >
      <Path lineWidth="0" type="line" >
        <Point x="43.3071" y="-28.5433" />
        <Point x="43.3071" y="28.5433" />
      </Path>
    </Layer>
    <Layer name="PACKAGE GEOMETRY/ASSEMBLY_TOP" packageHeight="43.3071" >
      <Path lineWidth="0" type="line" >
        <Point x="43.3071" y="28.5433" />
        <Point x="19.685" y="28.5433" />
      </Path>
    </Layer>
    <Layer name="PACKAGE GEOMETRY/SILKSCREEN_TOP" packageHeight="43.3071" >
      <Path lineWidth="6" type="line" >
        <Point x="-8.0399" y="-33.5433" />
        <Point x="8.0399" y="-33.5433" />
      </Path>
    </Layer>
    <Layer name="PACKAGE GEOMETRY/SILKSCREEN_TOP" packageHeight="43.3071" >
      <Path lineWidth="6" type="line" >
        <Point x="8.0399" y="33.5433" />
        <Point x="-8.0399" y="33.5433" />
      </Path>
    </Layer>
    <Layer name="PACKAGE GEOMETRY/ASSEMBLY_TOP" packageHeight="43.3071" >
      <Path lineWidth="0" type="line" >
        <Point x="-43.3071" y="-28.5433" />
        <Point x="43.3071" y="-28.5433" />
      </Path>
    </Layer>
    <Layer name="PACKAGE GEOMETRY/ASSEMBLY_TOP" packageHeight="43.3071" >
      <Path lineWidth="0" type="line" >
        <Point x="43.3071" y="-28.5433" />
        <Point x="43.3071" y="28.5433" />
      </Path>
    </Layer>
    <Layer name="PACKAGE GEOMETRY/ASSEMBLY_TOP" packageHeight="43.3071" >
      <Path lineWidth="0" type="line" >
        <Point x="43.3071" y="28.5433" />
        <Point x="-43.3071" y="28.5433" />
      </Path>
    </Layer>
    <Layer name="PACKAGE GEOMETRY/ASSEMBLY_TOP" packageHeight="43.3071" >
      <Path lineWidth="0" type="line" >
        <Point x="-43.3071" y="28.5433" />
        <Point x="-43.3071" y="-28.5433" />
      </Path>
    </Layer>
  </Layers>
</Footprint>
