<Footprint name="PBS0032A_N" >
  <Units type="mils" precision="3" />
  <Extents minX="-2164.37015000906" minY="-2164.37015000906" width="3353.74025000906" height="3394.37015000906" />
  <Padstack name="O10120550000200A" type="single" > 
    <Layers>
      <Layer name="TOP" >
        <Pad shape="oblong" width="11.811" height="55.1181" /> 
      </Layer>
      <Layer name="SOLDERMASK_TOP" >
        <Pad shape="oblong" width="15.811" height="59.1181" /> 
      </Layer>
      <Layer name="PASTEMASK_TOP" >
        <Pad shape="oblong" width="11.811" height="55.1181" /> 
      </Layer>
    </Layers>
  </Padstack>

  <Padstack name="O10120550000200A" type="single" > 
    <Layers>
      <Layer name="TOP" >
        <Pad shape="oblong" width="11.811" height="55.1181" /> 
      </Layer>
      <Layer name="SOLDERMASK_TOP" >
        <Pad shape="oblong" width="15.811" height="59.1181" /> 
      </Layer>
      <Layer name="PASTEMASK_TOP" >
        <Pad shape="oblong" width="11.811" height="55.1181" /> 
      </Layer>
    </Layers>
  </Padstack>
  <TextBlocks>
    <TextBlock name="17" width="6.25" height="25" lineSpacing="25" characterSpacing="6.25" /> 
  </TextBlocks>

  <Pins>
    <Pin number="1" padName="O10120550000200A" originX="-125.9843" originY="68.8977" rotation="90" isMechanical="no" textBlockName="17" />
    <Pin number="2" padName="O10120550000200A" originX="-125.9843" originY="49.2126" rotation="90" isMechanical="no" textBlockName="17" />
    <Pin number="3" padName="O10120550000200A" originX="-125.9843" originY="29.5276" rotation="90" isMechanical="no" textBlockName="17" />
    <Pin number="4" padName="O10120550000200A" originX="-125.9843" originY="9.8426" rotation="90" isMechanical="no" textBlockName="17" />
    <Pin number="5" padName="O10120550000200A" originX="-125.9843" originY="-9.8425" rotation="90" isMechanical="no" textBlockName="17" />
    <Pin number="6" padName="O10120550000200A" originX="-125.9843" originY="-29.5275" rotation="90" isMechanical="no" textBlockName="17" />
    <Pin number="7" padName="O10120550000200A" originX="-125.9843" originY="-49.2126" rotation="90" isMechanical="no" textBlockName="17" />
    <Pin number="8" padName="O10120550000200A" originX="-125.9843" originY="-68.8976" rotation="90" isMechanical="no" textBlockName="17" />
    <Pin number="9" padName="O10120550000200A" originX="-68.8977" originY="-125.9842" rotation="0" isMechanical="no" textBlockName="17" />
    <Pin number="10" padName="O10120550000200A" originX="-49.2126" originY="-125.9842" rotation="0" isMechanical="no" textBlockName="17" />
    <Pin number="11" padName="O10120550000200A" originX="-29.5276" originY="-125.9842" rotation="0" isMechanical="no" textBlockName="17" />
    <Pin number="12" padName="O10120550000200A" originX="-9.8426" originY="-125.9842" rotation="0" isMechanical="no" textBlockName="17" />
    <Pin number="13" padName="O10120550000200A" originX="9.8425" originY="-125.9842" rotation="0" isMechanical="no" textBlockName="17" />
    <Pin number="14" padName="O10120550000200A" originX="29.5275" originY="-125.9842" rotation="0" isMechanical="no" textBlockName="17" />
    <Pin number="15" padName="O10120550000200A" originX="49.2126" originY="-125.9842" rotation="0" isMechanical="no" textBlockName="17" />
    <Pin number="16" padName="O10120550000200A" originX="68.8976" originY="-125.9842" rotation="0" isMechanical="no" textBlockName="17" />
    <Pin number="17" padName="O10120550000200A" originX="125.9842" originY="-68.8976" rotation="90" isMechanical="no" textBlockName="17" />
    <Pin number="18" padName="O10120550000200A" originX="125.9842" originY="-49.2126" rotation="90" isMechanical="no" textBlockName="17" />
    <Pin number="19" padName="O10120550000200A" originX="125.9842" originY="-29.5275" rotation="90" isMechanical="no" textBlockName="17" />
    <Pin number="20" padName="O10120550000200A" originX="125.9842" originY="-9.8425" rotation="90" isMechanical="no" textBlockName="17" />
    <Pin number="21" padName="O10120550000200A" originX="125.9842" originY="9.8426" rotation="90" isMechanical="no" textBlockName="17" />
    <Pin number="22" padName="O10120550000200A" originX="125.9842" originY="29.5276" rotation="90" isMechanical="no" textBlockName="17" />
    <Pin number="23" padName="O10120550000200A" originX="125.9842" originY="49.2126" rotation="90" isMechanical="no" textBlockName="17" />
    <Pin number="24" padName="O10120550000200A" originX="125.9842" originY="68.8977" rotation="90" isMechanical="no" textBlockName="17" />
    <Pin number="25" padName="O10120550000200A" originX="68.8976" originY="125.9843" rotation="0" isMechanical="no" textBlockName="17" />
    <Pin number="26" padName="O10120550000200A" originX="49.2126" originY="125.9843" rotation="0" isMechanical="no" textBlockName="17" />
    <Pin number="27" padName="O10120550000200A" originX="29.5275" originY="125.9843" rotation="0" isMechanical="no" textBlockName="17" />
    <Pin number="28" padName="O10120550000200A" originX="9.8425" originY="125.9843" rotation="0" isMechanical="no" textBlockName="17" />
    <Pin number="29" padName="O10120550000200A" originX="-9.8426" originY="125.9843" rotation="0" isMechanical="no" textBlockName="17" />
    <Pin number="30" padName="O10120550000200A" originX="-29.5276" originY="125.9843" rotation="0" isMechanical="no" textBlockName="17" />
    <Pin number="31" padName="O10120550000200A" originX="-49.2126" originY="125.9843" rotation="0" isMechanical="no" textBlockName="17" />
    <Pin number="32" padName="O10120550000200A" originX="-68.8977" originY="125.9843" rotation="0" isMechanical="no" textBlockName="17" />
  </Pins>
  <Vias>
  </Vias>
  <Layers>
    <Layer name="PACKAGE GEOMETRY/SILKSCREEN_TOP" packageHeight="100" >
      <Path lineWidth="8.6614" type="line" >
        <Point x="-104.3307" y="104.3307" />
        <Point x="-91.3283" y="104.3307" />
      </Path>
    </Layer>
    <Layer name="PACKAGE GEOMETRY/SILKSCREEN_TOP" packageHeight="100" >
      <Path lineWidth="6" type="line" >
        <Point x="99.5" y="86.4976" />
        <Point x="99.5" y="99.5" />
      </Path>
    </Layer>
    <Layer name="PACKAGE GEOMETRY/SILKSCREEN_TOP" packageHeight="100" >
      <Path lineWidth="6" type="line" >
        <Point x="86.4976" y="-99.5" />
        <Point x="99.5" y="-99.5" />
      </Path>
    </Layer>
    <Layer name="PACKAGE GEOMETRY/SILKSCREEN_TOP" packageHeight="100" >
      <Path lineWidth="6" type="line" >
        <Point x="-99.5" y="-99.5" />
        <Point x="-86.4976" y="-99.5" />
      </Path>
    </Layer>
    <Layer name="PACKAGE GEOMETRY/SILKSCREEN_TOP" packageHeight="100" >
      <Path lineWidth="6" type="line" >
        <Point x="99.5" y="-99.5" />
        <Point x="99.5" y="-86.4976" />
      </Path>
    </Layer>
    <Layer name="PACKAGE GEOMETRY/SILKSCREEN_TOP" packageHeight="100" >
      <Path lineWidth="6" type="line" >
        <Point x="86.4976" y="99.5" />
        <Point x="99.5" y="99.5" />
      </Path>
    </Layer>
    <Layer name="PACKAGE GEOMETRY/SILKSCREEN_TOP" packageHeight="100" >
      <Path lineWidth="8.6614" type="line" >
        <Point x="-104.3307" y="91.3283" />
        <Point x="-104.3307" y="104.3307" />
      </Path>
    </Layer>
    <Layer name="PACKAGE GEOMETRY/SILKSCREEN_TOP" packageHeight="100" >
      <Path lineWidth="6" type="line" >
        <Point x="-99.5" y="-99.5" />
        <Point x="-99.5" y="-86.4976" />
      </Path>
    </Layer>
    <Layer name="PACKAGE GEOMETRY/ASSEMBLY_TOP" packageHeight="100" >
      <Path lineWidth="3.937" type="line" >
        <Point x="64.3976" y="99.5" />
        <Point x="73.3976" y="99.5" />
      </Path>
    </Layer>
    <Layer name="PACKAGE GEOMETRY/ASSEMBLY_TOP" packageHeight="100" >
      <Path lineWidth="3.937" type="line" >
        <Point x="73.3976" y="99.5" />
        <Point x="73.3976" y="140" />
      </Path>
    </Layer>
    <Layer name="PACKAGE GEOMETRY/ASSEMBLY_TOP" packageHeight="100" >
      <Path lineWidth="3.937" type="line" >
        <Point x="64.3976" y="140" />
        <Point x="73.3976" y="140" />
      </Path>
    </Layer>
    <Layer name="PACKAGE GEOMETRY/ASSEMBLY_TOP" packageHeight="100" >
      <Path lineWidth="3.937" type="line" >
        <Point x="64.3976" y="99.5" />
        <Point x="64.3976" y="140" />
      </Path>
    </Layer>
    <Layer name="PACKAGE GEOMETRY/ASSEMBLY_TOP" packageHeight="100" >
      <Path lineWidth="3.937" type="line" >
        <Point x="44.7126" y="99.5" />
        <Point x="53.7126" y="99.5" />
      </Path>
    </Layer>
    <Layer name="PACKAGE GEOMETRY/ASSEMBLY_TOP" packageHeight="100" >
      <Path lineWidth="3.937" type="line" >
        <Point x="53.7126" y="99.5" />
        <Point x="53.7126" y="140" />
      </Path>
    </Layer>
    <Layer name="PACKAGE GEOMETRY/ASSEMBLY_TOP" packageHeight="100" >
      <Path lineWidth="3.937" type="line" >
        <Point x="44.7126" y="140" />
        <Point x="53.7126" y="140" />
      </Path>
    </Layer>
    <Layer name="PACKAGE GEOMETRY/ASSEMBLY_TOP" packageHeight="100" >
      <Path lineWidth="3.937" type="line" >
        <Point x="44.7126" y="99.5" />
        <Point x="44.7126" y="140" />
      </Path>
    </Layer>
    <Layer name="PACKAGE GEOMETRY/ASSEMBLY_TOP" packageHeight="100" >
      <Path lineWidth="3.937" type="line" >
        <Point x="25.0276" y="99.5" />
        <Point x="34.0276" y="99.5" />
      </Path>
    </Layer>
    <Layer name="PACKAGE GEOMETRY/ASSEMBLY_TOP" packageHeight="100" >
      <Path lineWidth="3.937" type="line" >
        <Point x="34.0276" y="99.5" />
        <Point x="34.0276" y="140" />
      </Path>
    </Layer>
    <Layer name="PACKAGE GEOMETRY/ASSEMBLY_TOP" packageHeight="100" >
      <Path lineWidth="3.937" type="line" >
        <Point x="25.0276" y="140" />
        <Point x="34.0276" y="140" />
      </Path>
    </Layer>
    <Layer name="PACKAGE GEOMETRY/ASSEMBLY_TOP" packageHeight="100" >
      <Path lineWidth="3.937" type="line" >
        <Point x="25.0276" y="99.5" />
        <Point x="25.0276" y="140" />
      </Path>
    </Layer>
    <Layer name="PACKAGE GEOMETRY/ASSEMBLY_TOP" packageHeight="100" >
      <Path lineWidth="3.937" type="line" >
        <Point x="5.3425" y="99.5" />
        <Point x="14.3425" y="99.5" />
      </Path>
    </Layer>
    <Layer name="PACKAGE GEOMETRY/ASSEMBLY_TOP" packageHeight="100" >
      <Path lineWidth="3.937" type="line" >
        <Point x="14.3425" y="99.5" />
        <Point x="14.3425" y="140" />
      </Path>
    </Layer>
    <Layer name="PACKAGE GEOMETRY/ASSEMBLY_TOP" packageHeight="100" >
      <Path lineWidth="3.937" type="line" >
        <Point x="5.3425" y="140" />
        <Point x="14.3425" y="140" />
      </Path>
    </Layer>
    <Layer name="PACKAGE GEOMETRY/ASSEMBLY_TOP" packageHeight="100" >
      <Path lineWidth="3.937" type="line" >
        <Point x="5.3425" y="99.5" />
        <Point x="5.3425" y="140" />
      </Path>
    </Layer>
    <Layer name="PACKAGE GEOMETRY/ASSEMBLY_TOP" packageHeight="100" >
      <Path lineWidth="3.937" type="line" >
        <Point x="-14.3425" y="99.5" />
        <Point x="-5.3425" y="99.5" />
      </Path>
    </Layer>
    <Layer name="PACKAGE GEOMETRY/ASSEMBLY_TOP" packageHeight="100" >
      <Path lineWidth="3.937" type="line" >
        <Point x="-5.3425" y="99.5" />
        <Point x="-5.3425" y="140" />
      </Path>
    </Layer>
    <Layer name="PACKAGE GEOMETRY/ASSEMBLY_TOP" packageHeight="100" >
      <Path lineWidth="3.937" type="line" >
        <Point x="-14.3425" y="140" />
        <Point x="-5.3425" y="140" />
      </Path>
    </Layer>
    <Layer name="PACKAGE GEOMETRY/ASSEMBLY_TOP" packageHeight="100" >
      <Path lineWidth="3.937" type="line" >
        <Point x="-14.3425" y="99.5" />
        <Point x="-14.3425" y="140" />
      </Path>
    </Layer>
    <Layer name="PACKAGE GEOMETRY/ASSEMBLY_TOP" packageHeight="100" >
      <Path lineWidth="3.937" type="line" >
        <Point x="-34.0276" y="99.5" />
        <Point x="-25.0276" y="99.5" />
      </Path>
    </Layer>
    <Layer name="PACKAGE GEOMETRY/ASSEMBLY_TOP" packageHeight="100" >
      <Path lineWidth="3.937" type="line" >
        <Point x="-25.0276" y="99.5" />
        <Point x="-25.0276" y="140" />
      </Path>
    </Layer>
    <Layer name="PACKAGE GEOMETRY/ASSEMBLY_TOP" packageHeight="100" >
      <Path lineWidth="3.937" type="line" >
        <Point x="-34.0276" y="140" />
        <Point x="-25.0276" y="140" />
      </Path>
    </Layer>
    <Layer name="PACKAGE GEOMETRY/ASSEMBLY_TOP" packageHeight="100" >
      <Path lineWidth="3.937" type="line" >
        <Point x="-34.0276" y="99.5" />
        <Point x="-34.0276" y="140" />
      </Path>
    </Layer>
    <Layer name="PACKAGE GEOMETRY/ASSEMBLY_TOP" packageHeight="100" >
      <Path lineWidth="3.937" type="line" >
        <Point x="-53.7126" y="99.5" />
        <Point x="-44.7126" y="99.5" />
      </Path>
    </Layer>
    <Layer name="PACKAGE GEOMETRY/ASSEMBLY_TOP" packageHeight="100" >
      <Path lineWidth="3.937" type="line" >
        <Point x="-44.7126" y="99.5" />
        <Point x="-44.7126" y="140" />
      </Path>
    </Layer>
    <Layer name="PACKAGE GEOMETRY/ASSEMBLY_TOP" packageHeight="100" >
      <Path lineWidth="3.937" type="line" >
        <Point x="-53.7126" y="140" />
        <Point x="-44.7126" y="140" />
      </Path>
    </Layer>
    <Layer name="PACKAGE GEOMETRY/ASSEMBLY_TOP" packageHeight="100" >
      <Path lineWidth="3.937" type="line" >
        <Point x="-53.7126" y="99.5" />
        <Point x="-53.7126" y="140" />
      </Path>
    </Layer>
    <Layer name="PACKAGE GEOMETRY/ASSEMBLY_TOP" packageHeight="100" >
      <Path lineWidth="3.937" type="line" >
        <Point x="-73.3976" y="99.5" />
        <Point x="-64.3976" y="99.5" />
      </Path>
    </Layer>
    <Layer name="PACKAGE GEOMETRY/ASSEMBLY_TOP" packageHeight="100" >
      <Path lineWidth="3.937" type="line" >
        <Point x="-64.3976" y="99.5" />
        <Point x="-64.3976" y="140" />
      </Path>
    </Layer>
    <Layer name="PACKAGE GEOMETRY/ASSEMBLY_TOP" packageHeight="100" >
      <Path lineWidth="3.937" type="line" >
        <Point x="-73.3976" y="140" />
        <Point x="-64.3976" y="140" />
      </Path>
    </Layer>
    <Layer name="PACKAGE GEOMETRY/ASSEMBLY_TOP" packageHeight="100" >
      <Path lineWidth="3.937" type="line" >
        <Point x="-73.3976" y="99.5" />
        <Point x="-73.3976" y="140" />
      </Path>
    </Layer>
    <Layer name="PACKAGE GEOMETRY/ASSEMBLY_TOP" packageHeight="100" >
      <Path lineWidth="3.937" type="line" >
        <Point x="-99.5" y="64.3976" />
        <Point x="-99.5" y="73.3976" />
      </Path>
    </Layer>
    <Layer name="PACKAGE GEOMETRY/ASSEMBLY_TOP" packageHeight="100" >
      <Path lineWidth="3.937" type="line" >
        <Point x="-140" y="73.3976" />
        <Point x="-99.5" y="73.3976" />
      </Path>
    </Layer>
    <Layer name="PACKAGE GEOMETRY/ASSEMBLY_TOP" packageHeight="100" >
      <Path lineWidth="3.937" type="line" >
        <Point x="-140" y="64.3976" />
        <Point x="-140" y="73.3976" />
      </Path>
    </Layer>
    <Layer name="PACKAGE GEOMETRY/ASSEMBLY_TOP" packageHeight="100" >
      <Path lineWidth="3.937" type="line" >
        <Point x="-140" y="64.3976" />
        <Point x="-99.5" y="64.3976" />
      </Path>
    </Layer>
    <Layer name="PACKAGE GEOMETRY/ASSEMBLY_TOP" packageHeight="100" >
      <Path lineWidth="3.937" type="line" >
        <Point x="-99.5" y="44.7126" />
        <Point x="-99.5" y="53.7126" />
      </Path>
    </Layer>
    <Layer name="PACKAGE GEOMETRY/ASSEMBLY_TOP" packageHeight="100" >
      <Path lineWidth="3.937" type="line" >
        <Point x="-140" y="53.7126" />
        <Point x="-99.5" y="53.7126" />
      </Path>
    </Layer>
    <Layer name="PACKAGE GEOMETRY/ASSEMBLY_TOP" packageHeight="100" >
      <Path lineWidth="3.937" type="line" >
        <Point x="-140" y="44.7126" />
        <Point x="-140" y="53.7126" />
      </Path>
    </Layer>
    <Layer name="PACKAGE GEOMETRY/ASSEMBLY_TOP" packageHeight="100" >
      <Path lineWidth="3.937" type="line" >
        <Point x="-140" y="44.7126" />
        <Point x="-99.5" y="44.7126" />
      </Path>
    </Layer>
    <Layer name="PACKAGE GEOMETRY/ASSEMBLY_TOP" packageHeight="100" >
      <Path lineWidth="3.937" type="line" >
        <Point x="-99.5" y="25.0276" />
        <Point x="-99.5" y="34.0276" />
      </Path>
    </Layer>
    <Layer name="PACKAGE GEOMETRY/ASSEMBLY_TOP" packageHeight="100" >
      <Path lineWidth="3.937" type="line" >
        <Point x="-140" y="34.0276" />
        <Point x="-99.5" y="34.0276" />
      </Path>
    </Layer>
    <Layer name="PACKAGE GEOMETRY/ASSEMBLY_TOP" packageHeight="100" >
      <Path lineWidth="3.937" type="line" >
        <Point x="-140" y="25.0276" />
        <Point x="-140" y="34.0276" />
      </Path>
    </Layer>
    <Layer name="PACKAGE GEOMETRY/ASSEMBLY_TOP" packageHeight="100" >
      <Path lineWidth="3.937" type="line" >
        <Point x="-140" y="25.0276" />
        <Point x="-99.5" y="25.0276" />
      </Path>
    </Layer>
    <Layer name="PACKAGE GEOMETRY/ASSEMBLY_TOP" packageHeight="100" >
      <Path lineWidth="3.937" type="line" >
        <Point x="-99.5" y="5.3425" />
        <Point x="-99.5" y="14.3425" />
      </Path>
    </Layer>
    <Layer name="PACKAGE GEOMETRY/ASSEMBLY_TOP" packageHeight="100" >
      <Path lineWidth="3.937" type="line" >
        <Point x="-140" y="14.3425" />
        <Point x="-99.5" y="14.3425" />
      </Path>
    </Layer>
    <Layer name="PACKAGE GEOMETRY/ASSEMBLY_TOP" packageHeight="100" >
      <Path lineWidth="3.937" type="line" >
        <Point x="-140" y="5.3425" />
        <Point x="-140" y="14.3425" />
      </Path>
    </Layer>
    <Layer name="PACKAGE GEOMETRY/ASSEMBLY_TOP" packageHeight="100" >
      <Path lineWidth="3.937" type="line" >
        <Point x="-140" y="5.3425" />
        <Point x="-99.5" y="5.3425" />
      </Path>
    </Layer>
    <Layer name="PACKAGE GEOMETRY/ASSEMBLY_TOP" packageHeight="100" >
      <Path lineWidth="3.937" type="line" >
        <Point x="-99.5" y="-14.3425" />
        <Point x="-99.5" y="-5.3425" />
      </Path>
    </Layer>
    <Layer name="PACKAGE GEOMETRY/ASSEMBLY_TOP" packageHeight="100" >
      <Path lineWidth="3.937" type="line" >
        <Point x="-140" y="-5.3425" />
        <Point x="-99.5" y="-5.3425" />
      </Path>
    </Layer>
    <Layer name="PACKAGE GEOMETRY/ASSEMBLY_TOP" packageHeight="100" >
      <Path lineWidth="3.937" type="line" >
        <Point x="-140" y="-14.3425" />
        <Point x="-140" y="-5.3425" />
      </Path>
    </Layer>
    <Layer name="PACKAGE GEOMETRY/ASSEMBLY_TOP" packageHeight="100" >
      <Path lineWidth="3.937" type="line" >
        <Point x="-140" y="-14.3425" />
        <Point x="-99.5" y="-14.3425" />
      </Path>
    </Layer>
    <Layer name="PACKAGE GEOMETRY/ASSEMBLY_TOP" packageHeight="100" >
      <Path lineWidth="3.937" type="line" >
        <Point x="-99.5" y="-34.0276" />
        <Point x="-99.5" y="-25.0276" />
      </Path>
    </Layer>
    <Layer name="PACKAGE GEOMETRY/ASSEMBLY_TOP" packageHeight="100" >
      <Path lineWidth="3.937" type="line" >
        <Point x="-140" y="-25.0276" />
        <Point x="-99.5" y="-25.0276" />
      </Path>
    </Layer>
    <Layer name="PACKAGE GEOMETRY/ASSEMBLY_TOP" packageHeight="100" >
      <Path lineWidth="3.937" type="line" >
        <Point x="-140" y="-34.0276" />
        <Point x="-140" y="-25.0276" />
      </Path>
    </Layer>
    <Layer name="PACKAGE GEOMETRY/ASSEMBLY_TOP" packageHeight="100" >
      <Path lineWidth="3.937" type="line" >
        <Point x="-140" y="-34.0276" />
        <Point x="-99.5" y="-34.0276" />
      </Path>
    </Layer>
    <Layer name="PACKAGE GEOMETRY/ASSEMBLY_TOP" packageHeight="100" >
      <Path lineWidth="3.937" type="line" >
        <Point x="-99.5" y="-53.7126" />
        <Point x="-99.5" y="-44.7126" />
      </Path>
    </Layer>
    <Layer name="PACKAGE GEOMETRY/ASSEMBLY_TOP" packageHeight="100" >
      <Path lineWidth="3.937" type="line" >
        <Point x="-140" y="-44.7126" />
        <Point x="-99.5" y="-44.7126" />
      </Path>
    </Layer>
    <Layer name="PACKAGE GEOMETRY/ASSEMBLY_TOP" packageHeight="100" >
      <Path lineWidth="3.937" type="line" >
        <Point x="-140" y="-53.7126" />
        <Point x="-140" y="-44.7126" />
      </Path>
    </Layer>
    <Layer name="PACKAGE GEOMETRY/ASSEMBLY_TOP" packageHeight="100" >
      <Path lineWidth="3.937" type="line" >
        <Point x="-140" y="-53.7126" />
        <Point x="-99.5" y="-53.7126" />
      </Path>
    </Layer>
    <Layer name="PACKAGE GEOMETRY/ASSEMBLY_TOP" packageHeight="100" >
      <Path lineWidth="3.937" type="line" >
        <Point x="-99.5" y="-73.3976" />
        <Point x="-99.5" y="-64.3976" />
      </Path>
    </Layer>
    <Layer name="PACKAGE GEOMETRY/ASSEMBLY_TOP" packageHeight="100" >
      <Path lineWidth="3.937" type="line" >
        <Point x="-140" y="-64.3976" />
        <Point x="-99.5" y="-64.3976" />
      </Path>
    </Layer>
    <Layer name="PACKAGE GEOMETRY/ASSEMBLY_TOP" packageHeight="100" >
      <Path lineWidth="3.937" type="line" >
        <Point x="-140" y="-73.3976" />
        <Point x="-140" y="-64.3976" />
      </Path>
    </Layer>
    <Layer name="PACKAGE GEOMETRY/ASSEMBLY_TOP" packageHeight="100" >
      <Path lineWidth="3.937" type="line" >
        <Point x="-140" y="-73.3976" />
        <Point x="-99.5" y="-73.3976" />
      </Path>
    </Layer>
    <Layer name="PACKAGE GEOMETRY/ASSEMBLY_TOP" packageHeight="100" >
      <Path lineWidth="3.937" type="line" >
        <Point x="-73.3976" y="-99.5" />
        <Point x="-64.3976" y="-99.5" />
      </Path>
    </Layer>
    <Layer name="PACKAGE GEOMETRY/ASSEMBLY_TOP" packageHeight="100" >
      <Path lineWidth="3.937" type="line" >
        <Point x="-73.3976" y="-140" />
        <Point x="-73.3976" y="-99.5" />
      </Path>
    </Layer>
    <Layer name="PACKAGE GEOMETRY/ASSEMBLY_TOP" packageHeight="100" >
      <Path lineWidth="3.937" type="line" >
        <Point x="-73.3976" y="-140" />
        <Point x="-64.3976" y="-140" />
      </Path>
    </Layer>
    <Layer name="PACKAGE GEOMETRY/ASSEMBLY_TOP" packageHeight="100" >
      <Path lineWidth="3.937" type="line" >
        <Point x="-64.3976" y="-140" />
        <Point x="-64.3976" y="-99.5" />
      </Path>
    </Layer>
    <Layer name="PACKAGE GEOMETRY/ASSEMBLY_TOP" packageHeight="100" >
      <Path lineWidth="3.937" type="line" >
        <Point x="-53.7126" y="-99.5" />
        <Point x="-44.7126" y="-99.5" />
      </Path>
    </Layer>
    <Layer name="PACKAGE GEOMETRY/ASSEMBLY_TOP" packageHeight="100" >
      <Path lineWidth="3.937" type="line" >
        <Point x="-53.7126" y="-140" />
        <Point x="-53.7126" y="-99.5" />
      </Path>
    </Layer>
    <Layer name="PACKAGE GEOMETRY/ASSEMBLY_TOP" packageHeight="100" >
      <Path lineWidth="3.937" type="line" >
        <Point x="-53.7126" y="-140" />
        <Point x="-44.7126" y="-140" />
      </Path>
    </Layer>
    <Layer name="PACKAGE GEOMETRY/ASSEMBLY_TOP" packageHeight="100" >
      <Path lineWidth="3.937" type="line" >
        <Point x="-44.7126" y="-140" />
        <Point x="-44.7126" y="-99.5" />
      </Path>
    </Layer>
    <Layer name="PACKAGE GEOMETRY/ASSEMBLY_TOP" packageHeight="100" >
      <Path lineWidth="3.937" type="line" >
        <Point x="-34.0276" y="-99.5" />
        <Point x="-25.0276" y="-99.5" />
      </Path>
    </Layer>
    <Layer name="PACKAGE GEOMETRY/ASSEMBLY_TOP" packageHeight="100" >
      <Path lineWidth="3.937" type="line" >
        <Point x="-34.0276" y="-140" />
        <Point x="-34.0276" y="-99.5" />
      </Path>
    </Layer>
    <Layer name="PACKAGE GEOMETRY/ASSEMBLY_TOP" packageHeight="100" >
      <Path lineWidth="3.937" type="line" >
        <Point x="-34.0276" y="-140" />
        <Point x="-25.0276" y="-140" />
      </Path>
    </Layer>
    <Layer name="PACKAGE GEOMETRY/ASSEMBLY_TOP" packageHeight="100" >
      <Path lineWidth="3.937" type="line" >
        <Point x="-25.0276" y="-140" />
        <Point x="-25.0276" y="-99.5" />
      </Path>
    </Layer>
    <Layer name="PACKAGE GEOMETRY/ASSEMBLY_TOP" packageHeight="100" >
      <Path lineWidth="3.937" type="line" >
        <Point x="-14.3425" y="-99.5" />
        <Point x="-5.3425" y="-99.5" />
      </Path>
    </Layer>
    <Layer name="PACKAGE GEOMETRY/ASSEMBLY_TOP" packageHeight="100" >
      <Path lineWidth="3.937" type="line" >
        <Point x="-14.3425" y="-140" />
        <Point x="-14.3425" y="-99.5" />
      </Path>
    </Layer>
    <Layer name="PACKAGE GEOMETRY/ASSEMBLY_TOP" packageHeight="100" >
      <Path lineWidth="3.937" type="line" >
        <Point x="-14.3425" y="-140" />
        <Point x="-5.3425" y="-140" />
      </Path>
    </Layer>
    <Layer name="PACKAGE GEOMETRY/ASSEMBLY_TOP" packageHeight="100" >
      <Path lineWidth="3.937" type="line" >
        <Point x="-5.3425" y="-140" />
        <Point x="-5.3425" y="-99.5" />
      </Path>
    </Layer>
    <Layer name="PACKAGE GEOMETRY/ASSEMBLY_TOP" packageHeight="100" >
      <Path lineWidth="3.937" type="line" >
        <Point x="5.3425" y="-99.5" />
        <Point x="14.3425" y="-99.5" />
      </Path>
    </Layer>
    <Layer name="PACKAGE GEOMETRY/ASSEMBLY_TOP" packageHeight="100" >
      <Path lineWidth="3.937" type="line" >
        <Point x="5.3425" y="-140" />
        <Point x="5.3425" y="-99.5" />
      </Path>
    </Layer>
    <Layer name="PACKAGE GEOMETRY/ASSEMBLY_TOP" packageHeight="100" >
      <Path lineWidth="3.937" type="line" >
        <Point x="5.3425" y="-140" />
        <Point x="14.3425" y="-140" />
      </Path>
    </Layer>
    <Layer name="PACKAGE GEOMETRY/ASSEMBLY_TOP" packageHeight="100" >
      <Path lineWidth="3.937" type="line" >
        <Point x="14.3425" y="-140" />
        <Point x="14.3425" y="-99.5" />
      </Path>
    </Layer>
    <Layer name="PACKAGE GEOMETRY/ASSEMBLY_TOP" packageHeight="100" >
      <Path lineWidth="3.937" type="line" >
        <Point x="25.0276" y="-99.5" />
        <Point x="34.0276" y="-99.5" />
      </Path>
    </Layer>
    <Layer name="PACKAGE GEOMETRY/ASSEMBLY_TOP" packageHeight="100" >
      <Path lineWidth="3.937" type="line" >
        <Point x="25.0276" y="-140" />
        <Point x="25.0276" y="-99.5" />
      </Path>
    </Layer>
    <Layer name="PACKAGE GEOMETRY/ASSEMBLY_TOP" packageHeight="100" >
      <Path lineWidth="3.937" type="line" >
        <Point x="25.0276" y="-140" />
        <Point x="34.0276" y="-140" />
      </Path>
    </Layer>
    <Layer name="PACKAGE GEOMETRY/ASSEMBLY_TOP" packageHeight="100" >
      <Path lineWidth="3.937" type="line" >
        <Point x="34.0276" y="-140" />
        <Point x="34.0276" y="-99.5" />
      </Path>
    </Layer>
    <Layer name="PACKAGE GEOMETRY/ASSEMBLY_TOP" packageHeight="100" >
      <Path lineWidth="3.937" type="line" >
        <Point x="44.7126" y="-99.5" />
        <Point x="53.7126" y="-99.5" />
      </Path>
    </Layer>
    <Layer name="PACKAGE GEOMETRY/ASSEMBLY_TOP" packageHeight="100" >
      <Path lineWidth="3.937" type="line" >
        <Point x="44.7126" y="-140" />
        <Point x="44.7126" y="-99.5" />
      </Path>
    </Layer>
    <Layer name="PACKAGE GEOMETRY/ASSEMBLY_TOP" packageHeight="100" >
      <Path lineWidth="3.937" type="line" >
        <Point x="44.7126" y="-140" />
        <Point x="53.7126" y="-140" />
      </Path>
    </Layer>
    <Layer name="PACKAGE GEOMETRY/ASSEMBLY_TOP" packageHeight="100" >
      <Path lineWidth="3.937" type="line" >
        <Point x="53.7126" y="-140" />
        <Point x="53.7126" y="-99.5" />
      </Path>
    </Layer>
    <Layer name="PACKAGE GEOMETRY/ASSEMBLY_TOP" packageHeight="100" >
      <Path lineWidth="3.937" type="line" >
        <Point x="64.3976" y="-99.5" />
        <Point x="73.3976" y="-99.5" />
      </Path>
    </Layer>
    <Layer name="PACKAGE GEOMETRY/ASSEMBLY_TOP" packageHeight="100" >
      <Path lineWidth="3.937" type="line" >
        <Point x="64.3976" y="-140" />
        <Point x="64.3976" y="-99.5" />
      </Path>
    </Layer>
    <Layer name="PACKAGE GEOMETRY/ASSEMBLY_TOP" packageHeight="100" >
      <Path lineWidth="3.937" type="line" >
        <Point x="64.3976" y="-140" />
        <Point x="73.3976" y="-140" />
      </Path>
    </Layer>
    <Layer name="PACKAGE GEOMETRY/ASSEMBLY_TOP" packageHeight="100" >
      <Path lineWidth="3.937" type="line" >
        <Point x="73.3976" y="-140" />
        <Point x="73.3976" y="-99.5" />
      </Path>
    </Layer>
    <Layer name="PACKAGE GEOMETRY/ASSEMBLY_TOP" packageHeight="100" >
      <Path lineWidth="3.937" type="line" >
        <Point x="99.5" y="-73.3976" />
        <Point x="99.5" y="-64.3976" />
      </Path>
    </Layer>
    <Layer name="PACKAGE GEOMETRY/ASSEMBLY_TOP" packageHeight="100" >
      <Path lineWidth="3.937" type="line" >
        <Point x="99.5" y="-73.3976" />
        <Point x="140" y="-73.3976" />
      </Path>
    </Layer>
    <Layer name="PACKAGE GEOMETRY/ASSEMBLY_TOP" packageHeight="100" >
      <Path lineWidth="3.937" type="line" >
        <Point x="140" y="-73.3976" />
        <Point x="140" y="-64.3976" />
      </Path>
    </Layer>
    <Layer name="PACKAGE GEOMETRY/ASSEMBLY_TOP" packageHeight="100" >
      <Path lineWidth="3.937" type="line" >
        <Point x="99.5" y="-64.3976" />
        <Point x="140" y="-64.3976" />
      </Path>
    </Layer>
    <Layer name="PACKAGE GEOMETRY/ASSEMBLY_TOP" packageHeight="100" >
      <Path lineWidth="3.937" type="line" >
        <Point x="99.5" y="-53.7126" />
        <Point x="99.5" y="-44.7126" />
      </Path>
    </Layer>
    <Layer name="PACKAGE GEOMETRY/ASSEMBLY_TOP" packageHeight="100" >
      <Path lineWidth="3.937" type="line" >
        <Point x="99.5" y="-53.7126" />
        <Point x="140" y="-53.7126" />
      </Path>
    </Layer>
    <Layer name="PACKAGE GEOMETRY/ASSEMBLY_TOP" packageHeight="100" >
      <Path lineWidth="3.937" type="line" >
        <Point x="140" y="-53.7126" />
        <Point x="140" y="-44.7126" />
      </Path>
    </Layer>
    <Layer name="PACKAGE GEOMETRY/ASSEMBLY_TOP" packageHeight="100" >
      <Path lineWidth="3.937" type="line" >
        <Point x="99.5" y="-44.7126" />
        <Point x="140" y="-44.7126" />
      </Path>
    </Layer>
    <Layer name="PACKAGE GEOMETRY/ASSEMBLY_TOP" packageHeight="100" >
      <Path lineWidth="3.937" type="line" >
        <Point x="99.5" y="-34.0276" />
        <Point x="99.5" y="-25.0276" />
      </Path>
    </Layer>
    <Layer name="PACKAGE GEOMETRY/ASSEMBLY_TOP" packageHeight="100" >
      <Path lineWidth="3.937" type="line" >
        <Point x="99.5" y="-34.0276" />
        <Point x="140" y="-34.0276" />
      </Path>
    </Layer>
    <Layer name="PACKAGE GEOMETRY/ASSEMBLY_TOP" packageHeight="100" >
      <Path lineWidth="3.937" type="line" >
        <Point x="140" y="-34.0276" />
        <Point x="140" y="-25.0276" />
      </Path>
    </Layer>
    <Layer name="PACKAGE GEOMETRY/ASSEMBLY_TOP" packageHeight="100" >
      <Path lineWidth="3.937" type="line" >
        <Point x="99.5" y="-25.0276" />
        <Point x="140" y="-25.0276" />
      </Path>
    </Layer>
    <Layer name="PACKAGE GEOMETRY/ASSEMBLY_TOP" packageHeight="100" >
      <Path lineWidth="3.937" type="line" >
        <Point x="99.5" y="-14.3425" />
        <Point x="99.5" y="-5.3425" />
      </Path>
    </Layer>
    <Layer name="PACKAGE GEOMETRY/ASSEMBLY_TOP" packageHeight="100" >
      <Path lineWidth="3.937" type="line" >
        <Point x="99.5" y="-14.3425" />
        <Point x="140" y="-14.3425" />
      </Path>
    </Layer>
    <Layer name="PACKAGE GEOMETRY/ASSEMBLY_TOP" packageHeight="100" >
      <Path lineWidth="3.937" type="line" >
        <Point x="140" y="-14.3425" />
        <Point x="140" y="-5.3425" />
      </Path>
    </Layer>
    <Layer name="PACKAGE GEOMETRY/ASSEMBLY_TOP" packageHeight="100" >
      <Path lineWidth="3.937" type="line" >
        <Point x="99.5" y="-5.3425" />
        <Point x="140" y="-5.3425" />
      </Path>
    </Layer>
    <Layer name="PACKAGE GEOMETRY/ASSEMBLY_TOP" packageHeight="100" >
      <Path lineWidth="3.937" type="line" >
        <Point x="99.5" y="5.3425" />
        <Point x="99.5" y="14.3425" />
      </Path>
    </Layer>
    <Layer name="PACKAGE GEOMETRY/ASSEMBLY_TOP" packageHeight="100" >
      <Path lineWidth="3.937" type="line" >
        <Point x="99.5" y="5.3425" />
        <Point x="140" y="5.3425" />
      </Path>
    </Layer>
    <Layer name="PACKAGE GEOMETRY/ASSEMBLY_TOP" packageHeight="100" >
      <Path lineWidth="3.937" type="line" >
        <Point x="140" y="5.3425" />
        <Point x="140" y="14.3425" />
      </Path>
    </Layer>
    <Layer name="PACKAGE GEOMETRY/ASSEMBLY_TOP" packageHeight="100" >
      <Path lineWidth="3.937" type="line" >
        <Point x="99.5" y="14.3425" />
        <Point x="140" y="14.3425" />
      </Path>
    </Layer>
    <Layer name="PACKAGE GEOMETRY/ASSEMBLY_TOP" packageHeight="100" >
      <Path lineWidth="3.937" type="line" >
        <Point x="99.5" y="25.0276" />
        <Point x="99.5" y="34.0276" />
      </Path>
    </Layer>
    <Layer name="PACKAGE GEOMETRY/ASSEMBLY_TOP" packageHeight="100" >
      <Path lineWidth="3.937" type="line" >
        <Point x="99.5" y="25.0276" />
        <Point x="140" y="25.0276" />
      </Path>
    </Layer>
    <Layer name="PACKAGE GEOMETRY/ASSEMBLY_TOP" packageHeight="100" >
      <Path lineWidth="3.937" type="line" >
        <Point x="140" y="25.0276" />
        <Point x="140" y="34.0276" />
      </Path>
    </Layer>
    <Layer name="PACKAGE GEOMETRY/ASSEMBLY_TOP" packageHeight="100" >
      <Path lineWidth="3.937" type="line" >
        <Point x="99.5" y="34.0276" />
        <Point x="140" y="34.0276" />
      </Path>
    </Layer>
    <Layer name="PACKAGE GEOMETRY/ASSEMBLY_TOP" packageHeight="100" >
      <Path lineWidth="3.937" type="line" >
        <Point x="99.5" y="44.7126" />
        <Point x="99.5" y="53.7126" />
      </Path>
    </Layer>
    <Layer name="PACKAGE GEOMETRY/ASSEMBLY_TOP" packageHeight="100" >
      <Path lineWidth="3.937" type="line" >
        <Point x="99.5" y="44.7126" />
        <Point x="140" y="44.7126" />
      </Path>
    </Layer>
    <Layer name="PACKAGE GEOMETRY/ASSEMBLY_TOP" packageHeight="100" >
      <Path lineWidth="3.937" type="line" >
        <Point x="140" y="44.7126" />
        <Point x="140" y="53.7126" />
      </Path>
    </Layer>
    <Layer name="PACKAGE GEOMETRY/ASSEMBLY_TOP" packageHeight="100" >
      <Path lineWidth="3.937" type="line" >
        <Point x="99.5" y="53.7126" />
        <Point x="140" y="53.7126" />
      </Path>
    </Layer>
    <Layer name="PACKAGE GEOMETRY/ASSEMBLY_TOP" packageHeight="100" >
      <Path lineWidth="3.937" type="line" >
        <Point x="99.5" y="64.3976" />
        <Point x="99.5" y="73.3976" />
      </Path>
    </Layer>
    <Layer name="PACKAGE GEOMETRY/ASSEMBLY_TOP" packageHeight="100" >
      <Path lineWidth="3.937" type="line" >
        <Point x="99.5" y="64.3976" />
        <Point x="140" y="64.3976" />
      </Path>
    </Layer>
    <Layer name="PACKAGE GEOMETRY/ASSEMBLY_TOP" packageHeight="100" >
      <Path lineWidth="3.937" type="line" >
        <Point x="140" y="64.3976" />
        <Point x="140" y="73.3976" />
      </Path>
    </Layer>
    <Layer name="PACKAGE GEOMETRY/ASSEMBLY_TOP" packageHeight="100" >
      <Path lineWidth="3.937" type="line" >
        <Point x="99.5" y="73.3976" />
        <Point x="140" y="73.3976" />
      </Path>
    </Layer>
    <Layer name="PACKAGE GEOMETRY/ASSEMBLY_TOP" packageHeight="100" >
      <Path lineWidth="3.937" type="line" >
        <Point x="-99.5" y="-99.5" />
        <Point x="99.5" y="-99.5" />
      </Path>
    </Layer>
    <Layer name="PACKAGE GEOMETRY/ASSEMBLY_TOP" packageHeight="100" >
      <Path lineWidth="3.937" type="line" >
        <Point x="99.5" y="-99.5" />
        <Point x="99.5" y="99.5" />
      </Path>
    </Layer>
    <Layer name="PACKAGE GEOMETRY/ASSEMBLY_TOP" packageHeight="100" >
      <Path lineWidth="3.937" type="line" >
        <Point x="-99.5" y="99.5" />
        <Point x="99.5" y="99.5" />
      </Path>
    </Layer>
    <Layer name="PACKAGE GEOMETRY/ASSEMBLY_TOP" packageHeight="100" >
      <Path lineWidth="3.937" type="line" >
        <Point x="-99.5" y="-99.5" />
        <Point x="-99.5" y="99.5" />
      </Path>
    </Layer>
    <Layer name="PACKAGE GEOMETRY/ASSEMBLY_TOP" packageHeight="100" >
      <Label layer="PACKAGE GEOMETRY/ASSEMBLY_TOP" textBlock="3" angle="0" x="-85.6299" y="-48.622" text=".Designator" justify="center" />
    </Layer>
    <Layer name="PACKAGE GEOMETRY/SILKSCREEN_TOP" packageHeight="100" >
      <Label layer="PACKAGE GEOMETRY/SILKSCREEN_TOP" textBlock="3" angle="0" x="-157" y="180" text="Designator9" justify="center" />
    </Layer>
    <Layer name="PACKAGE GEOMETRY/ASSEMBLY_TOP" packageHeight="100" >
      <Circle type="line"  lineWidth="3.937" originX="-67.568" originY="66.9291" radius="12.4499" > 
    </Layer>
    <Layer name="REF DES/SILKSCREEN_TOP" packageHeight="100" >
      <Label layer="REF DES/SILKSCREEN_TOP" textBlock="3" angle="0" x="0" y="-25" text="Ref" justify="center" />
    </Layer>
    <Layer name="DEVICE TYPE/SILKSCREEN_TOP" packageHeight="100" >
      <Label layer="DEVICE TYPE/SILKSCREEN_TOP" textBlock="3" angle="0" x="0" y="-25" text="Dev" justify="center" />
    </Layer>
    <Layer name="USER PART NUMBER/SILKSCREEN_TOP" packageHeight="100" >
      <Label layer="USER PART NUMBER/SILKSCREEN_TOP" textBlock="3" angle="0" x="0" y="-25" text="PN" justify="center" />
    </Layer>
    <Layer name="DEVICE TYPE/ASSEMBLY_TOP" packageHeight="100" >
      <Label layer="DEVICE TYPE/ASSEMBLY_TOP" textBlock="3" angle="0" x="0" y="-25" text="DEV" justify="center" />
    </Layer>
    <Layer name="COMPONENT VALUE/SILKSCREEN_TOP" packageHeight="100" >
      <Label layer="COMPONENT VALUE/SILKSCREEN_TOP" textBlock="3" angle="0" x="0" y="-25" text="VAL" justify="center" />
    </Layer>
    <Layer name="TOLERANCE/SILKSCREEN_TOP" packageHeight="100" >
      <Label layer="TOLERANCE/SILKSCREEN_TOP" textBlock="3" angle="0" x="0" y="-25" text="TOL" justify="center" />
    </Layer>
  </Layers>
</Footprint>
