<Footprint name="CAPC6333_33N_KEM" >
  <Units type="mils" precision="3" />
  <Extents minX="-2425" minY="-2476.49606323242" width="3907.40155029297" height="4017.89767456055" />
  <Padstack name="RX17p06Y12p99D0T" type="single" > 
    <Layers>
      <Layer name="TOP" >
        <Pad shape="rectangle" width="17.0551" height="12.9921" /> 
      </Layer>
      <Layer name="PASTEMASK_TOP" >
        <Pad shape="rectangle" width="17.0551" height="12.9921" /> 
      </Layer>
      <Layer name="SOLDERMASK_TOP" >
        <Pad shape="rectangle" width="17.0551" height="12.9921" /> 
      </Layer>
    </Layers>
  </Padstack>

  <Padstack name="RX17p06Y12p99D0T" type="single" > 
    <Layers>
      <Layer name="TOP" >
        <Pad shape="rectangle" width="17.0551" height="12.9921" /> 
      </Layer>
      <Layer name="PASTEMASK_TOP" >
        <Pad shape="rectangle" width="17.0551" height="12.9921" /> 
      </Layer>
      <Layer name="SOLDERMASK_TOP" >
        <Pad shape="rectangle" width="17.0551" height="12.9921" /> 
      </Layer>
    </Layers>
  </Padstack>
  <TextBlocks>
    <TextBlock name="17" width="6.25" height="25" lineSpacing="25" characterSpacing="6.25" /> 
  </TextBlocks>

  <Pins>
    <Pin number="1" padName="RX17p06Y12p99D0T" originX="-11.874" originY="0" rotation="0" isMechanical="no" textBlockName="17" />
    <Pin number="2" padName="RX17p06Y12p99D0T" originX="11.874" originY="0" rotation="0" isMechanical="no" textBlockName="17" />
  </Pins>
  <Vias>
  </Vias>
  <Layers>
    <Layer name="PACKAGE GEOMETRY/ASSEMBLY_TOP" packageHeight="12.9921" >
      <Path lineWidth="0" type="line" >
        <Point x="-4.5276" y="-6.496" />
        <Point x="-4.5276" y="6.496" />
      </Path>
    </Layer>
    <Layer name="PACKAGE GEOMETRY/ASSEMBLY_TOP" packageHeight="12.9921" >
      <Path lineWidth="0" type="line" >
        <Point x="-4.5276" y="6.496" />
        <Point x="-12.4016" y="6.496" />
      </Path>
    </Layer>
    <Layer name="PACKAGE GEOMETRY/ASSEMBLY_TOP" packageHeight="12.9921" >
      <Path lineWidth="0" type="line" >
        <Point x="-12.4016" y="6.496" />
        <Point x="-12.4016" y="-6.496" />
      </Path>
    </Layer>
    <Layer name="PACKAGE GEOMETRY/ASSEMBLY_TOP" packageHeight="12.9921" >
      <Path lineWidth="0" type="line" >
        <Point x="-12.4016" y="-6.496" />
        <Point x="-4.5276" y="-6.496" />
      </Path>
    </Layer>
    <Layer name="PACKAGE GEOMETRY/ASSEMBLY_TOP" packageHeight="12.9921" >
      <Path lineWidth="0" type="line" >
        <Point x="4.5276" y="6.496" />
        <Point x="4.5276" y="-6.496" />
      </Path>
    </Layer>
    <Layer name="PACKAGE GEOMETRY/ASSEMBLY_TOP" packageHeight="12.9921" >
      <Path lineWidth="0" type="line" >
        <Point x="4.5276" y="-6.496" />
        <Point x="12.4016" y="-6.496" />
      </Path>
    </Layer>
    <Layer name="PACKAGE GEOMETRY/ASSEMBLY_TOP" packageHeight="12.9921" >
      <Path lineWidth="0" type="line" >
        <Point x="12.4016" y="-6.496" />
        <Point x="12.4016" y="6.496" />
      </Path>
    </Layer>
    <Layer name="PACKAGE GEOMETRY/ASSEMBLY_TOP" packageHeight="12.9921" >
      <Path lineWidth="0" type="line" >
        <Point x="12.4016" y="6.496" />
        <Point x="4.5276" y="6.496" />
      </Path>
    </Layer>
    <Layer name="VIA KEEPOUT/TOP" packageHeight="12.9921" >
      <Path lineWidth="0" type="shape" >
        <Point x="-1.34644997119904" y="6.49604988098145" />
        <Point x="1.34644997119904" y="6.49604988098145" />
        <Point x="1.34644997119904" y="-6.49604988098145" />
        <Point x="-1.34644997119904" y="-6.49604988098145" />
        <Point x="-1.34644997119904" y="6.49604988098145" />
      </Path>
    </Layer>
    <Layer name="ROUTE KEEPOUT/TOP" packageHeight="12.9921" >
      <Path lineWidth="0" type="shape" >
        <Point x="-1.34644997119904" y="6.49604988098145" />
        <Point x="1.34644997119904" y="6.49604988098145" />
        <Point x="1.34644997119904" y="-6.49604988098145" />
        <Point x="-1.34644997119904" y="-6.49604988098145" />
        <Point x="-1.34644997119904" y="6.49604988098145" />
      </Path>
    </Layer>
    <Layer name="ROUTE KEEPOUT/TOP" packageHeight="12.9921" >
      <Path lineWidth="0" type="shape" >
        <Point x="-1.34644997119904" y="4.49604988098145" />
        <Point x="1.34644997119904" y="4.49604988098145" />
        <Point x="1.34644997119904" y="-4.49604988098145" />
        <Point x="-1.34644997119904" y="-4.49604988098145" />
        <Point x="-1.34644997119904" y="4.49604988098145" />
      </Path>
    </Layer>
    <Layer name="PACKAGE GEOMETRY/PLACE_BOUND_TOP" packageHeight="12.9921" packageHeightMin="0">
      <Path lineWidth="0" type="shape" >
        <Point x="-26.4016" y="-12.496" />
        <Point x="-26.4016" y="12.496" />
        <Point x="26.4016" y="12.496" />
        <Point x="26.4016" y="-12.496" />
        <Point x="-26.4016" y="-12.496" />
      </Path>
    </Layer>
    <Layer name="MANUFACTURING/NO_PROBE_TOP" packageHeight="12.9921" >
      <Path lineWidth="0" type="shape" >
        <Point x="-35.4016" y="-21.496" />
        <Point x="-35.4016" y="21.496" />
        <Point x="35.4016" y="21.496" />
        <Point x="35.4016" y="-21.496" />
        <Point x="-35.4016" y="-21.496" />
      </Path>
    </Layer>
    <Layer name="REF DES/SILKSCREEN_TOP" packageHeight="12.9921" >
      <Label layer="REF DES/SILKSCREEN_TOP" textBlock="3" angle="0" x="0" y="-25" text="Ref" justify="center" />
    </Layer>
    <Layer name="DEVICE TYPE/SILKSCREEN_TOP" packageHeight="12.9921" >
      <Label layer="DEVICE TYPE/SILKSCREEN_TOP" textBlock="3" angle="0" x="0" y="-25" text="Dev" justify="center" />
    </Layer>
    <Layer name="USER PART NUMBER/SILKSCREEN_TOP" packageHeight="12.9921" >
      <Label layer="USER PART NUMBER/SILKSCREEN_TOP" textBlock="3" angle="0" x="0" y="-25" text="PN" justify="center" />
    </Layer>
    <Layer name="DEVICE TYPE/ASSEMBLY_TOP" packageHeight="12.9921" >
      <Label layer="DEVICE TYPE/ASSEMBLY_TOP" textBlock="3" angle="0" x="0" y="-25" text="DEV" justify="center" />
    </Layer>
    <Layer name="COMPONENT VALUE/SILKSCREEN_TOP" packageHeight="12.9921" >
      <Label layer="COMPONENT VALUE/SILKSCREEN_TOP" textBlock="3" angle="0" x="0" y="-25" text="VAL" justify="center" />
    </Layer>
    <Layer name="TOLERANCE/SILKSCREEN_TOP" packageHeight="12.9921" >
      <Label layer="TOLERANCE/SILKSCREEN_TOP" textBlock="3" angle="0" x="0" y="-25" text="TOL" justify="center" />
    </Layer>
    <Layer name="REF DES/ASSEMBLY_TOP" packageHeight="12.9921" >
      <Label layer="REF DES/ASSEMBLY_TOP" textBlock="3" angle="0" x="0" y="-25" text="Ref" justify="center" />
    </Layer>
    <Layer name="PACKAGE GEOMETRY/ASSEMBLY_TOP" packageHeight="12.9921" >
      <Path lineWidth="0" type="line" >
        <Point x="-12.4016" y="-6.496" />
        <Point x="12.4016" y="-6.496" />
      </Path>
    </Layer>
    <Layer name="PACKAGE GEOMETRY/ASSEMBLY_TOP" packageHeight="12.9921" >
      <Path lineWidth="0" type="line" >
        <Point x="12.4016" y="-6.496" />
        <Point x="12.4016" y="6.496" />
      </Path>
    </Layer>
    <Layer name="PACKAGE GEOMETRY/ASSEMBLY_TOP" packageHeight="12.9921" >
      <Path lineWidth="0" type="line" >
        <Point x="12.4016" y="6.496" />
        <Point x="-12.4016" y="6.496" />
      </Path>
    </Layer>
    <Layer name="PACKAGE GEOMETRY/ASSEMBLY_TOP" packageHeight="12.9921" >
      <Path lineWidth="0" type="line" >
        <Point x="-12.4016" y="6.496" />
        <Point x="-12.4016" y="-6.496" />
      </Path>
    </Layer>
  </Layers>
</Footprint>
