<Footprint name="TO-236_VIS-M" >
  <Units type="mils" precision="3" />
  <Extents minX="-2555" minY="-2549" width="4160" height="4204.5" />
  <Padstack name="RX24Y64D0T" type="single" > 
    <Layers>
      <Layer name="TOP" >
        <Pad shape="rectangle" width="24" height="64" /> 
      </Layer>
      <Layer name="PASTEMASK_TOP" >
        <Pad shape="rectangle" width="24" height="64" /> 
      </Layer>
      <Layer name="SOLDERMASK_TOP" >
        <Pad shape="rectangle" width="24" height="64" /> 
      </Layer>
    </Layers>
  </Padstack>

  <Padstack name="RX24Y64D0T" type="single" > 
    <Layers>
      <Layer name="TOP" >
        <Pad shape="rectangle" width="24" height="64" /> 
      </Layer>
      <Layer name="PASTEMASK_TOP" >
        <Pad shape="rectangle" width="24" height="64" /> 
      </Layer>
      <Layer name="SOLDERMASK_TOP" >
        <Pad shape="rectangle" width="24" height="64" /> 
      </Layer>
    </Layers>
  </Padstack>
  <TextBlocks>
    <TextBlock name="17" width="6.25" height="25" lineSpacing="25" characterSpacing="6.25" /> 
  </TextBlocks>

  <Pins>
    <Pin number="1" padName="RX24Y64D0T" originX="-37.4016" originY="-42" rotation="0" isMechanical="no" textBlockName="17" />
    <Pin number="2" padName="RX24Y64D0T" originX="37.4016" originY="-42" rotation="0" isMechanical="no" textBlockName="17" />
    <Pin number="3" padName="RX24Y64D0T" originX="0" originY="42" rotation="0" isMechanical="no" textBlockName="17" />
  </Pins>
  <Vias>
  </Vias>
  <Layers>
    <Layer name="PACKAGE GEOMETRY/ASSEMBLY_TOP" packageHeight="44" >
      <Path lineWidth="0" type="line" >
        <Point x="-27.4016" y="-27.5" />
        <Point x="-47.4016" y="-27.5" />
      </Path>
    </Layer>
    <Layer name="PACKAGE GEOMETRY/ASSEMBLY_TOP" packageHeight="44" >
      <Path lineWidth="0" type="line" >
        <Point x="-47.4016" y="-27.5" />
        <Point x="-47.4016" y="-52" />
      </Path>
    </Layer>
    <Layer name="PACKAGE GEOMETRY/ASSEMBLY_TOP" packageHeight="44" >
      <Path lineWidth="0" type="line" >
        <Point x="-47.4016" y="-52" />
        <Point x="-27.4016" y="-52" />
      </Path>
    </Layer>
    <Layer name="PACKAGE GEOMETRY/ASSEMBLY_TOP" packageHeight="44" >
      <Path lineWidth="0" type="line" >
        <Point x="-27.4016" y="-52" />
        <Point x="-27.4016" y="-27.5" />
      </Path>
    </Layer>
    <Layer name="PACKAGE GEOMETRY/ASSEMBLY_TOP" packageHeight="44" >
      <Path lineWidth="0" type="line" >
        <Point x="47.4016" y="-27.5" />
        <Point x="27.4016" y="-27.5" />
      </Path>
    </Layer>
    <Layer name="PACKAGE GEOMETRY/ASSEMBLY_TOP" packageHeight="44" >
      <Path lineWidth="0" type="line" >
        <Point x="27.4016" y="-27.5" />
        <Point x="27.4016" y="-52" />
      </Path>
    </Layer>
    <Layer name="PACKAGE GEOMETRY/ASSEMBLY_TOP" packageHeight="44" >
      <Path lineWidth="0" type="line" >
        <Point x="27.4016" y="-52" />
        <Point x="47.4016" y="-52" />
      </Path>
    </Layer>
    <Layer name="PACKAGE GEOMETRY/ASSEMBLY_TOP" packageHeight="44" >
      <Path lineWidth="0" type="line" >
        <Point x="47.4016" y="-52" />
        <Point x="47.4016" y="-27.5" />
      </Path>
    </Layer>
    <Layer name="PACKAGE GEOMETRY/ASSEMBLY_TOP" packageHeight="44" >
      <Path lineWidth="0" type="line" >
        <Point x="-10" y="27.5" />
        <Point x="10" y="27.5" />
      </Path>
    </Layer>
    <Layer name="PACKAGE GEOMETRY/ASSEMBLY_TOP" packageHeight="44" >
      <Path lineWidth="0" type="line" >
        <Point x="10" y="27.5" />
        <Point x="10" y="52" />
      </Path>
    </Layer>
    <Layer name="PACKAGE GEOMETRY/ASSEMBLY_TOP" packageHeight="44" >
      <Path lineWidth="0" type="line" >
        <Point x="10" y="52" />
        <Point x="-10" y="52" />
      </Path>
    </Layer>
    <Layer name="PACKAGE GEOMETRY/ASSEMBLY_TOP" packageHeight="44" >
      <Path lineWidth="0" type="line" >
        <Point x="-10" y="52" />
        <Point x="-10" y="27.5" />
      </Path>
    </Layer>
    <Layer name="PACKAGE GEOMETRY/PLACE_BOUND_TOP" packageHeight="44" packageHeightMin="0">
      <Path lineWidth="6" type="shape" >
        <Point x="-80" y="47.5" />
        <Point x="-32" y="47.5" />
        <Point x="-32" y="94" />
        <Point x="32" y="94" />
        <Point x="32" y="47.5" />
        <Point x="80" y="47.5" />
        <Point x="80" y="-47.5" />
        <Point x="69.4016" y="-47.5" />
        <Point x="69.4016" y="-94" />
        <Point x="-69.4016" y="-94" />
        <Point x="-69.4016" y="-47.5" />
        <Point x="-80" y="-47.5" />
        <Point x="-80" y="47.5" />
      </Path>
    </Layer>
    <Layer name="PACKAGE GEOMETRY/PLACE_BOUND_TOP" packageHeight="44" packageHeightMin="0">
      <Path lineWidth="6" type="shape" >
        <Point x="-60" y="-27.5" />
        <Point x="-60" y="27.5" />
        <Point x="60" y="27.5" />
        <Point x="60" y="-27.5" />
        <Point x="-60" y="-27.5" />
      </Path>
    </Layer>
    <Layer name="MANUFACTURING/NO_PROBE_TOP" packageHeight="44" >
      <Path lineWidth="6" type="shape" >
        <Point x="95" y="109" />
        <Point x="95" y="-109" />
        <Point x="-95" y="-109" />
        <Point x="-95" y="109" />
        <Point x="95" y="109" />
      </Path>
    </Layer>
    <Layer name="REF DES/SILKSCREEN_TOP" packageHeight="44" >
      <Label layer="REF DES/SILKSCREEN_TOP" textBlock="3" angle="0" x="0" y="-25" text="Ref" justify="center" />
    </Layer>
    <Layer name="DEVICE TYPE/SILKSCREEN_TOP" packageHeight="44" >
      <Label layer="DEVICE TYPE/SILKSCREEN_TOP" textBlock="3" angle="0" x="0" y="-25" text="Dev" justify="center" />
    </Layer>
    <Layer name="USER PART NUMBER/SILKSCREEN_TOP" packageHeight="44" >
      <Label layer="USER PART NUMBER/SILKSCREEN_TOP" textBlock="3" angle="0" x="0" y="-25" text="PN" justify="center" />
    </Layer>
    <Layer name="DEVICE TYPE/ASSEMBLY_TOP" packageHeight="44" >
      <Label layer="DEVICE TYPE/ASSEMBLY_TOP" textBlock="3" angle="0" x="0" y="-25" text="DEV" justify="center" />
    </Layer>
    <Layer name="COMPONENT VALUE/SILKSCREEN_TOP" packageHeight="44" >
      <Label layer="COMPONENT VALUE/SILKSCREEN_TOP" textBlock="3" angle="0" x="0" y="-25" text="VAL" justify="center" />
    </Layer>
    <Layer name="TOLERANCE/SILKSCREEN_TOP" packageHeight="44" >
      <Label layer="TOLERANCE/SILKSCREEN_TOP" textBlock="3" angle="0" x="0" y="-25" text="TOL" justify="center" />
    </Layer>
    <Layer name="REF DES/ASSEMBLY_TOP" packageHeight="44" >
      <Label layer="REF DES/ASSEMBLY_TOP" textBlock="3" angle="0" x="0" y="-25" text="Ref" justify="center" />
    </Layer>
    <Layer name="PACKAGE GEOMETRY/ASSEMBLY_TOP" packageHeight="44" >
      <Circle type="line"  lineWidth="0" originX="-50" originY="-17.5" radius="5" > 
    </Layer>
    <Layer name="PACKAGE GEOMETRY/SILKSCREEN_TOP" packageHeight="44" >
      <Circle type="line"  lineWidth="6" originX="-110" originY="-52" radius="5" > 
    </Layer>
    <Layer name="PACKAGE GEOMETRY/SILKSCREEN_TOP" packageHeight="44" >
      <Path lineWidth="6" type="line" >
        <Point x="-12.3016" y="-32.5" />
        <Point x="12.3016" y="-32.5" />
      </Path>
    </Layer>
    <Layer name="PACKAGE GEOMETRY/SILKSCREEN_TOP" packageHeight="44" >
      <Path lineWidth="6" type="line" >
        <Point x="65" y="-32.5" />
        <Point x="65" y="32.5" />
      </Path>
    </Layer>
    <Layer name="PACKAGE GEOMETRY/SILKSCREEN_TOP" packageHeight="44" >
      <Path lineWidth="6" type="line" >
        <Point x="65" y="32.5" />
        <Point x="25.1" y="32.5" />
      </Path>
    </Layer>
    <Layer name="PACKAGE GEOMETRY/SILKSCREEN_TOP" packageHeight="44" >
      <Path lineWidth="6" type="line" >
        <Point x="-65" y="32.5" />
        <Point x="-65" y="-32.5" />
      </Path>
    </Layer>
    <Layer name="PACKAGE GEOMETRY/ASSEMBLY_TOP" packageHeight="44" >
      <Path lineWidth="0" type="line" >
        <Point x="-60" y="-27.5" />
        <Point x="60" y="-27.5" />
      </Path>
    </Layer>
    <Layer name="PACKAGE GEOMETRY/ASSEMBLY_TOP" packageHeight="44" >
      <Path lineWidth="0" type="line" >
        <Point x="60" y="-27.5" />
        <Point x="60" y="27.5" />
      </Path>
    </Layer>
    <Layer name="PACKAGE GEOMETRY/ASSEMBLY_TOP" packageHeight="44" >
      <Path lineWidth="0" type="line" >
        <Point x="60" y="27.5" />
        <Point x="-60" y="27.5" />
      </Path>
    </Layer>
    <Layer name="PACKAGE GEOMETRY/ASSEMBLY_TOP" packageHeight="44" >
      <Path lineWidth="0" type="line" >
        <Point x="-60" y="27.5" />
        <Point x="-60" y="-27.5" />
      </Path>
    </Layer>
    <Layer name="PACKAGE GEOMETRY/SILKSCREEN_TOP" packageHeight="44" >
      <Path lineWidth="6" type="line" >
        <Point x="-25.1" y="32.5" />
        <Point x="-65" y="32.5" />
      </Path>
    </Layer>
  </Layers>
</Footprint>
