<Footprint name="CAPMP3P7X2P8_2P1N_KEM-L" >
  <Units type="mils" precision="3" />
  <Extents minX="-2425" minY="-2480.11801147461" width="3980.83450317383" height="3924.95251464844" />
  <Padstack name="RX46p35Y88p55D0T" type="single" > 
    <Layers>
      <Layer name="TOP" >
        <Pad shape="rectangle" width="88.551" height="46.3535" /> 
      </Layer>
      <Layer name="PASTEMASK_TOP" >
        <Pad shape="rectangle" width="88.551" height="46.3535" /> 
      </Layer>
      <Layer name="SOLDERMASK_TOP" >
        <Pad shape="rectangle" width="88.551" height="46.3535" /> 
      </Layer>
    </Layers>
  </Padstack>

  <Padstack name="RX46p35Y88p55D0T" type="single" > 
    <Layers>
      <Layer name="TOP" >
        <Pad shape="rectangle" width="88.551" height="46.3535" /> 
      </Layer>
      <Layer name="PASTEMASK_TOP" >
        <Pad shape="rectangle" width="88.551" height="46.3535" /> 
      </Layer>
      <Layer name="SOLDERMASK_TOP" >
        <Pad shape="rectangle" width="88.551" height="46.3535" /> 
      </Layer>
    </Layers>
  </Padstack>
  <TextBlocks>
    <TextBlock name="17" width="6.25" height="25" lineSpacing="25" characterSpacing="6.25" /> 
  </TextBlocks>

  <Pins>
    <Pin number="1" padName="RX46p35Y88p55D0T" originX="-52.6577" originY="0" rotation="90" isMechanical="no" textBlockName="17" />
    <Pin number="2" padName="RX46p35Y88p55D0T" originX="52.6577" originY="0" rotation="90" isMechanical="no" textBlockName="17" />
  </Pins>
  <Vias>
  </Vias>
  <Layers>
    <Layer name="VIA KEEPOUT/TOP" packageHeight="82.677" >
      <Path lineWidth="6" type="shape" >
        <Point x="-35.3550109863281" y="47.2754936218262" />
        <Point x="35.3550109863281" y="47.2754936218262" />
        <Point x="35.3550109863281" y="-47.2754936218262" />
        <Point x="-35.3550109863281" y="-47.2754936218262" />
        <Point x="-35.3550109863281" y="47.2754936218262" />
      </Path>
    </Layer>
    <Layer name="ROUTE KEEPOUT/TOP" packageHeight="82.677" >
      <Path lineWidth="6" type="shape" >
        <Point x="-35.3550109863281" y="47.2754936218262" />
        <Point x="35.3550109863281" y="47.2754936218262" />
        <Point x="35.3550109863281" y="-47.2754936218262" />
        <Point x="-35.3550109863281" y="-47.2754936218262" />
        <Point x="-35.3550109863281" y="47.2754936218262" />
      </Path>
    </Layer>
    <Layer name="ROUTE KEEPOUT/TOP" packageHeight="82.677" >
      <Path lineWidth="6" type="shape" >
        <Point x="-35.3550109863281" y="47.2754936218262" />
        <Point x="35.3550109863281" y="47.2754936218262" />
        <Point x="35.3550109863281" y="-47.2754936218262" />
        <Point x="-35.3550109863281" y="-47.2754936218262" />
        <Point x="-35.3550109863281" y="47.2754936218262" />
      </Path>
    </Layer>
    <Layer name="ROUTE KEEPOUT/TOP" packageHeight="82.677" >
      <Path lineWidth="6" type="shape" >
        <Point x="-70.8345031738281" y="53.1180038452148" />
        <Point x="70.8345031738281" y="53.1180038452148" />
        <Point x="70.8345031738281" y="47.2754974365234" />
        <Point x="-70.8345031738281" y="47.2754974365234" />
        <Point x="-70.8345031738281" y="53.1180038452148" />
      </Path>
    </Layer>
    <Layer name="ROUTE KEEPOUT/TOP" packageHeight="82.677" >
      <Path lineWidth="6" type="shape" >
        <Point x="-70.8345031738281" y="-47.2754974365234" />
        <Point x="70.8345031738281" y="-47.2754974365234" />
        <Point x="70.8345031738281" y="-53.1180038452148" />
        <Point x="-70.8345031738281" y="-53.1180038452148" />
        <Point x="-70.8345031738281" y="-47.2754974365234" />
      </Path>
    </Layer>
    <Layer name="PACKAGE GEOMETRY/PLACE_BOUND_TOP" packageHeight="82.677" packageHeightMin="0">
      <Path lineWidth="6" type="shape" >
        <Point x="-79.8345" y="-48.2755" />
        <Point x="-79.8345" y="48.2755" />
        <Point x="-76.8345" y="48.2755" />
        <Point x="-76.8345" y="59.118" />
        <Point x="76.8345" y="59.118" />
        <Point x="76.8345" y="48.2755" />
        <Point x="79.8345" y="48.2755" />
        <Point x="79.8345" y="-48.2755" />
        <Point x="76.8345" y="-48.2755" />
        <Point x="76.8345" y="-59.118" />
        <Point x="-76.8345" y="-59.118" />
        <Point x="-76.8345" y="-48.2755" />
        <Point x="-79.8345" y="-48.2755" />
      </Path>
    </Layer>
    <Layer name="MANUFACTURING/NO_PROBE_TOP" packageHeight="82.677" >
      <Path lineWidth="6" type="shape" >
        <Point x="-94.8345" y="-70.118" />
        <Point x="-94.8345" y="70.118" />
        <Point x="94.8345" y="70.118" />
        <Point x="94.8345" y="-70.118" />
        <Point x="-94.8345" y="-70.118" />
      </Path>
    </Layer>
    <Layer name="REF DES/SILKSCREEN_TOP" packageHeight="82.677" >
      <Label layer="REF DES/SILKSCREEN_TOP" textBlock="3" angle="0" x="0" y="-25" text="Ref" justify="center" />
    </Layer>
    <Layer name="DEVICE TYPE/SILKSCREEN_TOP" packageHeight="82.677" >
      <Label layer="DEVICE TYPE/SILKSCREEN_TOP" textBlock="3" angle="0" x="0" y="-25" text="Dev" justify="center" />
    </Layer>
    <Layer name="USER PART NUMBER/SILKSCREEN_TOP" packageHeight="82.677" >
      <Label layer="USER PART NUMBER/SILKSCREEN_TOP" textBlock="3" angle="0" x="0" y="-25" text="PN" justify="center" />
    </Layer>
    <Layer name="DEVICE TYPE/ASSEMBLY_TOP" packageHeight="82.677" >
      <Label layer="DEVICE TYPE/ASSEMBLY_TOP" textBlock="3" angle="0" x="0" y="-25" text="DEV" justify="center" />
    </Layer>
    <Layer name="COMPONENT VALUE/SILKSCREEN_TOP" packageHeight="82.677" >
      <Label layer="COMPONENT VALUE/SILKSCREEN_TOP" textBlock="3" angle="0" x="0" y="-25" text="VAL" justify="center" />
    </Layer>
    <Layer name="TOLERANCE/SILKSCREEN_TOP" packageHeight="82.677" >
      <Label layer="TOLERANCE/SILKSCREEN_TOP" textBlock="3" angle="0" x="0" y="-25" text="TOL" justify="center" />
    </Layer>
    <Layer name="REF DES/ASSEMBLY_TOP" packageHeight="82.677" >
      <Label layer="REF DES/ASSEMBLY_TOP" textBlock="3" angle="0" x="0" y="-25" text="Ref" justify="center" />
    </Layer>
    <Layer name="PACKAGE GEOMETRY/ASSEMBLY_TOP" packageHeight="82.677" >
      <Path lineWidth="0" type="line" >
        <Point x="-133.236" y="0" />
        <Point x="-163.236" y="0" />
      </Path>
    </Layer>
    <Layer name="PACKAGE GEOMETRY/ASSEMBLY_TOP" packageHeight="82.677" >
      <Path lineWidth="0" type="line" >
        <Point x="-148.236" y="15" />
        <Point x="-148.236" y="-15" />
      </Path>
    </Layer>
    <Layer name="PACKAGE GEOMETRY/SILKSCREEN_TOP" packageHeight="82.677" >
      <Path lineWidth="6" type="line" >
        <Point x="-133.236" y="0" />
        <Point x="-163.236" y="0" />
      </Path>
    </Layer>
    <Layer name="PACKAGE GEOMETRY/SILKSCREEN_TOP" packageHeight="82.677" >
      <Path lineWidth="6" type="line" >
        <Point x="-148.236" y="15" />
        <Point x="-148.236" y="-15" />
      </Path>
    </Layer>
    <Layer name="PACKAGE GEOMETRY/SILKSCREEN_TOP" packageHeight="82.677" >
      <Path lineWidth="6" type="line" >
        <Point x="-77.8345" y="-60.118" />
        <Point x="77.8345" y="-60.118" />
      </Path>
    </Layer>
    <Layer name="PACKAGE GEOMETRY/SILKSCREEN_TOP" packageHeight="82.677" >
      <Path lineWidth="6" type="line" >
        <Point x="77.8345" y="60.118" />
        <Point x="-77.8345" y="60.118" />
      </Path>
    </Layer>
    <Layer name="PACKAGE GEOMETRY/ASSEMBLY_TOP" packageHeight="82.677" >
      <Path lineWidth="0" type="line" >
        <Point x="-72.8345" y="-55.118" />
        <Point x="72.8345" y="-55.118" />
      </Path>
    </Layer>
    <Layer name="PACKAGE GEOMETRY/ASSEMBLY_TOP" packageHeight="82.677" >
      <Path lineWidth="0" type="line" >
        <Point x="72.8345" y="-55.118" />
        <Point x="72.8345" y="55.118" />
      </Path>
    </Layer>
    <Layer name="PACKAGE GEOMETRY/ASSEMBLY_TOP" packageHeight="82.677" >
      <Path lineWidth="0" type="line" >
        <Point x="72.8345" y="55.118" />
        <Point x="-72.8345" y="55.118" />
      </Path>
    </Layer>
    <Layer name="PACKAGE GEOMETRY/ASSEMBLY_TOP" packageHeight="82.677" >
      <Path lineWidth="0" type="line" >
        <Point x="-72.8345" y="55.118" />
        <Point x="-72.8345" y="-55.118" />
      </Path>
    </Layer>
  </Layers>
</Footprint>
