<Footprint name="SMB_DIO" >
  <Units type="mils" precision="3" />
  <Extents minX="-2425" minY="-2502.55905151367" width="4071.03939819336" height="3993.5983581543" />
  <Padstack name="RX85p84Y87p01D0T" type="single" > 
    <Layers>
      <Layer name="TOP" >
        <Pad shape="rectangle" width="87.0079" height="85.8425" /> 
      </Layer>
      <Layer name="PASTEMASK_TOP" >
        <Pad shape="rectangle" width="87.0079" height="85.8425" /> 
      </Layer>
      <Layer name="SOLDERMASK_TOP" >
        <Pad shape="rectangle" width="87.0079" height="85.8425" /> 
      </Layer>
    </Layers>
  </Padstack>

  <Padstack name="RX85p84Y87p01D0T" type="single" > 
    <Layers>
      <Layer name="TOP" >
        <Pad shape="rectangle" width="87.0079" height="85.8425" /> 
      </Layer>
      <Layer name="PASTEMASK_TOP" >
        <Pad shape="rectangle" width="87.0079" height="85.8425" /> 
      </Layer>
      <Layer name="SOLDERMASK_TOP" >
        <Pad shape="rectangle" width="87.0079" height="85.8425" /> 
      </Layer>
    </Layers>
  </Padstack>
  <TextBlocks>
    <TextBlock name="17" width="6.25" height="25" lineSpacing="25" characterSpacing="6.25" /> 
  </TextBlocks>

  <Pins>
    <Pin number="1" padName="RX85p84Y87p01D0T" originX="-73.1181" originY="0" rotation="90" isMechanical="no" textBlockName="17" />
    <Pin number="2" padName="RX85p84Y87p01D0T" originX="73.1181" originY="0" rotation="90" isMechanical="no" textBlockName="17" />
  </Pins>
  <Vias>
  </Vias>
  <Layers>
    <Layer name="VIA KEEPOUT/TOP" packageHeight="94.4882" >
      <Path lineWidth="0" type="shape" >
        <Point x="-28.1968307495117" y="45.5039367675781" />
        <Point x="28.1968307495117" y="45.5039367675781" />
        <Point x="28.1968307495117" y="-45.5039367675781" />
        <Point x="-28.1968307495117" y="-45.5039367675781" />
        <Point x="-28.1968307495117" y="45.5039367675781" />
      </Path>
    </Layer>
    <Layer name="ROUTE KEEPOUT/TOP" packageHeight="94.4882" >
      <Path lineWidth="0" type="shape" >
        <Point x="-28.1968307495117" y="45.5039367675781" />
        <Point x="28.1968307495117" y="45.5039367675781" />
        <Point x="28.1968307495117" y="-45.5039367675781" />
        <Point x="-28.1968307495117" y="-45.5039367675781" />
        <Point x="-28.1968307495117" y="45.5039367675781" />
      </Path>
    </Layer>
    <Layer name="ROUTE KEEPOUT/TOP" packageHeight="94.4882" >
      <Path lineWidth="0" type="shape" >
        <Point x="-28.1968307495117" y="45.5039367675781" />
        <Point x="28.1968307495117" y="45.5039367675781" />
        <Point x="28.1968307495117" y="-45.5039367675781" />
        <Point x="-28.1968307495117" y="-45.5039367675781" />
        <Point x="-28.1968307495117" y="45.5039367675781" />
      </Path>
    </Layer>
    <Layer name="ROUTE KEEPOUT/TOP" packageHeight="94.4882" >
      <Path lineWidth="0" type="shape" >
        <Point x="-108.039352416992" y="75.5590438842773" />
        <Point x="108.039352416992" y="75.5590438842773" />
        <Point x="108.039352416992" y="45.5039367675781" />
        <Point x="-108.039352416992" y="45.5039367675781" />
        <Point x="-108.039352416992" y="75.5590438842773" />
      </Path>
    </Layer>
    <Layer name="ROUTE KEEPOUT/TOP" packageHeight="94.4882" >
      <Path lineWidth="0" type="shape" >
        <Point x="-108.039352416992" y="-45.5039367675781" />
        <Point x="108.039352416992" y="-45.5039367675781" />
        <Point x="108.039352416992" y="-75.5590438842773" />
        <Point x="-108.039352416992" y="-75.5590438842773" />
        <Point x="-108.039352416992" y="-45.5039367675781" />
      </Path>
    </Layer>
    <Layer name="PACKAGE GEOMETRY/PLACE_BOUND_TOP" packageHeight="94.4882" packageHeightMin="0">
      <Path lineWidth="0" type="shape" >
        <Point x="-126.0394" y="-53.5039" />
        <Point x="-126.0394" y="53.5039" />
        <Point x="-120.0394" y="53.5039" />
        <Point x="-120.0394" y="87.5591" />
        <Point x="120.0394" y="87.5591" />
        <Point x="120.0394" y="53.5039" />
        <Point x="126.0394" y="53.5039" />
        <Point x="126.0394" y="-53.5039" />
        <Point x="120.0394" y="-53.5039" />
        <Point x="120.0394" y="-87.5591" />
        <Point x="-120.0394" y="-87.5591" />
        <Point x="-120.0394" y="-53.5039" />
        <Point x="-126.0394" y="-53.5039" />
      </Path>
    </Layer>
    <Layer name="MANUFACTURING/NO_PROBE_TOP" packageHeight="94.4882" >
      <Path lineWidth="0" type="shape" >
        <Point x="-141.0394" y="-92.5591" />
        <Point x="-141.0394" y="92.5591" />
        <Point x="141.0394" y="92.5591" />
        <Point x="141.0394" y="-92.5591" />
        <Point x="-141.0394" y="-92.5591" />
      </Path>
    </Layer>
    <Layer name="REF DES/SILKSCREEN_TOP" packageHeight="94.4882" >
      <Label layer="REF DES/SILKSCREEN_TOP" textBlock="3" angle="0" x="0" y="-25" text="Ref" justify="center" />
    </Layer>
    <Layer name="DEVICE TYPE/SILKSCREEN_TOP" packageHeight="94.4882" >
      <Label layer="DEVICE TYPE/SILKSCREEN_TOP" textBlock="3" angle="0" x="0" y="-25" text="Dev" justify="center" />
    </Layer>
    <Layer name="USER PART NUMBER/SILKSCREEN_TOP" packageHeight="94.4882" >
      <Label layer="USER PART NUMBER/SILKSCREEN_TOP" textBlock="3" angle="0" x="0" y="-25" text="PN" justify="center" />
    </Layer>
    <Layer name="DEVICE TYPE/ASSEMBLY_TOP" packageHeight="94.4882" >
      <Label layer="DEVICE TYPE/ASSEMBLY_TOP" textBlock="3" angle="0" x="0" y="-25" text="DEV" justify="center" />
    </Layer>
    <Layer name="COMPONENT VALUE/SILKSCREEN_TOP" packageHeight="94.4882" >
      <Label layer="COMPONENT VALUE/SILKSCREEN_TOP" textBlock="3" angle="0" x="0" y="-25" text="VAL" justify="center" />
    </Layer>
    <Layer name="TOLERANCE/SILKSCREEN_TOP" packageHeight="94.4882" >
      <Label layer="TOLERANCE/SILKSCREEN_TOP" textBlock="3" angle="0" x="0" y="-25" text="TOL" justify="center" />
    </Layer>
    <Layer name="REF DES/ASSEMBLY_TOP" packageHeight="94.4882" >
      <Label layer="REF DES/ASSEMBLY_TOP" textBlock="3" angle="0" x="0" y="-25" text="Ref" justify="center" />
    </Layer>
    <Layer name="PACKAGE GEOMETRY/ASSEMBLY_TOP" packageHeight="94.4882" >
      <Path lineWidth="0" type="line" >
        <Point x="-130.0394" y="0" />
        <Point x="-180.0394" y="0" />
      </Path>
    </Layer>
    <Layer name="PACKAGE GEOMETRY/ASSEMBLY_TOP" packageHeight="94.4882" >
      <Path lineWidth="0" type="line" >
        <Point x="-170.0394" y="25" />
        <Point x="-170.0394" y="-25" />
      </Path>
    </Layer>
    <Layer name="PACKAGE GEOMETRY/ASSEMBLY_TOP" packageHeight="94.4882" >
      <Path lineWidth="0" type="line" >
        <Point x="-170.0394" y="0" />
        <Point x="-140.0394" y="25" />
      </Path>
    </Layer>
    <Layer name="PACKAGE GEOMETRY/ASSEMBLY_TOP" packageHeight="94.4882" >
      <Path lineWidth="0" type="line" >
        <Point x="-170.0394" y="0" />
        <Point x="-140.0394" y="20" />
      </Path>
    </Layer>
    <Layer name="PACKAGE GEOMETRY/ASSEMBLY_TOP" packageHeight="94.4882" >
      <Path lineWidth="0" type="line" >
        <Point x="-170.0394" y="0" />
        <Point x="-140.0394" y="15" />
      </Path>
    </Layer>
    <Layer name="PACKAGE GEOMETRY/ASSEMBLY_TOP" packageHeight="94.4882" >
      <Path lineWidth="0" type="line" >
        <Point x="-170.0394" y="0" />
        <Point x="-140.0394" y="10" />
      </Path>
    </Layer>
    <Layer name="PACKAGE GEOMETRY/ASSEMBLY_TOP" packageHeight="94.4882" >
      <Path lineWidth="0" type="line" >
        <Point x="-170.0394" y="0" />
        <Point x="-140.0394" y="5" />
      </Path>
    </Layer>
    <Layer name="PACKAGE GEOMETRY/ASSEMBLY_TOP" packageHeight="94.4882" >
      <Path lineWidth="0" type="line" >
        <Point x="-170.0394" y="0" />
        <Point x="-140.0394" y="-25" />
      </Path>
    </Layer>
    <Layer name="PACKAGE GEOMETRY/ASSEMBLY_TOP" packageHeight="94.4882" >
      <Path lineWidth="0" type="line" >
        <Point x="-170.0394" y="0" />
        <Point x="-140.0394" y="-20" />
      </Path>
    </Layer>
    <Layer name="PACKAGE GEOMETRY/ASSEMBLY_TOP" packageHeight="94.4882" >
      <Path lineWidth="0" type="line" >
        <Point x="-170.0394" y="0" />
        <Point x="-140.0394" y="-15" />
      </Path>
    </Layer>
    <Layer name="PACKAGE GEOMETRY/ASSEMBLY_TOP" packageHeight="94.4882" >
      <Path lineWidth="0" type="line" >
        <Point x="-170.0394" y="0" />
        <Point x="-140.0394" y="-10" />
      </Path>
    </Layer>
    <Layer name="PACKAGE GEOMETRY/ASSEMBLY_TOP" packageHeight="94.4882" >
      <Path lineWidth="0" type="line" >
        <Point x="-170.0394" y="0" />
        <Point x="-140.0394" y="-5" />
      </Path>
    </Layer>
    <Layer name="PACKAGE GEOMETRY/ASSEMBLY_TOP" packageHeight="94.4882" >
      <Path lineWidth="0" type="line" >
        <Point x="-140.0394" y="25" />
        <Point x="-140.0394" y="-25" />
      </Path>
    </Layer>
    <Layer name="PACKAGE GEOMETRY/SILKSCREEN_TOP" packageHeight="94.4882" >
      <Path lineWidth="6" type="line" >
        <Point x="-130.0394" y="0" />
        <Point x="-180.0394" y="0" />
      </Path>
    </Layer>
    <Layer name="PACKAGE GEOMETRY/SILKSCREEN_TOP" packageHeight="94.4882" >
      <Path lineWidth="6" type="line" >
        <Point x="-170.0394" y="25" />
        <Point x="-170.0394" y="-25" />
      </Path>
    </Layer>
    <Layer name="PACKAGE GEOMETRY/SILKSCREEN_TOP" packageHeight="94.4882" >
      <Path lineWidth="6" type="line" >
        <Point x="-170.0394" y="0" />
        <Point x="-140.0394" y="25" />
      </Path>
    </Layer>
    <Layer name="PACKAGE GEOMETRY/SILKSCREEN_TOP" packageHeight="94.4882" >
      <Path lineWidth="6" type="line" >
        <Point x="-170.0394" y="0" />
        <Point x="-140.0394" y="20" />
      </Path>
    </Layer>
    <Layer name="PACKAGE GEOMETRY/SILKSCREEN_TOP" packageHeight="94.4882" >
      <Path lineWidth="6" type="line" >
        <Point x="-170.0394" y="0" />
        <Point x="-140.0394" y="15" />
      </Path>
    </Layer>
    <Layer name="PACKAGE GEOMETRY/SILKSCREEN_TOP" packageHeight="94.4882" >
      <Path lineWidth="6" type="line" >
        <Point x="-170.0394" y="0" />
        <Point x="-140.0394" y="10" />
      </Path>
    </Layer>
    <Layer name="PACKAGE GEOMETRY/SILKSCREEN_TOP" packageHeight="94.4882" >
      <Path lineWidth="6" type="line" >
        <Point x="-170.0394" y="0" />
        <Point x="-140.0394" y="5" />
      </Path>
    </Layer>
    <Layer name="PACKAGE GEOMETRY/SILKSCREEN_TOP" packageHeight="94.4882" >
      <Path lineWidth="6" type="line" >
        <Point x="-170.0394" y="0" />
        <Point x="-140.0394" y="-25" />
      </Path>
    </Layer>
    <Layer name="PACKAGE GEOMETRY/SILKSCREEN_TOP" packageHeight="94.4882" >
      <Path lineWidth="6" type="line" >
        <Point x="-170.0394" y="0" />
        <Point x="-140.0394" y="-20" />
      </Path>
    </Layer>
    <Layer name="PACKAGE GEOMETRY/SILKSCREEN_TOP" packageHeight="94.4882" >
      <Path lineWidth="6" type="line" >
        <Point x="-170.0394" y="0" />
        <Point x="-140.0394" y="-15" />
      </Path>
    </Layer>
    <Layer name="PACKAGE GEOMETRY/SILKSCREEN_TOP" packageHeight="94.4882" >
      <Path lineWidth="6" type="line" >
        <Point x="-170.0394" y="0" />
        <Point x="-140.0394" y="-10" />
      </Path>
    </Layer>
    <Layer name="PACKAGE GEOMETRY/SILKSCREEN_TOP" packageHeight="94.4882" >
      <Path lineWidth="6" type="line" >
        <Point x="-170.0394" y="0" />
        <Point x="-140.0394" y="-5" />
      </Path>
    </Layer>
    <Layer name="PACKAGE GEOMETRY/SILKSCREEN_TOP" packageHeight="94.4882" >
      <Path lineWidth="6" type="line" >
        <Point x="-140.0394" y="25" />
        <Point x="-140.0394" y="-25" />
      </Path>
    </Layer>
    <Layer name="PACKAGE GEOMETRY/SILKSCREEN_TOP" packageHeight="94.4882" >
      <Path lineWidth="6" type="line" >
        <Point x="-115.0394" y="-82.5591" />
        <Point x="115.0394" y="-82.5591" />
      </Path>
    </Layer>
    <Layer name="PACKAGE GEOMETRY/SILKSCREEN_TOP" packageHeight="94.4882" >
      <Path lineWidth="6" type="line" >
        <Point x="115.0394" y="-82.5591" />
        <Point x="115.0394" y="-56.6039" />
      </Path>
    </Layer>
    <Layer name="PACKAGE GEOMETRY/SILKSCREEN_TOP" packageHeight="94.4882" >
      <Path lineWidth="6" type="line" >
        <Point x="115.0394" y="82.5591" />
        <Point x="-115.0394" y="82.5591" />
      </Path>
    </Layer>
    <Layer name="PACKAGE GEOMETRY/SILKSCREEN_TOP" packageHeight="94.4882" >
      <Path lineWidth="6" type="line" >
        <Point x="-115.0394" y="82.5591" />
        <Point x="-115.0394" y="56.6039" />
      </Path>
    </Layer>
    <Layer name="PACKAGE GEOMETRY/ASSEMBLY_TOP" packageHeight="94.4882" >
      <Path lineWidth="0" type="line" >
        <Point x="-110.0394" y="-77.5591" />
        <Point x="110.0394" y="-77.5591" />
      </Path>
    </Layer>
    <Layer name="PACKAGE GEOMETRY/ASSEMBLY_TOP" packageHeight="94.4882" >
      <Path lineWidth="0" type="line" >
        <Point x="110.0394" y="-77.5591" />
        <Point x="110.0394" y="77.5591" />
      </Path>
    </Layer>
    <Layer name="PACKAGE GEOMETRY/ASSEMBLY_TOP" packageHeight="94.4882" >
      <Path lineWidth="0" type="line" >
        <Point x="110.0394" y="77.5591" />
        <Point x="-110.0394" y="77.5591" />
      </Path>
    </Layer>
    <Layer name="PACKAGE GEOMETRY/ASSEMBLY_TOP" packageHeight="94.4882" >
      <Path lineWidth="0" type="line" >
        <Point x="-110.0394" y="77.5591" />
        <Point x="-110.0394" y="-77.5591" />
      </Path>
    </Layer>
    <Layer name="PACKAGE GEOMETRY/SILKSCREEN_TOP" packageHeight="94.4882" >
      <Path lineWidth="6" type="line" >
        <Point x="-115.0394" y="-56.6039" />
        <Point x="-115.0394" y="-82.5591" />
      </Path>
    </Layer>
    <Layer name="PACKAGE GEOMETRY/SILKSCREEN_TOP" packageHeight="94.4882" >
      <Path lineWidth="6" type="line" >
        <Point x="115.0394" y="56.6039" />
        <Point x="115.0394" y="82.5591" />
      </Path>
    </Layer>
  </Layers>
</Footprint>
