<Footprint name="D8" >
  <Units type="mils" precision="3" />
  <Extents minX="-2517" minY="-2523.5" width="4065.5" height="4250" />
  <Padstack name="RX78Y22D0T" type="single" > 
    <Layers>
      <Layer name="TOP" >
        <Pad shape="rectangle" width="78" height="22" /> 
      </Layer>
      <Layer name="SOLDERMASK_TOP" >
        <Pad shape="rectangle" width="78" height="22" /> 
      </Layer>
      <Layer name="PASTEMASK_TOP" >
        <Pad shape="rectangle" width="78" height="22" /> 
      </Layer>
    </Layers>
  </Padstack>

  <Padstack name="RX78Y22D0T" type="single" > 
    <Layers>
      <Layer name="TOP" >
        <Pad shape="rectangle" width="78" height="22" /> 
      </Layer>
      <Layer name="SOLDERMASK_TOP" >
        <Pad shape="rectangle" width="78" height="22" /> 
      </Layer>
      <Layer name="PASTEMASK_TOP" >
        <Pad shape="rectangle" width="78" height="22" /> 
      </Layer>
    </Layers>
  </Padstack>
  <TextBlocks>
    <TextBlock name="17" width="6.25" height="25" lineSpacing="25" characterSpacing="6.25" /> 
  </TextBlocks>

  <Pins>
    <Pin number="1" padName="RX78Y22D0T" originX="-97" originY="75" rotation="0" isMechanical="no" textBlockName="17" />
    <Pin number="2" padName="RX78Y22D0T" originX="-97" originY="25" rotation="0" isMechanical="no" textBlockName="17" />
    <Pin number="3" padName="RX78Y22D0T" originX="-97" originY="-25" rotation="0" isMechanical="no" textBlockName="17" />
    <Pin number="4" padName="RX78Y22D0T" originX="-97" originY="-75" rotation="0" isMechanical="no" textBlockName="17" />
    <Pin number="5" padName="RX78Y22D0T" originX="97" originY="-75" rotation="0" isMechanical="no" textBlockName="17" />
    <Pin number="6" padName="RX78Y22D0T" originX="97" originY="-25" rotation="0" isMechanical="no" textBlockName="17" />
    <Pin number="7" padName="RX78Y22D0T" originX="97" originY="25" rotation="0" isMechanical="no" textBlockName="17" />
    <Pin number="8" padName="RX78Y22D0T" originX="97" originY="75" rotation="0" isMechanical="no" textBlockName="17" />
  </Pins>
  <Vias>
  </Vias>
  <Layers>
    <Layer name="PACKAGE GEOMETRY/ASSEMBLY_TOP" packageHeight="69" >
      <Path lineWidth="0" type="line" >
        <Point x="-78.5" y="65" />
        <Point x="-78.5" y="85" />
      </Path>
    </Layer>
    <Layer name="PACKAGE GEOMETRY/ASSEMBLY_TOP" packageHeight="69" >
      <Path lineWidth="0" type="line" >
        <Point x="-78.5" y="85" />
        <Point x="-122" y="85" />
      </Path>
    </Layer>
    <Layer name="PACKAGE GEOMETRY/ASSEMBLY_TOP" packageHeight="69" >
      <Path lineWidth="0" type="line" >
        <Point x="-122" y="85" />
        <Point x="-122" y="65" />
      </Path>
    </Layer>
    <Layer name="PACKAGE GEOMETRY/ASSEMBLY_TOP" packageHeight="69" >
      <Path lineWidth="0" type="line" >
        <Point x="-122" y="65" />
        <Point x="-78.5" y="65" />
      </Path>
    </Layer>
    <Layer name="PACKAGE GEOMETRY/ASSEMBLY_TOP" packageHeight="69" >
      <Path lineWidth="0" type="line" >
        <Point x="-78.5" y="15" />
        <Point x="-78.5" y="35" />
      </Path>
    </Layer>
    <Layer name="PACKAGE GEOMETRY/ASSEMBLY_TOP" packageHeight="69" >
      <Path lineWidth="0" type="line" >
        <Point x="-78.5" y="35" />
        <Point x="-122" y="35" />
      </Path>
    </Layer>
    <Layer name="PACKAGE GEOMETRY/ASSEMBLY_TOP" packageHeight="69" >
      <Path lineWidth="0" type="line" >
        <Point x="-122" y="35" />
        <Point x="-122" y="15" />
      </Path>
    </Layer>
    <Layer name="PACKAGE GEOMETRY/ASSEMBLY_TOP" packageHeight="69" >
      <Path lineWidth="0" type="line" >
        <Point x="-122" y="15" />
        <Point x="-78.5" y="15" />
      </Path>
    </Layer>
    <Layer name="PACKAGE GEOMETRY/ASSEMBLY_TOP" packageHeight="69" >
      <Path lineWidth="0" type="line" >
        <Point x="-78.5" y="-35" />
        <Point x="-78.5" y="-15" />
      </Path>
    </Layer>
    <Layer name="PACKAGE GEOMETRY/ASSEMBLY_TOP" packageHeight="69" >
      <Path lineWidth="0" type="line" >
        <Point x="-78.5" y="-15" />
        <Point x="-122" y="-15" />
      </Path>
    </Layer>
    <Layer name="PACKAGE GEOMETRY/ASSEMBLY_TOP" packageHeight="69" >
      <Path lineWidth="0" type="line" >
        <Point x="-122" y="-15" />
        <Point x="-122" y="-35" />
      </Path>
    </Layer>
    <Layer name="PACKAGE GEOMETRY/ASSEMBLY_TOP" packageHeight="69" >
      <Path lineWidth="0" type="line" >
        <Point x="-122" y="-35" />
        <Point x="-78.5" y="-35" />
      </Path>
    </Layer>
    <Layer name="PACKAGE GEOMETRY/ASSEMBLY_TOP" packageHeight="69" >
      <Path lineWidth="0" type="line" >
        <Point x="-78.5" y="-85" />
        <Point x="-78.5" y="-65" />
      </Path>
    </Layer>
    <Layer name="PACKAGE GEOMETRY/ASSEMBLY_TOP" packageHeight="69" >
      <Path lineWidth="0" type="line" >
        <Point x="-78.5" y="-65" />
        <Point x="-122" y="-65" />
      </Path>
    </Layer>
    <Layer name="PACKAGE GEOMETRY/ASSEMBLY_TOP" packageHeight="69" >
      <Path lineWidth="0" type="line" >
        <Point x="-122" y="-65" />
        <Point x="-122" y="-85" />
      </Path>
    </Layer>
    <Layer name="PACKAGE GEOMETRY/ASSEMBLY_TOP" packageHeight="69" >
      <Path lineWidth="0" type="line" >
        <Point x="-122" y="-85" />
        <Point x="-78.5" y="-85" />
      </Path>
    </Layer>
    <Layer name="PACKAGE GEOMETRY/ASSEMBLY_TOP" packageHeight="69" >
      <Path lineWidth="0" type="line" >
        <Point x="78.5" y="-65" />
        <Point x="78.5" y="-85" />
      </Path>
    </Layer>
    <Layer name="PACKAGE GEOMETRY/ASSEMBLY_TOP" packageHeight="69" >
      <Path lineWidth="0" type="line" >
        <Point x="78.5" y="-85" />
        <Point x="122" y="-85" />
      </Path>
    </Layer>
    <Layer name="PACKAGE GEOMETRY/ASSEMBLY_TOP" packageHeight="69" >
      <Path lineWidth="0" type="line" >
        <Point x="122" y="-85" />
        <Point x="122" y="-65" />
      </Path>
    </Layer>
    <Layer name="PACKAGE GEOMETRY/ASSEMBLY_TOP" packageHeight="69" >
      <Path lineWidth="0" type="line" >
        <Point x="122" y="-65" />
        <Point x="78.5" y="-65" />
      </Path>
    </Layer>
    <Layer name="PACKAGE GEOMETRY/ASSEMBLY_TOP" packageHeight="69" >
      <Path lineWidth="0" type="line" >
        <Point x="78.5" y="-15" />
        <Point x="78.5" y="-35" />
      </Path>
    </Layer>
    <Layer name="PACKAGE GEOMETRY/ASSEMBLY_TOP" packageHeight="69" >
      <Path lineWidth="0" type="line" >
        <Point x="78.5" y="-35" />
        <Point x="122" y="-35" />
      </Path>
    </Layer>
    <Layer name="PACKAGE GEOMETRY/ASSEMBLY_TOP" packageHeight="69" >
      <Path lineWidth="0" type="line" >
        <Point x="122" y="-35" />
        <Point x="122" y="-15" />
      </Path>
    </Layer>
    <Layer name="PACKAGE GEOMETRY/ASSEMBLY_TOP" packageHeight="69" >
      <Path lineWidth="0" type="line" >
        <Point x="122" y="-15" />
        <Point x="78.5" y="-15" />
      </Path>
    </Layer>
    <Layer name="PACKAGE GEOMETRY/ASSEMBLY_TOP" packageHeight="69" >
      <Path lineWidth="0" type="line" >
        <Point x="78.5" y="35" />
        <Point x="78.5" y="15" />
      </Path>
    </Layer>
    <Layer name="PACKAGE GEOMETRY/ASSEMBLY_TOP" packageHeight="69" >
      <Path lineWidth="0" type="line" >
        <Point x="78.5" y="15" />
        <Point x="122" y="15" />
      </Path>
    </Layer>
    <Layer name="PACKAGE GEOMETRY/ASSEMBLY_TOP" packageHeight="69" >
      <Path lineWidth="0" type="line" >
        <Point x="122" y="15" />
        <Point x="122" y="35" />
      </Path>
    </Layer>
    <Layer name="PACKAGE GEOMETRY/ASSEMBLY_TOP" packageHeight="69" >
      <Path lineWidth="0" type="line" >
        <Point x="122" y="35" />
        <Point x="78.5" y="35" />
      </Path>
    </Layer>
    <Layer name="PACKAGE GEOMETRY/ASSEMBLY_TOP" packageHeight="69" >
      <Path lineWidth="0" type="line" >
        <Point x="78.5" y="85" />
        <Point x="78.5" y="65" />
      </Path>
    </Layer>
    <Layer name="PACKAGE GEOMETRY/ASSEMBLY_TOP" packageHeight="69" >
      <Path lineWidth="0" type="line" >
        <Point x="78.5" y="65" />
        <Point x="122" y="65" />
      </Path>
    </Layer>
    <Layer name="PACKAGE GEOMETRY/ASSEMBLY_TOP" packageHeight="69" >
      <Path lineWidth="0" type="line" >
        <Point x="122" y="65" />
        <Point x="122" y="85" />
      </Path>
    </Layer>
    <Layer name="PACKAGE GEOMETRY/ASSEMBLY_TOP" packageHeight="69" >
      <Path lineWidth="0" type="line" >
        <Point x="122" y="85" />
        <Point x="78.5" y="85" />
      </Path>
    </Layer>
    <Layer name="PACKAGE GEOMETRY/PLACE_BOUND_TOP" packageHeight="69" packageHeightMin="4">
      <Path lineWidth="6" type="shape" >
        <Point x="-146" y="-108.5" />
        <Point x="-146" y="108.5" />
        <Point x="146" y="108.5" />
        <Point x="146" y="-108.5" />
        <Point x="-146" y="-108.5" />
      </Path>
    </Layer>
    <Layer name="MANUFACTURING/NO_PROBE_TOP" packageHeight="69" >
      <Path lineWidth="6" type="shape" >
        <Point x="-161" y="-123.5" />
        <Point x="-161" y="123.5" />
        <Point x="161" y="123.5" />
        <Point x="161" y="-123.5" />
        <Point x="-161" y="-123.5" />
      </Path>
    </Layer>
    <Layer name="REF DES/SILKSCREEN_TOP" packageHeight="69" >
      <Label layer="REF DES/SILKSCREEN_TOP" textBlock="3" angle="0" x="0" y="-25" text="Ref" justify="center" />
    </Layer>
    <Layer name="DEVICE TYPE/SILKSCREEN_TOP" packageHeight="69" >
      <Label layer="DEVICE TYPE/SILKSCREEN_TOP" textBlock="3" angle="0" x="0" y="-25" text="Dev" justify="center" />
    </Layer>
    <Layer name="USER PART NUMBER/SILKSCREEN_TOP" packageHeight="69" >
      <Label layer="USER PART NUMBER/SILKSCREEN_TOP" textBlock="3" angle="0" x="0" y="-25" text="PN" justify="center" />
    </Layer>
    <Layer name="DEVICE TYPE/ASSEMBLY_TOP" packageHeight="69" >
      <Label layer="DEVICE TYPE/ASSEMBLY_TOP" textBlock="3" angle="0" x="0" y="-25" text="DEV" justify="center" />
    </Layer>
    <Layer name="COMPONENT VALUE/SILKSCREEN_TOP" packageHeight="69" >
      <Label layer="COMPONENT VALUE/SILKSCREEN_TOP" textBlock="3" angle="0" x="0" y="-25" text="VAL" justify="center" />
    </Layer>
    <Layer name="TOLERANCE/SILKSCREEN_TOP" packageHeight="69" >
      <Label layer="TOLERANCE/SILKSCREEN_TOP" textBlock="3" angle="0" x="0" y="-25" text="TOL" justify="center" />
    </Layer>
    <Layer name="REF DES/ASSEMBLY_TOP" packageHeight="69" >
      <Label layer="REF DES/ASSEMBLY_TOP" textBlock="3" angle="0" x="0" y="-25" text="Ref" justify="center" />
    </Layer>
    <Layer name="PACKAGE GEOMETRY/ASSEMBLY_TOP" packageHeight="69" >
      <Label layer="PACKAGE GEOMETRY/ASSEMBLY_TOP" textBlock="3" angle="0" x="-107" y="167" text="*" justify="center" />
    </Layer>
    <Layer name="PACKAGE GEOMETRY/SILKSCREEN_TOP" packageHeight="69" >
      <Label layer="PACKAGE GEOMETRY/SILKSCREEN_TOP" textBlock="3" angle="0" x="-107" y="167" text="*" justify="center" />
    </Layer>
    <Layer name="PACKAGE GEOMETRY/SILKSCREEN_TOP" packageHeight="69" >
      <Path lineWidth="6" type="line" >
        <Point x="-54.0808" y="-98.5" />
        <Point x="54.0808" y="-98.5" />
      </Path>
    </Layer>
    <Layer name="PACKAGE GEOMETRY/SILKSCREEN_TOP" packageHeight="69" >
      <Path lineWidth="6" type="line" >
        <Point x="54.0808" y="98.5" />
        <Point x="-54.0808" y="98.5" />
      </Path>
    </Layer>
    <Layer name="PACKAGE GEOMETRY/SILKSCREEN_TOP" packageHeight="69" >
      <Arc lineWidth="6" centerX="0" centerY="98.5" x1="-12" y1="98.5" x2="12" y2="98.5" startAngle="180" stopAngle="360" /> 
    </Layer>
    <Layer name="PACKAGE GEOMETRY/ASSEMBLY_TOP" packageHeight="69" >
      <Path lineWidth="0" type="line" >
        <Point x="-78.5" y="-98.5" />
        <Point x="78.5" y="-98.5" />
      </Path>
    </Layer>
    <Layer name="PACKAGE GEOMETRY/ASSEMBLY_TOP" packageHeight="69" >
      <Path lineWidth="0" type="line" >
        <Point x="78.5" y="-98.5" />
        <Point x="78.5" y="98.5" />
      </Path>
    </Layer>
    <Layer name="PACKAGE GEOMETRY/ASSEMBLY_TOP" packageHeight="69" >
      <Path lineWidth="0" type="line" >
        <Point x="78.5" y="98.5" />
        <Point x="-78.5" y="98.5" />
      </Path>
    </Layer>
    <Layer name="PACKAGE GEOMETRY/ASSEMBLY_TOP" packageHeight="69" >
      <Path lineWidth="0" type="line" >
        <Point x="-78.5" y="98.5" />
        <Point x="-78.5" y="-98.5" />
      </Path>
    </Layer>
    <Layer name="PACKAGE GEOMETRY/ASSEMBLY_TOP" packageHeight="69" >
      <Arc lineWidth="0" centerX="0" centerY="98.5" x1="-12" y1="98.5" x2="12" y2="98.5" startAngle="180" stopAngle="360" /> 
    </Layer>
  </Layers>
</Footprint>
