<Footprint name="SD0805_AVX" >
  <Units type="mils" precision="3" />
  <Extents minX="-2562.5" minY="-2337.5" width="4075" height="3665" />
  <Padstack name="RX37p5Y35D0T" type="single" > 
    <Layers>
      <Layer name="TOP" >
        <Pad shape="rectangle" width="37.5" height="35" /> 
      </Layer>
      <Layer name="PASTEMASK_TOP" >
        <Pad shape="rectangle" width="37.5" height="35" /> 
      </Layer>
      <Layer name="SOLDERMASK_TOP" >
        <Pad shape="rectangle" width="37.5" height="35" /> 
      </Layer>
    </Layers>
  </Padstack>

  <Padstack name="RX37p5Y35D0T" type="single" > 
    <Layers>
      <Layer name="TOP" >
        <Pad shape="rectangle" width="37.5" height="35" /> 
      </Layer>
      <Layer name="PASTEMASK_TOP" >
        <Pad shape="rectangle" width="37.5" height="35" /> 
      </Layer>
      <Layer name="SOLDERMASK_TOP" >
        <Pad shape="rectangle" width="37.5" height="35" /> 
      </Layer>
    </Layers>
  </Padstack>
  <TextBlocks>
    <TextBlock name="17" width="6.25" height="25" lineSpacing="25" characterSpacing="6.25" /> 
  </TextBlocks>

  <Pins>
    <Pin number="1" padName="RX37p5Y35D0T" originX="-38.25" originY="0" rotation="0" isMechanical="no" textBlockName="17" />
    <Pin number="2" padName="RX37p5Y35D0T" originX="38.25" originY="0" rotation="0" isMechanical="no" textBlockName="17" />
  </Pins>
  <Vias>
  </Vias>
  <Layers>
    <Layer name="ROUTE KEEPOUT/TOP" packageHeight="39" >
      <Path lineWidth="0" type="shape" >
        <Point x="-17.5" y="25.5" />
        <Point x="17.5" y="25.5" />
        <Point x="17.5" y="-25.5" />
        <Point x="-17.5" y="-25.5" />
        <Point x="-17.5" y="25.5" />
      </Path>
    </Layer>
    <Layer name="PACKAGE GEOMETRY/PLACE_BOUND_TOP" packageHeight="39" packageHeightMin="0">
      <Path lineWidth="0" type="shape" >
        <Point x="-67" y="-27.5" />
        <Point x="-67" y="27.5" />
        <Point x="-51.5" y="27.5" />
        <Point x="-51.5" y="37.5" />
        <Point x="51.5" y="37.5" />
        <Point x="51.5" y="27.5" />
        <Point x="67" y="27.5" />
        <Point x="67" y="-27.5" />
        <Point x="51.5" y="-27.5" />
        <Point x="51.5" y="-37.5" />
        <Point x="-51.5" y="-37.5" />
        <Point x="-51.5" y="-27.5" />
        <Point x="-67" y="-27.5" />
      </Path>
    </Layer>
    <Layer name="MANUFACTURING/NO_PROBE_TOP" packageHeight="39" >
      <Path lineWidth="0" type="shape" >
        <Point x="-72" y="-42.5" />
        <Point x="-72" y="42.5" />
        <Point x="72" y="42.5" />
        <Point x="72" y="-42.5" />
        <Point x="-72" y="-42.5" />
      </Path>
    </Layer>
    <Layer name="REF DES/SILKSCREEN_TOP" packageHeight="39" >
      <Label layer="REF DES/SILKSCREEN_TOP" textBlock="3" angle="0" x="0" y="-25" text="Ref" justify="center" />
    </Layer>
    <Layer name="DEVICE TYPE/SILKSCREEN_TOP" packageHeight="39" >
      <Label layer="DEVICE TYPE/SILKSCREEN_TOP" textBlock="3" angle="0" x="0" y="-25" text="Dev" justify="center" />
    </Layer>
    <Layer name="USER PART NUMBER/SILKSCREEN_TOP" packageHeight="39" >
      <Label layer="USER PART NUMBER/SILKSCREEN_TOP" textBlock="3" angle="0" x="0" y="-25" text="PN" justify="center" />
    </Layer>
    <Layer name="DEVICE TYPE/ASSEMBLY_TOP" packageHeight="39" >
      <Label layer="DEVICE TYPE/ASSEMBLY_TOP" textBlock="3" angle="0" x="0" y="-25" text="DEV" justify="center" />
    </Layer>
    <Layer name="COMPONENT VALUE/SILKSCREEN_TOP" packageHeight="39" >
      <Label layer="COMPONENT VALUE/SILKSCREEN_TOP" textBlock="3" angle="0" x="0" y="-25" text="VAL" justify="center" />
    </Layer>
    <Layer name="TOLERANCE/SILKSCREEN_TOP" packageHeight="39" >
      <Label layer="TOLERANCE/SILKSCREEN_TOP" textBlock="3" angle="0" x="0" y="-25" text="TOL" justify="center" />
    </Layer>
    <Layer name="REF DES/ASSEMBLY_TOP" packageHeight="39" >
      <Label layer="REF DES/ASSEMBLY_TOP" textBlock="3" angle="0" x="0" y="-25" text="Ref" justify="center" />
    </Layer>
    <Layer name="PACKAGE GEOMETRY/ASSEMBLY_TOP" packageHeight="39" >
      <Path lineWidth="0" type="line" >
        <Point x="-97" y="0" />
        <Point x="-147" y="0" />
      </Path>
    </Layer>
    <Layer name="PACKAGE GEOMETRY/ASSEMBLY_TOP" packageHeight="39" >
      <Path lineWidth="0" type="line" >
        <Point x="-137" y="25" />
        <Point x="-137" y="-25" />
      </Path>
    </Layer>
    <Layer name="PACKAGE GEOMETRY/ASSEMBLY_TOP" packageHeight="39" >
      <Path lineWidth="0" type="line" >
        <Point x="-137" y="0" />
        <Point x="-107" y="25" />
      </Path>
    </Layer>
    <Layer name="PACKAGE GEOMETRY/ASSEMBLY_TOP" packageHeight="39" >
      <Path lineWidth="0" type="line" >
        <Point x="-137" y="0" />
        <Point x="-107" y="20" />
      </Path>
    </Layer>
    <Layer name="PACKAGE GEOMETRY/ASSEMBLY_TOP" packageHeight="39" >
      <Path lineWidth="0" type="line" >
        <Point x="-137" y="0" />
        <Point x="-107" y="15" />
      </Path>
    </Layer>
    <Layer name="PACKAGE GEOMETRY/ASSEMBLY_TOP" packageHeight="39" >
      <Path lineWidth="0" type="line" >
        <Point x="-137" y="0" />
        <Point x="-107" y="10" />
      </Path>
    </Layer>
    <Layer name="PACKAGE GEOMETRY/ASSEMBLY_TOP" packageHeight="39" >
      <Path lineWidth="0" type="line" >
        <Point x="-137" y="0" />
        <Point x="-107" y="5" />
      </Path>
    </Layer>
    <Layer name="PACKAGE GEOMETRY/ASSEMBLY_TOP" packageHeight="39" >
      <Path lineWidth="0" type="line" >
        <Point x="-137" y="0" />
        <Point x="-107" y="-25" />
      </Path>
    </Layer>
    <Layer name="PACKAGE GEOMETRY/ASSEMBLY_TOP" packageHeight="39" >
      <Path lineWidth="0" type="line" >
        <Point x="-137" y="0" />
        <Point x="-107" y="-20" />
      </Path>
    </Layer>
    <Layer name="PACKAGE GEOMETRY/ASSEMBLY_TOP" packageHeight="39" >
      <Path lineWidth="0" type="line" >
        <Point x="-137" y="0" />
        <Point x="-107" y="-15" />
      </Path>
    </Layer>
    <Layer name="PACKAGE GEOMETRY/ASSEMBLY_TOP" packageHeight="39" >
      <Path lineWidth="0" type="line" >
        <Point x="-137" y="0" />
        <Point x="-107" y="-10" />
      </Path>
    </Layer>
    <Layer name="PACKAGE GEOMETRY/ASSEMBLY_TOP" packageHeight="39" >
      <Path lineWidth="0" type="line" >
        <Point x="-137" y="0" />
        <Point x="-107" y="-5" />
      </Path>
    </Layer>
    <Layer name="PACKAGE GEOMETRY/ASSEMBLY_TOP" packageHeight="39" >
      <Path lineWidth="0" type="line" >
        <Point x="-107" y="25" />
        <Point x="-107" y="-25" />
      </Path>
    </Layer>
    <Layer name="PACKAGE GEOMETRY/SILKSCREEN_TOP" packageHeight="39" >
      <Path lineWidth="6" type="line" >
        <Point x="-97" y="0" />
        <Point x="-147" y="0" />
      </Path>
    </Layer>
    <Layer name="PACKAGE GEOMETRY/SILKSCREEN_TOP" packageHeight="39" >
      <Path lineWidth="6" type="line" >
        <Point x="-137" y="25" />
        <Point x="-137" y="-25" />
      </Path>
    </Layer>
    <Layer name="PACKAGE GEOMETRY/SILKSCREEN_TOP" packageHeight="39" >
      <Path lineWidth="6" type="line" >
        <Point x="-137" y="0" />
        <Point x="-107" y="25" />
      </Path>
    </Layer>
    <Layer name="PACKAGE GEOMETRY/SILKSCREEN_TOP" packageHeight="39" >
      <Path lineWidth="6" type="line" >
        <Point x="-137" y="0" />
        <Point x="-107" y="20" />
      </Path>
    </Layer>
    <Layer name="PACKAGE GEOMETRY/SILKSCREEN_TOP" packageHeight="39" >
      <Path lineWidth="6" type="line" >
        <Point x="-137" y="0" />
        <Point x="-107" y="15" />
      </Path>
    </Layer>
    <Layer name="PACKAGE GEOMETRY/SILKSCREEN_TOP" packageHeight="39" >
      <Path lineWidth="6" type="line" >
        <Point x="-137" y="0" />
        <Point x="-107" y="10" />
      </Path>
    </Layer>
    <Layer name="PACKAGE GEOMETRY/SILKSCREEN_TOP" packageHeight="39" >
      <Path lineWidth="6" type="line" >
        <Point x="-137" y="0" />
        <Point x="-107" y="5" />
      </Path>
    </Layer>
    <Layer name="PACKAGE GEOMETRY/SILKSCREEN_TOP" packageHeight="39" >
      <Path lineWidth="6" type="line" >
        <Point x="-137" y="0" />
        <Point x="-107" y="-25" />
      </Path>
    </Layer>
    <Layer name="PACKAGE GEOMETRY/SILKSCREEN_TOP" packageHeight="39" >
      <Path lineWidth="6" type="line" >
        <Point x="-137" y="0" />
        <Point x="-107" y="-20" />
      </Path>
    </Layer>
    <Layer name="PACKAGE GEOMETRY/SILKSCREEN_TOP" packageHeight="39" >
      <Path lineWidth="6" type="line" >
        <Point x="-137" y="0" />
        <Point x="-107" y="-15" />
      </Path>
    </Layer>
    <Layer name="PACKAGE GEOMETRY/SILKSCREEN_TOP" packageHeight="39" >
      <Path lineWidth="6" type="line" >
        <Point x="-137" y="0" />
        <Point x="-107" y="-10" />
      </Path>
    </Layer>
    <Layer name="PACKAGE GEOMETRY/SILKSCREEN_TOP" packageHeight="39" >
      <Path lineWidth="6" type="line" >
        <Point x="-137" y="0" />
        <Point x="-107" y="-5" />
      </Path>
    </Layer>
    <Layer name="PACKAGE GEOMETRY/SILKSCREEN_TOP" packageHeight="39" >
      <Path lineWidth="6" type="line" >
        <Point x="-107" y="25" />
        <Point x="-107" y="-25" />
      </Path>
    </Layer>
    <Layer name="PACKAGE GEOMETRY/SILKSCREEN_TOP" packageHeight="39" >
      <Path lineWidth="6" type="line" >
        <Point x="-46.5" y="-32.5" />
        <Point x="46.5" y="-32.5" />
      </Path>
    </Layer>
    <Layer name="PACKAGE GEOMETRY/SILKSCREEN_TOP" packageHeight="39" >
      <Path lineWidth="6" type="line" >
        <Point x="46.5" y="32.5" />
        <Point x="-46.5" y="32.5" />
      </Path>
    </Layer>
    <Layer name="PACKAGE GEOMETRY/ASSEMBLY_TOP" packageHeight="39" >
      <Path lineWidth="0" type="line" >
        <Point x="-41.5" y="-27.5" />
        <Point x="41.5" y="-27.5" />
      </Path>
    </Layer>
    <Layer name="PACKAGE GEOMETRY/ASSEMBLY_TOP" packageHeight="39" >
      <Path lineWidth="0" type="line" >
        <Point x="41.5" y="-27.5" />
        <Point x="41.5" y="27.5" />
      </Path>
    </Layer>
    <Layer name="PACKAGE GEOMETRY/ASSEMBLY_TOP" packageHeight="39" >
      <Path lineWidth="0" type="line" >
        <Point x="41.5" y="27.5" />
        <Point x="-41.5" y="27.5" />
      </Path>
    </Layer>
    <Layer name="PACKAGE GEOMETRY/ASSEMBLY_TOP" packageHeight="39" >
      <Path lineWidth="0" type="line" >
        <Point x="-41.5" y="27.5" />
        <Point x="-41.5" y="-27.5" />
      </Path>
    </Layer>
  </Layers>
</Footprint>
