<Footprint name="SOD323_DIO-L" >
  <Units type="mils" precision="3" />
  <Extents minX="-2425" minY="-2481.88977050781" width="4005.43307495117" height="4125.76379394531" />
  <Padstack name="RX31p75Y13p78D0T" type="single" > 
    <Layers>
      <Layer name="TOP" >
        <Pad shape="rectangle" width="31.748" height="13.7795" /> 
      </Layer>
      <Layer name="PASTEMASK_TOP" >
        <Pad shape="rectangle" width="31.748" height="13.7795" /> 
      </Layer>
      <Layer name="SOLDERMASK_TOP" >
        <Pad shape="rectangle" width="31.748" height="13.7795" /> 
      </Layer>
    </Layers>
  </Padstack>

  <Padstack name="RX31p75Y13p78D0T" type="single" > 
    <Layers>
      <Layer name="TOP" >
        <Pad shape="rectangle" width="31.748" height="13.7795" /> 
      </Layer>
      <Layer name="PASTEMASK_TOP" >
        <Pad shape="rectangle" width="31.748" height="13.7795" /> 
      </Layer>
      <Layer name="SOLDERMASK_TOP" >
        <Pad shape="rectangle" width="31.748" height="13.7795" /> 
      </Layer>
    </Layers>
  </Padstack>
  <TextBlocks>
    <TextBlock name="17" width="6.25" height="25" lineSpacing="25" characterSpacing="6.25" /> 
  </TextBlocks>

  <Pins>
    <Pin number="1" padName="RX31p75Y13p78D0T" originX="-43.2756" originY="0" rotation="0" isMechanical="no" textBlockName="17" />
    <Pin number="2" padName="RX31p75Y13p78D0T" originX="43.2756" originY="0" rotation="0" isMechanical="no" textBlockName="17" />
  </Pins>
  <Vias>
  </Vias>
  <Layers>
    <Layer name="PACKAGE GEOMETRY/ASSEMBLY_TOP" packageHeight="32" >
      <Path lineWidth="0" type="line" >
        <Point x="-35.4331" y="-6.8898" />
        <Point x="-35.4331" y="6.8898" />
      </Path>
    </Layer>
    <Layer name="PACKAGE GEOMETRY/ASSEMBLY_TOP" packageHeight="32" >
      <Path lineWidth="0" type="line" >
        <Point x="-35.4331" y="6.8898" />
        <Point x="-53.1496" y="6.8898" />
      </Path>
    </Layer>
    <Layer name="PACKAGE GEOMETRY/ASSEMBLY_TOP" packageHeight="32" >
      <Path lineWidth="0" type="line" >
        <Point x="-53.1496" y="6.8898" />
        <Point x="-53.1496" y="-6.8898" />
      </Path>
    </Layer>
    <Layer name="PACKAGE GEOMETRY/ASSEMBLY_TOP" packageHeight="32" >
      <Path lineWidth="0" type="line" >
        <Point x="-53.1496" y="-6.8898" />
        <Point x="-35.4331" y="-6.8898" />
      </Path>
    </Layer>
    <Layer name="PACKAGE GEOMETRY/ASSEMBLY_TOP" packageHeight="32" >
      <Path lineWidth="0" type="line" >
        <Point x="35.4331" y="6.8898" />
        <Point x="35.4331" y="-6.8898" />
      </Path>
    </Layer>
    <Layer name="PACKAGE GEOMETRY/ASSEMBLY_TOP" packageHeight="32" >
      <Path lineWidth="0" type="line" >
        <Point x="35.4331" y="-6.8898" />
        <Point x="53.1496" y="-6.8898" />
      </Path>
    </Layer>
    <Layer name="PACKAGE GEOMETRY/ASSEMBLY_TOP" packageHeight="32" >
      <Path lineWidth="0" type="line" >
        <Point x="53.1496" y="-6.8898" />
        <Point x="53.1496" y="6.8898" />
      </Path>
    </Layer>
    <Layer name="PACKAGE GEOMETRY/ASSEMBLY_TOP" packageHeight="32" >
      <Path lineWidth="0" type="line" >
        <Point x="53.1496" y="6.8898" />
        <Point x="35.4331" y="6.8898" />
      </Path>
    </Layer>
    <Layer name="VIA KEEPOUT/TOP" packageHeight="32" >
      <Path lineWidth="6" type="shape" >
        <Point x="-25.4015693664551" y="25.5590553283691" />
        <Point x="25.4015693664551" y="25.5590553283691" />
        <Point x="25.4015693664551" y="-25.5590553283691" />
        <Point x="-25.4015693664551" y="-25.5590553283691" />
        <Point x="-25.4015693664551" y="25.5590553283691" />
      </Path>
    </Layer>
    <Layer name="ROUTE KEEPOUT/TOP" packageHeight="32" >
      <Path lineWidth="6" type="shape" >
        <Point x="-25.4015693664551" y="25.5590553283691" />
        <Point x="25.4015693664551" y="25.5590553283691" />
        <Point x="25.4015693664551" y="-25.5590553283691" />
        <Point x="-25.4015693664551" y="-25.5590553283691" />
        <Point x="-25.4015693664551" y="25.5590553283691" />
      </Path>
    </Layer>
    <Layer name="PACKAGE GEOMETRY/PLACE_BOUND_TOP" packageHeight="32" packageHeightMin="0">
      <Path lineWidth="6" type="shape" >
        <Point x="-63.1496" y="-10.8898" />
        <Point x="-63.1496" y="10.8898" />
        <Point x="-39.4331" y="10.8898" />
        <Point x="-39.4331" y="31.5591" />
        <Point x="39.4331" y="31.5591" />
        <Point x="39.4331" y="10.8898" />
        <Point x="63.1496" y="10.8898" />
        <Point x="63.1496" y="-10.8898" />
        <Point x="39.4331" y="-10.8898" />
        <Point x="39.4331" y="-31.5591" />
        <Point x="-39.4331" y="-31.5591" />
        <Point x="-39.4331" y="-10.8898" />
        <Point x="-63.1496" y="-10.8898" />
      </Path>
    </Layer>
    <Layer name="MANUFACTURING/NO_PROBE_TOP" packageHeight="32" >
      <Path lineWidth="6" type="shape" >
        <Point x="-66.6496" y="-35.0591" />
        <Point x="-66.6496" y="35.0591" />
        <Point x="66.6496" y="35.0591" />
        <Point x="66.6496" y="-35.0591" />
        <Point x="-66.6496" y="-35.0591" />
      </Path>
    </Layer>
    <Layer name="REF DES/SILKSCREEN_TOP" packageHeight="32" >
      <Label layer="REF DES/SILKSCREEN_TOP" textBlock="3" angle="0" x="0" y="-25" text="Ref" justify="center" />
    </Layer>
    <Layer name="DEVICE TYPE/SILKSCREEN_TOP" packageHeight="32" >
      <Label layer="DEVICE TYPE/SILKSCREEN_TOP" textBlock="3" angle="0" x="0" y="-25" text="Dev" justify="center" />
    </Layer>
    <Layer name="USER PART NUMBER/SILKSCREEN_TOP" packageHeight="32" >
      <Label layer="USER PART NUMBER/SILKSCREEN_TOP" textBlock="3" angle="0" x="0" y="-25" text="PN" justify="center" />
    </Layer>
    <Layer name="DEVICE TYPE/ASSEMBLY_TOP" packageHeight="32" >
      <Label layer="DEVICE TYPE/ASSEMBLY_TOP" textBlock="3" angle="0" x="0" y="-25" text="DEV" justify="center" />
    </Layer>
    <Layer name="COMPONENT VALUE/SILKSCREEN_TOP" packageHeight="32" >
      <Label layer="COMPONENT VALUE/SILKSCREEN_TOP" textBlock="3" angle="0" x="0" y="-25" text="VAL" justify="center" />
    </Layer>
    <Layer name="TOLERANCE/SILKSCREEN_TOP" packageHeight="32" >
      <Label layer="TOLERANCE/SILKSCREEN_TOP" textBlock="3" angle="0" x="0" y="-25" text="TOL" justify="center" />
    </Layer>
    <Layer name="REF DES/ASSEMBLY_TOP" packageHeight="32" >
      <Label layer="REF DES/ASSEMBLY_TOP" textBlock="3" angle="0" x="0" y="-25" text="Ref" justify="center" />
    </Layer>
    <Layer name="PACKAGE GEOMETRY/ASSEMBLY_TOP" packageHeight="32" >
      <Label layer="PACKAGE GEOMETRY/ASSEMBLY_TOP" textBlock="3" angle="0" x="-25.4331" y="-25" text="*" justify="center" />
    </Layer>
    <Layer name="PACKAGE GEOMETRY/SILKSCREEN_TOP" packageHeight="32" >
      <Label layer="PACKAGE GEOMETRY/SILKSCREEN_TOP" textBlock="3" angle="0" x="-74.1496" y="-25" text="*" justify="center" />
    </Layer>
    <Layer name="PACKAGE GEOMETRY/ASSEMBLY_TOP" packageHeight="32" >
      <Path lineWidth="0" type="line" >
        <Point x="-35.4331" y="13.7795" />
        <Point x="-21.6535" y="27.5591" />
      </Path>
    </Layer>
    <Layer name="PACKAGE GEOMETRY/ASSEMBLY_TOP" packageHeight="32" >
      <Path lineWidth="0" type="line" >
        <Point x="-35.4331" y="-13.7795" />
        <Point x="-21.6535" y="-27.5591" />
      </Path>
    </Layer>
    <Layer name="PACKAGE GEOMETRY/SILKSCREEN_TOP" packageHeight="32" >
      <Path lineWidth="6" type="line" >
        <Point x="-40.4331" y="-32.5591" />
        <Point x="40.4331" y="-32.5591" />
      </Path>
    </Layer>
    <Layer name="PACKAGE GEOMETRY/SILKSCREEN_TOP" packageHeight="32" >
      <Path lineWidth="6" type="line" >
        <Point x="40.4331" y="-32.5591" />
        <Point x="40.4331" y="-19.9898" />
      </Path>
    </Layer>
    <Layer name="PACKAGE GEOMETRY/SILKSCREEN_TOP" packageHeight="32" >
      <Path lineWidth="6" type="line" >
        <Point x="40.4331" y="32.5591" />
        <Point x="-40.4331" y="32.5591" />
      </Path>
    </Layer>
    <Layer name="PACKAGE GEOMETRY/SILKSCREEN_TOP" packageHeight="32" >
      <Path lineWidth="6" type="line" >
        <Point x="-40.4331" y="32.5591" />
        <Point x="-40.4331" y="19.9898" />
      </Path>
    </Layer>
    <Layer name="PACKAGE GEOMETRY/ASSEMBLY_TOP" packageHeight="32" >
      <Path lineWidth="0" type="line" >
        <Point x="-35.4331" y="-27.5591" />
        <Point x="35.4331" y="-27.5591" />
      </Path>
    </Layer>
    <Layer name="PACKAGE GEOMETRY/ASSEMBLY_TOP" packageHeight="32" >
      <Path lineWidth="0" type="line" >
        <Point x="35.4331" y="-27.5591" />
        <Point x="35.4331" y="27.5591" />
      </Path>
    </Layer>
    <Layer name="PACKAGE GEOMETRY/ASSEMBLY_TOP" packageHeight="32" >
      <Path lineWidth="0" type="line" >
        <Point x="35.4331" y="27.5591" />
        <Point x="-35.4331" y="27.5591" />
      </Path>
    </Layer>
    <Layer name="PACKAGE GEOMETRY/ASSEMBLY_TOP" packageHeight="32" >
      <Path lineWidth="0" type="line" >
        <Point x="-35.4331" y="27.5591" />
        <Point x="-35.4331" y="-27.5591" />
      </Path>
    </Layer>
    <Layer name="PACKAGE GEOMETRY/SILKSCREEN_TOP" packageHeight="32" >
      <Path lineWidth="6" type="line" >
        <Point x="-40.4331" y="-19.9898" />
        <Point x="-40.4331" y="-32.5591" />
      </Path>
    </Layer>
    <Layer name="PACKAGE GEOMETRY/SILKSCREEN_TOP" packageHeight="32" >
      <Path lineWidth="6" type="line" >
        <Point x="40.4331" y="19.9898" />
        <Point x="40.4331" y="32.5591" />
      </Path>
    </Layer>
  </Layers>
</Footprint>
