<Footprint name="CONN_PPTC081LFBN-RC_SUL" >
  <Units type="mils" precision="3" />
  <Extents minX="-3367" minY="-2500" width="4919" height="3800" />
  <Padstack name="EX62Y62D42P" type="through-hole" > 
    <Hole plating="plated" >
      <Drill figure="circle" diameter="42" width="42" height="42" />
    </Hole>
    <Symbol figure="Triangle" diameter="40" width="40" height="40" drillChars="p" />
    <Layers>
      <Layer name="TOP" >
        <Pad shape="circle" width="62" height="62" /> 
      </Layer>
      <Layer name="SOLDERMASK_TOP" >
        <Pad shape="circle" width="62" height="62" /> 
      </Layer>
      <Layer name="BOTTOM" >
        <Pad shape="circle" width="62" height="62" /> 
      </Layer>
      <Layer name="SOLDERMASK_BOTTOM" >
        <Pad shape="circle" width="62" height="62" /> 
      </Layer>
      <Layer name="default_internal" >
        <Pad shape="circle" width="62" height="62" /> 
      </Layer>
    </Layers>
  </Padstack>

  <Padstack name="EX62Y62D42P" type="through-hole" > 
    <Hole plating="plated" >
      <Drill figure="circle" diameter="42" width="42" height="42" />
    </Hole>
    <Symbol figure="Triangle" diameter="40" width="40" height="40" drillChars="p" />
    <Layers>
      <Layer name="TOP" >
        <Pad shape="circle" width="62" height="62" /> 
      </Layer>
      <Layer name="SOLDERMASK_TOP" >
        <Pad shape="circle" width="62" height="62" /> 
      </Layer>
      <Layer name="BOTTOM" >
        <Pad shape="circle" width="62" height="62" /> 
      </Layer>
      <Layer name="SOLDERMASK_BOTTOM" >
        <Pad shape="circle" width="62" height="62" /> 
      </Layer>
      <Layer name="default_internal" >
        <Pad shape="circle" width="62" height="62" /> 
      </Layer>
    </Layers>
  </Padstack>
  <TextBlocks>
    <TextBlock name="17" width="6.25" height="25" lineSpacing="25" characterSpacing="6.25" /> 
  </TextBlocks>

  <Pins>
    <Pin number="1" padName="EX62Y62D42P" originX="0" originY="0" rotation="0" isMechanical="no" textBlockName="17" />
    <Pin number="2" padName="EX62Y62D42P" originX="-100" originY="0" rotation="0" isMechanical="no" textBlockName="17" />
    <Pin number="3" padName="EX62Y62D42P" originX="-200" originY="0" rotation="0" isMechanical="no" textBlockName="17" />
    <Pin number="4" padName="EX62Y62D42P" originX="-300" originY="0" rotation="0" isMechanical="no" textBlockName="17" />
    <Pin number="5" padName="EX62Y62D42P" originX="-400" originY="0" rotation="0" isMechanical="no" textBlockName="17" />
    <Pin number="6" padName="EX62Y62D42P" originX="-500" originY="0" rotation="0" isMechanical="no" textBlockName="17" />
    <Pin number="7" padName="EX62Y62D42P" originX="-600" originY="0" rotation="0" isMechanical="no" textBlockName="17" />
    <Pin number="8" padName="EX62Y62D42P" originX="-700" originY="0" rotation="0" isMechanical="no" textBlockName="17" />
  </Pins>
  <Vias>
  </Vias>
  <Layers>
    <Layer name="PACKAGE GEOMETRY/PLACE_BOUND_TOP" packageHeight="335" packageHeightMin="0">
      <Path lineWidth="6" type="shape" >
        <Point x="-777" y="110" />
        <Point x="-777" y="-110" />
        <Point x="77" y="-110" />
        <Point x="77" y="110" />
        <Point x="-777" y="110" />
      </Path>
    </Layer>
    <Layer name="MANUFACTURING/NO_PROBE_TOP" packageHeight="335" >
      <Path lineWidth="6" type="shape" >
        <Point x="-829.5" y="-162.5" />
        <Point x="-829.5" y="162.5" />
        <Point x="129.5" y="162.5" />
        <Point x="129.5" y="-162.5" />
        <Point x="-829.5" y="-162.5" />
      </Path>
    </Layer>
    <Layer name="REF DES/SILKSCREEN_TOP" packageHeight="335" >
      <Label layer="REF DES/SILKSCREEN_TOP" textBlock="3" angle="0" x="-350" y="-25" text="Ref" justify="center" />
    </Layer>
    <Layer name="DEVICE TYPE/SILKSCREEN_TOP" packageHeight="335" >
      <Label layer="DEVICE TYPE/SILKSCREEN_TOP" textBlock="3" angle="0" x="-350" y="-25" text="Dev" justify="center" />
    </Layer>
    <Layer name="USER PART NUMBER/SILKSCREEN_TOP" packageHeight="335" >
      <Label layer="USER PART NUMBER/SILKSCREEN_TOP" textBlock="3" angle="0" x="-350" y="-25" text="PN" justify="center" />
    </Layer>
    <Layer name="DEVICE TYPE/ASSEMBLY_TOP" packageHeight="335" >
      <Label layer="DEVICE TYPE/ASSEMBLY_TOP" textBlock="3" angle="0" x="-350" y="-25" text="DEV" justify="center" />
    </Layer>
    <Layer name="COMPONENT VALUE/SILKSCREEN_TOP" packageHeight="335" >
      <Label layer="COMPONENT VALUE/SILKSCREEN_TOP" textBlock="3" angle="0" x="-350" y="-25" text="VAL" justify="center" />
    </Layer>
    <Layer name="TOLERANCE/SILKSCREEN_TOP" packageHeight="335" >
      <Label layer="TOLERANCE/SILKSCREEN_TOP" textBlock="3" angle="0" x="-350" y="-25" text="TOL" justify="center" />
    </Layer>
    <Layer name="REF DES/ASSEMBLY_TOP" packageHeight="335" >
      <Label layer="REF DES/ASSEMBLY_TOP" textBlock="3" angle="0" x="-350" y="-25" text="Ref" justify="center" />
    </Layer>
    <Layer name="PACKAGE GEOMETRY/SILKSCREEN_TOP" packageHeight="335" >
      <Path lineWidth="6" type="line" >
        <Point x="0" y="110" />
        <Point x="-25" y="160" />
      </Path>
    </Layer>
    <Layer name="PACKAGE GEOMETRY/SILKSCREEN_TOP" packageHeight="335" >
      <Path lineWidth="6" type="line" >
        <Point x="-25" y="160" />
        <Point x="25" y="160" />
      </Path>
    </Layer>
    <Layer name="PACKAGE GEOMETRY/SILKSCREEN_TOP" packageHeight="335" >
      <Path lineWidth="6" type="line" >
        <Point x="25" y="160" />
        <Point x="0" y="110" />
      </Path>
    </Layer>
    <Layer name="PACKAGE GEOMETRY/ASSEMBLY_TOP" packageHeight="335" >
      <Path lineWidth="0" type="line" >
        <Point x="0" y="110" />
        <Point x="-25" y="160" />
      </Path>
    </Layer>
    <Layer name="PACKAGE GEOMETRY/ASSEMBLY_TOP" packageHeight="335" >
      <Path lineWidth="0" type="line" >
        <Point x="-25" y="160" />
        <Point x="25" y="160" />
      </Path>
    </Layer>
    <Layer name="PACKAGE GEOMETRY/ASSEMBLY_TOP" packageHeight="335" >
      <Path lineWidth="0" type="line" >
        <Point x="25" y="160" />
        <Point x="0" y="110" />
      </Path>
    </Layer>
    <Layer name="PACKAGE GEOMETRY/SILKSCREEN_TOP" packageHeight="335" >
      <Path lineWidth="6" type="line" >
        <Point x="-772" y="-105" />
        <Point x="72" y="-105" />
      </Path>
    </Layer>
    <Layer name="PACKAGE GEOMETRY/SILKSCREEN_TOP" packageHeight="335" >
      <Path lineWidth="6" type="line" >
        <Point x="72" y="-105" />
        <Point x="72" y="105" />
      </Path>
    </Layer>
    <Layer name="PACKAGE GEOMETRY/SILKSCREEN_TOP" packageHeight="335" >
      <Path lineWidth="6" type="line" >
        <Point x="72" y="105" />
        <Point x="-772" y="105" />
      </Path>
    </Layer>
    <Layer name="PACKAGE GEOMETRY/SILKSCREEN_TOP" packageHeight="335" >
      <Path lineWidth="6" type="line" >
        <Point x="-772" y="105" />
        <Point x="-772" y="-105" />
      </Path>
    </Layer>
    <Layer name="PACKAGE GEOMETRY/ASSEMBLY_TOP" packageHeight="335" >
      <Path lineWidth="0" type="line" >
        <Point x="-767" y="-100" />
        <Point x="67" y="-100" />
      </Path>
    </Layer>
    <Layer name="PACKAGE GEOMETRY/ASSEMBLY_TOP" packageHeight="335" >
      <Path lineWidth="0" type="line" >
        <Point x="67" y="-100" />
        <Point x="67" y="100" />
      </Path>
    </Layer>
    <Layer name="PACKAGE GEOMETRY/ASSEMBLY_TOP" packageHeight="335" >
      <Path lineWidth="0" type="line" >
        <Point x="67" y="100" />
        <Point x="-767" y="100" />
      </Path>
    </Layer>
    <Layer name="PACKAGE GEOMETRY/ASSEMBLY_TOP" packageHeight="335" >
      <Path lineWidth="0" type="line" >
        <Point x="-767" y="100" />
        <Point x="-767" y="-100" />
      </Path>
    </Layer>
  </Layers>
</Footprint>
