<Footprint name="DIODE_X1-DFN1006-2_P6X1_DIO" >
  <Units type="mils" precision="3" />
  <Extents minX="-2506.5" minY="-2622" width="3988" height="4305.5" />
  <Padstack name="RX12Y20D0T" type="single" > 
    <Layers>
      <Layer name="TOP" >
        <Pad shape="rectangle" width="12" height="20" /> 
      </Layer>
      <Layer name="PASTEMASK_TOP" >
        <Pad shape="rectangle" width="12" height="20" /> 
      </Layer>
      <Layer name="SOLDERMASK_TOP" >
        <Pad shape="rectangle" width="12" height="20" /> 
      </Layer>
    </Layers>
  </Padstack>

  <Padstack name="RX12Y20D0T" type="single" > 
    <Layers>
      <Layer name="TOP" >
        <Pad shape="rectangle" width="12" height="20" /> 
      </Layer>
      <Layer name="PASTEMASK_TOP" >
        <Pad shape="rectangle" width="12" height="20" /> 
      </Layer>
      <Layer name="SOLDERMASK_TOP" >
        <Pad shape="rectangle" width="12" height="20" /> 
      </Layer>
    </Layers>
  </Padstack>
  <TextBlocks>
    <TextBlock name="17" width="6.25" height="25" lineSpacing="25" characterSpacing="6.25" /> 
  </TextBlocks>

  <Pins>
    <Pin number="1" padName="RX12Y20D0T" originX="-11.5" originY="0" rotation="0" isMechanical="no" textBlockName="17" />
    <Pin number="2" padName="RX12Y20D0T" originX="11.5" originY="0" rotation="0" isMechanical="no" textBlockName="17" />
  </Pins>
  <Vias>
  </Vias>
  <Layers>
    <Layer name="PACKAGE GEOMETRY/PLACE_BOUND_TOP" packageHeight="21" packageHeightMin="0">
      <Path lineWidth="0" type="shape" >
        <Point x="-31" y="-20" />
        <Point x="-31" y="20" />
        <Point x="-31" y="20" />
        <Point x="-31" y="22" />
        <Point x="31" y="22" />
        <Point x="31" y="20" />
        <Point x="31" y="20" />
        <Point x="31" y="-20" />
        <Point x="31" y="-20" />
        <Point x="31" y="-22" />
        <Point x="-31" y="-22" />
        <Point x="-31" y="-20" />
        <Point x="-31" y="-20" />
      </Path>
    </Layer>
    <Layer name="MANUFACTURING/NO_PROBE_TOP" packageHeight="21" >
      <Path lineWidth="0" type="shape" >
        <Point x="-32.5" y="-27" />
        <Point x="-32.5" y="27" />
        <Point x="32.5" y="27" />
        <Point x="32.5" y="-27" />
        <Point x="-32.5" y="-27" />
      </Path>
    </Layer>
    <Layer name="PACKAGE GEOMETRY/ASSEMBLY_TOP" packageHeight="21" >
      <Circle type="line"  lineWidth="0" originX="0" originY="0" radius="0" > 
    </Layer>
    <Layer name="REF DES/SILKSCREEN_TOP" packageHeight="21" >
      <Label layer="REF DES/SILKSCREEN_TOP" textBlock="3" angle="0" x="0" y="-25" text="Ref" justify="center" />
    </Layer>
    <Layer name="DEVICE TYPE/SILKSCREEN_TOP" packageHeight="21" >
      <Label layer="DEVICE TYPE/SILKSCREEN_TOP" textBlock="3" angle="0" x="0" y="-25" text="Dev" justify="center" />
    </Layer>
    <Layer name="USER PART NUMBER/SILKSCREEN_TOP" packageHeight="21" >
      <Label layer="USER PART NUMBER/SILKSCREEN_TOP" textBlock="3" angle="0" x="0" y="-25" text="PN" justify="center" />
    </Layer>
    <Layer name="DEVICE TYPE/ASSEMBLY_TOP" packageHeight="21" >
      <Label layer="DEVICE TYPE/ASSEMBLY_TOP" textBlock="3" angle="0" x="0" y="-25" text="DEV" justify="center" />
    </Layer>
    <Layer name="COMPONENT VALUE/SILKSCREEN_TOP" packageHeight="21" >
      <Label layer="COMPONENT VALUE/SILKSCREEN_TOP" textBlock="3" angle="0" x="0" y="-25" text="VAL" justify="center" />
    </Layer>
    <Layer name="TOLERANCE/SILKSCREEN_TOP" packageHeight="21" >
      <Label layer="TOLERANCE/SILKSCREEN_TOP" textBlock="3" angle="0" x="0" y="-25" text="TOL" justify="center" />
    </Layer>
    <Layer name="REF DES/ASSEMBLY_TOP" packageHeight="21" >
      <Label layer="REF DES/ASSEMBLY_TOP" textBlock="3" angle="0" x="0" y="-25" text="Ref" justify="center" />
    </Layer>
    <Layer name="PACKAGE GEOMETRY/ASSEMBLY_TOP" packageHeight="21" >
      <Path lineWidth="0" type="line" >
        <Point x="-21" y="-12" />
        <Point x="21" y="-12" />
      </Path>
    </Layer>
    <Layer name="PACKAGE GEOMETRY/ASSEMBLY_TOP" packageHeight="21" >
      <Path lineWidth="0" type="line" >
        <Point x="21" y="-12" />
        <Point x="21" y="12" />
      </Path>
    </Layer>
    <Layer name="PACKAGE GEOMETRY/ASSEMBLY_TOP" packageHeight="21" >
      <Path lineWidth="0" type="line" >
        <Point x="21" y="12" />
        <Point x="-21" y="12" />
      </Path>
    </Layer>
    <Layer name="PACKAGE GEOMETRY/ASSEMBLY_TOP" packageHeight="21" >
      <Path lineWidth="0" type="line" >
        <Point x="-21" y="12" />
        <Point x="-21" y="-12" />
      </Path>
    </Layer>
  </Layers>
</Footprint>
