<Footprint name="ZDO_SOD-923_ONS-M" >
  <Units type="mils" precision="3" />
  <Extents minX="-2350" minY="-2481" width="3936.5" height="4055.5" />
  <Padstack name="RX19Y12D0T" type="single" > 
    <Layers>
      <Layer name="TOP" >
        <Pad shape="rectangle" width="19" height="12" /> 
      </Layer>
      <Layer name="PASTEMASK_TOP" >
        <Pad shape="rectangle" width="19" height="12" /> 
      </Layer>
      <Layer name="SOLDERMASK_TOP" >
        <Pad shape="rectangle" width="19" height="12" /> 
      </Layer>
    </Layers>
  </Padstack>

  <Padstack name="RX19Y12D0T" type="single" > 
    <Layers>
      <Layer name="TOP" >
        <Pad shape="rectangle" width="19" height="12" /> 
      </Layer>
      <Layer name="PASTEMASK_TOP" >
        <Pad shape="rectangle" width="19" height="12" /> 
      </Layer>
      <Layer name="SOLDERMASK_TOP" >
        <Pad shape="rectangle" width="19" height="12" /> 
      </Layer>
    </Layers>
  </Padstack>
  <TextBlocks>
    <TextBlock name="17" width="6.25" height="25" lineSpacing="25" characterSpacing="6.25" /> 
  </TextBlocks>

  <Pins>
    <Pin number="1" padName="RX19Y12D0T" originX="-23" originY="0" rotation="0" isMechanical="no" textBlockName="17" />
    <Pin number="2" padName="RX19Y12D0T" originX="23" originY="0" rotation="0" isMechanical="no" textBlockName="17" />
  </Pins>
  <Vias>
  </Vias>
  <Layers>
    <Layer name="PACKAGE GEOMETRY/ASSEMBLY_TOP" packageHeight="16" >
      <Path lineWidth="0" type="line" >
        <Point x="-16.5" y="-5" />
        <Point x="-16.5" y="5" />
      </Path>
    </Layer>
    <Layer name="PACKAGE GEOMETRY/ASSEMBLY_TOP" packageHeight="16" >
      <Path lineWidth="0" type="line" >
        <Point x="-16.5" y="5" />
        <Point x="-20.5" y="5" />
      </Path>
    </Layer>
    <Layer name="PACKAGE GEOMETRY/ASSEMBLY_TOP" packageHeight="16" >
      <Path lineWidth="0" type="line" >
        <Point x="-20.5" y="5" />
        <Point x="-20.5" y="-5" />
      </Path>
    </Layer>
    <Layer name="PACKAGE GEOMETRY/ASSEMBLY_TOP" packageHeight="16" >
      <Path lineWidth="0" type="line" >
        <Point x="-20.5" y="-5" />
        <Point x="-16.5" y="-5" />
      </Path>
    </Layer>
    <Layer name="PACKAGE GEOMETRY/ASSEMBLY_TOP" packageHeight="16" >
      <Path lineWidth="0" type="line" >
        <Point x="16.5" y="5" />
        <Point x="16.5" y="-5" />
      </Path>
    </Layer>
    <Layer name="PACKAGE GEOMETRY/ASSEMBLY_TOP" packageHeight="16" >
      <Path lineWidth="0" type="line" >
        <Point x="16.5" y="-5" />
        <Point x="20.5" y="-5" />
      </Path>
    </Layer>
    <Layer name="PACKAGE GEOMETRY/ASSEMBLY_TOP" packageHeight="16" >
      <Path lineWidth="0" type="line" >
        <Point x="20.5" y="-5" />
        <Point x="20.5" y="5" />
      </Path>
    </Layer>
    <Layer name="PACKAGE GEOMETRY/ASSEMBLY_TOP" packageHeight="16" >
      <Path lineWidth="0" type="line" >
        <Point x="20.5" y="5" />
        <Point x="16.5" y="5" />
      </Path>
    </Layer>
    <Layer name="VIA KEEPOUT/TOP" packageHeight="16" >
      <Path lineWidth="6" type="shape" >
        <Point x="-11.5" y="11" />
        <Point x="11.5" y="11" />
        <Point x="11.5" y="-11" />
        <Point x="-11.5" y="-11" />
        <Point x="-11.5" y="11" />
      </Path>
    </Layer>
    <Layer name="ROUTE KEEPOUT/TOP" packageHeight="16" >
      <Path lineWidth="6" type="shape" >
        <Point x="-11.5" y="11" />
        <Point x="11.5" y="11" />
        <Point x="11.5" y="-11" />
        <Point x="-11.5" y="-11" />
        <Point x="-11.5" y="11" />
      </Path>
    </Layer>
    <Layer name="ROUTE KEEPOUT/TOP" packageHeight="16" >
      <Path lineWidth="6" type="shape" >
        <Point x="-11.5" y="11" />
        <Point x="11.5" y="11" />
        <Point x="11.5" y="-11" />
        <Point x="-11.5" y="-11" />
        <Point x="-11.5" y="11" />
      </Path>
    </Layer>
    <Layer name="PACKAGE GEOMETRY/PLACE_BOUND_TOP" packageHeight="16" packageHeightMin="0">
      <Path lineWidth="6" type="shape" >
        <Point x="-52.5" y="-26" />
        <Point x="-52.5" y="26" />
        <Point x="-36.5" y="26" />
        <Point x="-36.5" y="33" />
        <Point x="36.5" y="33" />
        <Point x="36.5" y="26" />
        <Point x="52.5" y="26" />
        <Point x="52.5" y="-26" />
        <Point x="36.5" y="-26" />
        <Point x="36.5" y="-33" />
        <Point x="-36.5" y="-33" />
        <Point x="-36.5" y="-26" />
        <Point x="-52.5" y="-26" />
      </Path>
    </Layer>
    <Layer name="MANUFACTURING/NO_PROBE_TOP" packageHeight="16" >
      <Path lineWidth="6" type="shape" >
        <Point x="-40" y="-20.5" />
        <Point x="-40" y="20.5" />
        <Point x="40" y="20.5" />
        <Point x="40" y="-20.5" />
        <Point x="-40" y="-20.5" />
      </Path>
    </Layer>
    <Layer name="REF DES/SILKSCREEN_TOP" packageHeight="16" >
      <Label layer="REF DES/SILKSCREEN_TOP" textBlock="3" angle="0" x="0" y="-25" text="Ref" justify="center" />
    </Layer>
    <Layer name="DEVICE TYPE/SILKSCREEN_TOP" packageHeight="16" >
      <Label layer="DEVICE TYPE/SILKSCREEN_TOP" textBlock="3" angle="0" x="0" y="-25" text="Dev" justify="center" />
    </Layer>
    <Layer name="USER PART NUMBER/SILKSCREEN_TOP" packageHeight="16" >
      <Label layer="USER PART NUMBER/SILKSCREEN_TOP" textBlock="3" angle="0" x="0" y="-25" text="PN" justify="center" />
    </Layer>
    <Layer name="DEVICE TYPE/ASSEMBLY_TOP" packageHeight="16" >
      <Label layer="DEVICE TYPE/ASSEMBLY_TOP" textBlock="3" angle="0" x="0" y="-25" text="DEV" justify="center" />
    </Layer>
    <Layer name="COMPONENT VALUE/SILKSCREEN_TOP" packageHeight="16" >
      <Label layer="COMPONENT VALUE/SILKSCREEN_TOP" textBlock="3" angle="0" x="0" y="-25" text="VAL" justify="center" />
    </Layer>
    <Layer name="TOLERANCE/SILKSCREEN_TOP" packageHeight="16" >
      <Label layer="TOLERANCE/SILKSCREEN_TOP" textBlock="3" angle="0" x="0" y="-25" text="TOL" justify="center" />
    </Layer>
    <Layer name="REF DES/ASSEMBLY_TOP" packageHeight="16" >
      <Label layer="REF DES/ASSEMBLY_TOP" textBlock="3" angle="0" x="0" y="-25" text="Ref" justify="center" />
    </Layer>
    <Layer name="PACKAGE GEOMETRY/ASSEMBLY_TOP" packageHeight="16" >
      <Label layer="PACKAGE GEOMETRY/ASSEMBLY_TOP" textBlock="3" angle="0" x="-6.5" y="-25" text="*" justify="center" />
    </Layer>
    <Layer name="PACKAGE GEOMETRY/SILKSCREEN_TOP" packageHeight="16" >
      <Label layer="PACKAGE GEOMETRY/SILKSCREEN_TOP" textBlock="3" angle="0" x="-47.5" y="-25" text="*" justify="center" />
    </Layer>
    <Layer name="PACKAGE GEOMETRY/ASSEMBLY_TOP" packageHeight="16" >
      <Path lineWidth="0" type="line" >
        <Point x="-16.5" y="6.5" />
        <Point x="-10" y="13" />
      </Path>
    </Layer>
    <Layer name="PACKAGE GEOMETRY/ASSEMBLY_TOP" packageHeight="16" >
      <Path lineWidth="0" type="line" >
        <Point x="-16.5" y="-6.5" />
        <Point x="-10" y="-13" />
      </Path>
    </Layer>
    <Layer name="PACKAGE GEOMETRY/SILKSCREEN_TOP" packageHeight="16" >
      <Path lineWidth="6" type="line" >
        <Point x="-8.2455" y="-18" />
        <Point x="8.2455" y="-18" />
      </Path>
    </Layer>
    <Layer name="PACKAGE GEOMETRY/SILKSCREEN_TOP" packageHeight="16" >
      <Path lineWidth="6" type="line" >
        <Point x="8.2455" y="18" />
        <Point x="-8.2455" y="18" />
      </Path>
    </Layer>
    <Layer name="PACKAGE GEOMETRY/ASSEMBLY_TOP" packageHeight="16" >
      <Path lineWidth="0" type="line" >
        <Point x="-16.5" y="-13" />
        <Point x="16.5" y="-13" />
      </Path>
    </Layer>
    <Layer name="PACKAGE GEOMETRY/ASSEMBLY_TOP" packageHeight="16" >
      <Path lineWidth="0" type="line" >
        <Point x="16.5" y="-13" />
        <Point x="16.5" y="13" />
      </Path>
    </Layer>
    <Layer name="PACKAGE GEOMETRY/ASSEMBLY_TOP" packageHeight="16" >
      <Path lineWidth="0" type="line" >
        <Point x="16.5" y="13" />
        <Point x="-16.5" y="13" />
      </Path>
    </Layer>
    <Layer name="PACKAGE GEOMETRY/ASSEMBLY_TOP" packageHeight="16" >
      <Path lineWidth="0" type="line" >
        <Point x="-16.5" y="13" />
        <Point x="-16.5" y="-13" />
      </Path>
    </Layer>
  </Layers>
</Footprint>
