<Footprint name="ZDO_SOD-923_ONS-L" >
  <Units type="mils" precision="3" />
  <Extents minX="-2337.5" minY="-2479" width="3924" height="4049.5" />
  <Padstack name="RX11Y8D0T" type="single" > 
    <Layers>
      <Layer name="TOP" >
        <Pad shape="rectangle" width="11" height="8" /> 
      </Layer>
      <Layer name="PASTEMASK_TOP" >
        <Pad shape="rectangle" width="11" height="8" /> 
      </Layer>
      <Layer name="SOLDERMASK_TOP" >
        <Pad shape="rectangle" width="11" height="8" /> 
      </Layer>
    </Layers>
  </Padstack>

  <Padstack name="RX11Y8D0T" type="single" > 
    <Layers>
      <Layer name="TOP" >
        <Pad shape="rectangle" width="11" height="8" /> 
      </Layer>
      <Layer name="PASTEMASK_TOP" >
        <Pad shape="rectangle" width="11" height="8" /> 
      </Layer>
      <Layer name="SOLDERMASK_TOP" >
        <Pad shape="rectangle" width="11" height="8" /> 
      </Layer>
    </Layers>
  </Padstack>
  <TextBlocks>
    <TextBlock name="17" width="6.25" height="25" lineSpacing="25" characterSpacing="6.25" /> 
  </TextBlocks>

  <Pins>
    <Pin number="1" padName="RX11Y8D0T" originX="-19" originY="0" rotation="0" isMechanical="no" textBlockName="17" />
    <Pin number="2" padName="RX11Y8D0T" originX="19" originY="0" rotation="0" isMechanical="no" textBlockName="17" />
  </Pins>
  <Vias>
  </Vias>
  <Layers>
    <Layer name="PACKAGE GEOMETRY/ASSEMBLY_TOP" packageHeight="16" >
      <Path lineWidth="0" type="line" >
        <Point x="-16.5" y="-5" />
        <Point x="-16.5" y="5" />
      </Path>
    </Layer>
    <Layer name="PACKAGE GEOMETRY/ASSEMBLY_TOP" packageHeight="16" >
      <Path lineWidth="0" type="line" >
        <Point x="-16.5" y="5" />
        <Point x="-20.5" y="5" />
      </Path>
    </Layer>
    <Layer name="PACKAGE GEOMETRY/ASSEMBLY_TOP" packageHeight="16" >
      <Path lineWidth="0" type="line" >
        <Point x="-20.5" y="5" />
        <Point x="-20.5" y="-5" />
      </Path>
    </Layer>
    <Layer name="PACKAGE GEOMETRY/ASSEMBLY_TOP" packageHeight="16" >
      <Path lineWidth="0" type="line" >
        <Point x="-20.5" y="-5" />
        <Point x="-16.5" y="-5" />
      </Path>
    </Layer>
    <Layer name="PACKAGE GEOMETRY/ASSEMBLY_TOP" packageHeight="16" >
      <Path lineWidth="0" type="line" >
        <Point x="16.5" y="5" />
        <Point x="16.5" y="-5" />
      </Path>
    </Layer>
    <Layer name="PACKAGE GEOMETRY/ASSEMBLY_TOP" packageHeight="16" >
      <Path lineWidth="0" type="line" >
        <Point x="16.5" y="-5" />
        <Point x="20.5" y="-5" />
      </Path>
    </Layer>
    <Layer name="PACKAGE GEOMETRY/ASSEMBLY_TOP" packageHeight="16" >
      <Path lineWidth="0" type="line" >
        <Point x="20.5" y="-5" />
        <Point x="20.5" y="5" />
      </Path>
    </Layer>
    <Layer name="PACKAGE GEOMETRY/ASSEMBLY_TOP" packageHeight="16" >
      <Path lineWidth="0" type="line" >
        <Point x="20.5" y="5" />
        <Point x="16.5" y="5" />
      </Path>
    </Layer>
    <Layer name="VIA KEEPOUT/TOP" packageHeight="16" >
      <Path lineWidth="6" type="shape" >
        <Point x="-11.5" y="11" />
        <Point x="11.5" y="11" />
        <Point x="11.5" y="-11" />
        <Point x="-11.5" y="-11" />
        <Point x="-11.5" y="11" />
      </Path>
    </Layer>
    <Layer name="ROUTE KEEPOUT/TOP" packageHeight="16" >
      <Path lineWidth="6" type="shape" >
        <Point x="-11.5" y="11" />
        <Point x="11.5" y="11" />
        <Point x="11.5" y="-11" />
        <Point x="-11.5" y="-11" />
        <Point x="-11.5" y="11" />
      </Path>
    </Layer>
    <Layer name="ROUTE KEEPOUT/TOP" packageHeight="16" >
      <Path lineWidth="6" type="shape" >
        <Point x="-11.5" y="11" />
        <Point x="11.5" y="11" />
        <Point x="11.5" y="-11" />
        <Point x="-11.5" y="-11" />
        <Point x="-11.5" y="11" />
      </Path>
    </Layer>
    <Layer name="PACKAGE GEOMETRY/PLACE_BOUND_TOP" packageHeight="16" packageHeightMin="0">
      <Path lineWidth="6" type="shape" >
        <Point x="-28.5" y="-8" />
        <Point x="-28.5" y="8" />
        <Point x="-20.5" y="8" />
        <Point x="-20.5" y="17" />
        <Point x="20.5" y="17" />
        <Point x="20.5" y="8" />
        <Point x="28.5" y="8" />
        <Point x="28.5" y="-8" />
        <Point x="20.5" y="-8" />
        <Point x="20.5" y="-17" />
        <Point x="-20.5" y="-17" />
        <Point x="-20.5" y="-8" />
        <Point x="-28.5" y="-8" />
      </Path>
    </Layer>
    <Layer name="MANUFACTURING/NO_PROBE_TOP" packageHeight="16" >
      <Path lineWidth="6" type="shape" >
        <Point x="-32" y="-20.5" />
        <Point x="-32" y="20.5" />
        <Point x="32" y="20.5" />
        <Point x="32" y="-20.5" />
        <Point x="-32" y="-20.5" />
      </Path>
    </Layer>
    <Layer name="REF DES/SILKSCREEN_TOP" packageHeight="16" >
      <Label layer="REF DES/SILKSCREEN_TOP" textBlock="3" angle="0" x="0" y="-25" text="Ref" justify="center" />
    </Layer>
    <Layer name="DEVICE TYPE/SILKSCREEN_TOP" packageHeight="16" >
      <Label layer="DEVICE TYPE/SILKSCREEN_TOP" textBlock="3" angle="0" x="0" y="-25" text="Dev" justify="center" />
    </Layer>
    <Layer name="USER PART NUMBER/SILKSCREEN_TOP" packageHeight="16" >
      <Label layer="USER PART NUMBER/SILKSCREEN_TOP" textBlock="3" angle="0" x="0" y="-25" text="PN" justify="center" />
    </Layer>
    <Layer name="DEVICE TYPE/ASSEMBLY_TOP" packageHeight="16" >
      <Label layer="DEVICE TYPE/ASSEMBLY_TOP" textBlock="3" angle="0" x="0" y="-25" text="DEV" justify="center" />
    </Layer>
    <Layer name="COMPONENT VALUE/SILKSCREEN_TOP" packageHeight="16" >
      <Label layer="COMPONENT VALUE/SILKSCREEN_TOP" textBlock="3" angle="0" x="0" y="-25" text="VAL" justify="center" />
    </Layer>
    <Layer name="TOLERANCE/SILKSCREEN_TOP" packageHeight="16" >
      <Label layer="TOLERANCE/SILKSCREEN_TOP" textBlock="3" angle="0" x="0" y="-25" text="TOL" justify="center" />
    </Layer>
    <Layer name="REF DES/ASSEMBLY_TOP" packageHeight="16" >
      <Label layer="REF DES/ASSEMBLY_TOP" textBlock="3" angle="0" x="0" y="-25" text="Ref" justify="center" />
    </Layer>
    <Layer name="PACKAGE GEOMETRY/ASSEMBLY_TOP" packageHeight="16" >
      <Label layer="PACKAGE GEOMETRY/ASSEMBLY_TOP" textBlock="3" angle="0" x="-6.5" y="-25" text="*" justify="center" />
    </Layer>
    <Layer name="PACKAGE GEOMETRY/SILKSCREEN_TOP" packageHeight="16" >
      <Label layer="PACKAGE GEOMETRY/SILKSCREEN_TOP" textBlock="3" angle="0" x="-39.5" y="-25" text="*" justify="center" />
    </Layer>
    <Layer name="PACKAGE GEOMETRY/ASSEMBLY_TOP" packageHeight="16" >
      <Path lineWidth="0" type="line" >
        <Point x="-16.5" y="6.5" />
        <Point x="-10" y="13" />
      </Path>
    </Layer>
    <Layer name="PACKAGE GEOMETRY/ASSEMBLY_TOP" packageHeight="16" >
      <Path lineWidth="0" type="line" >
        <Point x="-16.5" y="-6.5" />
        <Point x="-10" y="-13" />
      </Path>
    </Layer>
    <Layer name="PACKAGE GEOMETRY/SILKSCREEN_TOP" packageHeight="16" >
      <Path lineWidth="6" type="line" >
        <Point x="-21.5" y="-18" />
        <Point x="21.5" y="-18" />
      </Path>
    </Layer>
    <Layer name="PACKAGE GEOMETRY/SILKSCREEN_TOP" packageHeight="16" >
      <Path lineWidth="6" type="line" >
        <Point x="21.5" y="18" />
        <Point x="-21.5" y="18" />
      </Path>
    </Layer>
    <Layer name="PACKAGE GEOMETRY/ASSEMBLY_TOP" packageHeight="16" >
      <Path lineWidth="0" type="line" >
        <Point x="-16.5" y="-13" />
        <Point x="16.5" y="-13" />
      </Path>
    </Layer>
    <Layer name="PACKAGE GEOMETRY/ASSEMBLY_TOP" packageHeight="16" >
      <Path lineWidth="0" type="line" >
        <Point x="16.5" y="-13" />
        <Point x="16.5" y="13" />
      </Path>
    </Layer>
    <Layer name="PACKAGE GEOMETRY/ASSEMBLY_TOP" packageHeight="16" >
      <Path lineWidth="0" type="line" >
        <Point x="16.5" y="13" />
        <Point x="-16.5" y="13" />
      </Path>
    </Layer>
    <Layer name="PACKAGE GEOMETRY/ASSEMBLY_TOP" packageHeight="16" >
      <Path lineWidth="0" type="line" >
        <Point x="-16.5" y="13" />
        <Point x="-16.5" y="-13" />
      </Path>
    </Layer>
  </Layers>
</Footprint>
