<Footprint name="DIODE_PMEG2010ER,115_NEX" >
  <Units type="mils" precision="3" />
  <Extents minX="-2555.83465576172" minY="-2647.5" width="4111.66931152344" height="4337" />
  <Padstack name="RX24Y41D0T" type="single" > 
    <Layers>
      <Layer name="TOP" >
        <Pad shape="rectangle" width="24" height="41" /> 
      </Layer>
      <Layer name="PASTEMASK_TOP" >
        <Pad shape="rectangle" width="24" height="41" /> 
      </Layer>
      <Layer name="SOLDERMASK_TOP" >
        <Pad shape="rectangle" width="24" height="41" /> 
      </Layer>
    </Layers>
  </Padstack>
  <Padstack name="RX24Y41D0TSM2" type="single" > 
    <Layers>
      <Layer name="TOP" >
        <Pad shape="rectangle" width="24" height="41" /> 
      </Layer>
      <Layer name="PASTEMASK_TOP" >
        <Pad shape="rectangle" width="24" height="41" /> 
      </Layer>
      <Layer name="SOLDERMASK_TOP" >
        <Pad shape="rectangle" width="24" height="41" /> 
      </Layer>
    </Layers>
  </Padstack>

  <Padstack name="RX24Y41D0T" type="single" > 
    <Layers>
      <Layer name="TOP" >
        <Pad shape="rectangle" width="24" height="41" /> 
      </Layer>
      <Layer name="PASTEMASK_TOP" >
        <Pad shape="rectangle" width="24" height="41" /> 
      </Layer>
      <Layer name="SOLDERMASK_TOP" >
        <Pad shape="rectangle" width="24" height="41" /> 
      </Layer>
    </Layers>
  </Padstack>
  <Padstack name="RX24Y41D0TSM2" type="single" > 
    <Layers>
      <Layer name="TOP" >
        <Pad shape="rectangle" width="24" height="41" /> 
      </Layer>
      <Layer name="PASTEMASK_TOP" >
        <Pad shape="rectangle" width="24" height="41" /> 
      </Layer>
      <Layer name="SOLDERMASK_TOP" >
        <Pad shape="rectangle" width="24" height="41" /> 
      </Layer>
    </Layers>
  </Padstack>
  <TextBlocks>
    <TextBlock name="17" width="6.25" height="25" lineSpacing="25" characterSpacing="6.25" /> 
  </TextBlocks>

  <Pins>
    <Pin number="1" padName="RX24Y41D0T" originX="-60.8346" originY="0" rotation="0" isMechanical="no" textBlockName="17" />
    <Pin number="2" padName="RX24Y41D0TSM2" originX="60.8346" originY="0" rotation="0" isMechanical="no" textBlockName="17" />
  </Pins>
  <Vias>
  </Vias>
  <Layers>
    <Layer name="PACKAGE GEOMETRY/PLACE_BOUND_TOP" packageHeight="43" packageHeightMin="0">
      <Path lineWidth="0" type="shape" >
        <Point x="-82.8346" y="-30.5" />
        <Point x="-82.8346" y="30.5" />
        <Point x="-65" y="30.5" />
        <Point x="-65" y="47.5" />
        <Point x="65" y="47.5" />
        <Point x="65" y="30.5" />
        <Point x="82.8346" y="30.5" />
        <Point x="82.8346" y="-30.5" />
        <Point x="65" y="-30.5" />
        <Point x="65" y="-47.5" />
        <Point x="-65" y="-47.5" />
        <Point x="-65" y="-30.5" />
        <Point x="-82.8346" y="-30.5" />
      </Path>
    </Layer>
    <Layer name="MANUFACTURING/NO_PROBE_TOP" packageHeight="43" >
      <Path lineWidth="0" type="shape" >
        <Point x="-87.8346" y="-52.5" />
        <Point x="-87.8346" y="52.5" />
        <Point x="87.8346" y="52.5" />
        <Point x="87.8346" y="-52.5" />
        <Point x="-87.8346" y="-52.5" />
      </Path>
    </Layer>
    <Layer name="PACKAGE GEOMETRY/ASSEMBLY_TOP" packageHeight="43" >
      <Circle type="line"  lineWidth="0" originX="0" originY="0" radius="0" > 
    </Layer>
    <Layer name="REF DES/SILKSCREEN_TOP" packageHeight="43" >
      <Label layer="REF DES/SILKSCREEN_TOP" textBlock="3" angle="0" x="0" y="-25" text="Ref" justify="center" />
    </Layer>
    <Layer name="DEVICE TYPE/SILKSCREEN_TOP" packageHeight="43" >
      <Label layer="DEVICE TYPE/SILKSCREEN_TOP" textBlock="3" angle="0" x="0" y="-25" text="Dev" justify="center" />
    </Layer>
    <Layer name="USER PART NUMBER/SILKSCREEN_TOP" packageHeight="43" >
      <Label layer="USER PART NUMBER/SILKSCREEN_TOP" textBlock="3" angle="0" x="0" y="-25" text="PN" justify="center" />
    </Layer>
    <Layer name="DEVICE TYPE/ASSEMBLY_TOP" packageHeight="43" >
      <Label layer="DEVICE TYPE/ASSEMBLY_TOP" textBlock="3" angle="0" x="0" y="-25" text="DEV" justify="center" />
    </Layer>
    <Layer name="COMPONENT VALUE/SILKSCREEN_TOP" packageHeight="43" >
      <Label layer="COMPONENT VALUE/SILKSCREEN_TOP" textBlock="3" angle="0" x="0" y="-25" text="VAL" justify="center" />
    </Layer>
    <Layer name="TOLERANCE/SILKSCREEN_TOP" packageHeight="43" >
      <Label layer="TOLERANCE/SILKSCREEN_TOP" textBlock="3" angle="0" x="0" y="-25" text="TOL" justify="center" />
    </Layer>
    <Layer name="REF DES/ASSEMBLY_TOP" packageHeight="43" >
      <Label layer="REF DES/ASSEMBLY_TOP" textBlock="3" angle="0" x="0" y="-25" text="Ref" justify="center" />
    </Layer>
    <Layer name="PACKAGE GEOMETRY/SILKSCREEN_TOP" packageHeight="43" >
      <Path lineWidth="6" type="line" >
        <Point x="-60" y="-42.5" />
        <Point x="60" y="-42.5" />
      </Path>
    </Layer>
    <Layer name="PACKAGE GEOMETRY/SILKSCREEN_TOP" packageHeight="43" >
      <Path lineWidth="6" type="line" >
        <Point x="60" y="42.5" />
        <Point x="-60" y="42.5" />
      </Path>
    </Layer>
    <Layer name="PACKAGE GEOMETRY/ASSEMBLY_TOP" packageHeight="43" >
      <Path lineWidth="0" type="line" >
        <Point x="-55" y="-37.5" />
        <Point x="55" y="-37.5" />
      </Path>
    </Layer>
    <Layer name="PACKAGE GEOMETRY/ASSEMBLY_TOP" packageHeight="43" >
      <Path lineWidth="0" type="line" >
        <Point x="55" y="-37.5" />
        <Point x="55" y="37.5" />
      </Path>
    </Layer>
    <Layer name="PACKAGE GEOMETRY/ASSEMBLY_TOP" packageHeight="43" >
      <Path lineWidth="0" type="line" >
        <Point x="55" y="37.5" />
        <Point x="-55" y="37.5" />
      </Path>
    </Layer>
    <Layer name="PACKAGE GEOMETRY/ASSEMBLY_TOP" packageHeight="43" >
      <Path lineWidth="0" type="line" >
        <Point x="-55" y="37.5" />
        <Point x="-55" y="-37.5" />
      </Path>
    </Layer>
  </Layers>
</Footprint>
