<Footprint name="TAJA_AVX-M" >
  <Units type="mils" precision="3" />
  <Extents minX="-2387.5" minY="-2460.5" width="4019.5" height="3922.5" />
  <Padstack name="RX68p44Y55D0T" type="single" > 
    <Layers>
      <Layer name="TOP" >
        <Pad shape="rectangle" width="55" height="68.436" /> 
      </Layer>
      <Layer name="PASTEMASK_TOP" >
        <Pad shape="rectangle" width="55" height="68.436" /> 
      </Layer>
      <Layer name="SOLDERMASK_TOP" >
        <Pad shape="rectangle" width="55" height="68.436" /> 
      </Layer>
    </Layers>
  </Padstack>

  <Padstack name="RX68p44Y55D0T" type="single" > 
    <Layers>
      <Layer name="TOP" >
        <Pad shape="rectangle" width="55" height="68.436" /> 
      </Layer>
      <Layer name="PASTEMASK_TOP" >
        <Pad shape="rectangle" width="55" height="68.436" /> 
      </Layer>
      <Layer name="SOLDERMASK_TOP" >
        <Pad shape="rectangle" width="55" height="68.436" /> 
      </Layer>
    </Layers>
  </Padstack>
  <TextBlocks>
    <TextBlock name="17" width="6.25" height="25" lineSpacing="25" characterSpacing="6.25" /> 
  </TextBlocks>

  <Pins>
    <Pin number="1" padName="RX68p44Y55D0T" originX="-42.782" originY="0" rotation="90" isMechanical="no" textBlockName="17" />
    <Pin number="2" padName="RX68p44Y55D0T" originX="42.782" originY="0" rotation="90" isMechanical="no" textBlockName="17" />
  </Pins>
  <Vias>
  </Vias>
  <Layers>
    <Layer name="VIA KEEPOUT/TOP" packageHeight="71" >
      <Path lineWidth="6" type="shape" >
        <Point x="-6.56398010253906" y="29.5" />
        <Point x="6.56398010253906" y="29.5" />
        <Point x="6.56398010253906" y="-29.5" />
        <Point x="-6.56398010253906" y="-29.5" />
        <Point x="-6.56398010253906" y="29.5" />
      </Path>
    </Layer>
    <Layer name="ROUTE KEEPOUT/TOP" packageHeight="71" >
      <Path lineWidth="6" type="shape" >
        <Point x="-6.56398010253906" y="29.5" />
        <Point x="6.56398010253906" y="29.5" />
        <Point x="6.56398010253906" y="-29.5" />
        <Point x="-6.56398010253906" y="-29.5" />
        <Point x="-6.56398010253906" y="29.5" />
      </Path>
    </Layer>
    <Layer name="ROUTE KEEPOUT/TOP" packageHeight="71" >
      <Path lineWidth="6" type="shape" >
        <Point x="-6.56398010253906" y="29.5" />
        <Point x="6.56398010253906" y="29.5" />
        <Point x="6.56398010253906" y="-29.5" />
        <Point x="-6.56398010253906" y="-29.5" />
        <Point x="-6.56398010253906" y="29.5" />
      </Path>
    </Layer>
    <Layer name="ROUTE KEEPOUT/TOP" packageHeight="71" >
      <Path lineWidth="6" type="shape" >
        <Point x="-65" y="33.5" />
        <Point x="65" y="33.5" />
        <Point x="65" y="29.5" />
        <Point x="-65" y="29.5" />
        <Point x="-65" y="33.5" />
      </Path>
    </Layer>
    <Layer name="ROUTE KEEPOUT/TOP" packageHeight="71" >
      <Path lineWidth="6" type="shape" >
        <Point x="-65" y="-29.5" />
        <Point x="65" y="-29.5" />
        <Point x="65" y="-33.5" />
        <Point x="-65" y="-33.5" />
        <Point x="-65" y="-29.5" />
      </Path>
    </Layer>
    <Layer name="PACKAGE GEOMETRY/PLACE_BOUND_TOP" packageHeight="71" packageHeightMin="0">
      <Path lineWidth="6" type="shape" >
        <Point x="-97" y="-47.5" />
        <Point x="-97" y="47.5" />
        <Point x="-87" y="47.5" />
        <Point x="-87" y="55.5" />
        <Point x="87" y="55.5" />
        <Point x="87" y="47.5" />
        <Point x="97" y="47.5" />
        <Point x="97" y="-47.5" />
        <Point x="87" y="-47.5" />
        <Point x="87" y="-55.5" />
        <Point x="-87" y="-55.5" />
        <Point x="-87" y="-47.5" />
        <Point x="-97" y="-47.5" />
      </Path>
    </Layer>
    <Layer name="MANUFACTURING/NO_PROBE_TOP" packageHeight="71" >
      <Path lineWidth="6" type="shape" >
        <Point x="-112" y="-50.5" />
        <Point x="-112" y="50.5" />
        <Point x="112" y="50.5" />
        <Point x="112" y="-50.5" />
        <Point x="-112" y="-50.5" />
      </Path>
    </Layer>
    <Layer name="REF DES/SILKSCREEN_TOP" packageHeight="71" >
      <Label layer="REF DES/SILKSCREEN_TOP" textBlock="3" angle="0" x="0" y="-25" text="Ref" justify="center" />
    </Layer>
    <Layer name="DEVICE TYPE/SILKSCREEN_TOP" packageHeight="71" >
      <Label layer="DEVICE TYPE/SILKSCREEN_TOP" textBlock="3" angle="0" x="0" y="-25" text="Dev" justify="center" />
    </Layer>
    <Layer name="USER PART NUMBER/SILKSCREEN_TOP" packageHeight="71" >
      <Label layer="USER PART NUMBER/SILKSCREEN_TOP" textBlock="3" angle="0" x="0" y="-25" text="PN" justify="center" />
    </Layer>
    <Layer name="DEVICE TYPE/ASSEMBLY_TOP" packageHeight="71" >
      <Label layer="DEVICE TYPE/ASSEMBLY_TOP" textBlock="3" angle="0" x="0" y="-25" text="DEV" justify="center" />
    </Layer>
    <Layer name="COMPONENT VALUE/SILKSCREEN_TOP" packageHeight="71" >
      <Label layer="COMPONENT VALUE/SILKSCREEN_TOP" textBlock="3" angle="0" x="0" y="-25" text="VAL" justify="center" />
    </Layer>
    <Layer name="TOLERANCE/SILKSCREEN_TOP" packageHeight="71" >
      <Label layer="TOLERANCE/SILKSCREEN_TOP" textBlock="3" angle="0" x="0" y="-25" text="TOL" justify="center" />
    </Layer>
    <Layer name="REF DES/ASSEMBLY_TOP" packageHeight="71" >
      <Label layer="REF DES/ASSEMBLY_TOP" textBlock="3" angle="0" x="0" y="-25" text="Ref" justify="center" />
    </Layer>
    <Layer name="PACKAGE GEOMETRY/ASSEMBLY_TOP" packageHeight="71" >
      <Circle type="line"  lineWidth="0" originX="-57" originY="0" radius="3" > 
    </Layer>
    <Layer name="PACKAGE GEOMETRY/SILKSCREEN_TOP" packageHeight="71" >
      <Circle type="line"  lineWidth="6" originX="-117" originY="0" radius="3" > 
    </Layer>
    <Layer name="PACKAGE GEOMETRY/SILKSCREEN_TOP" packageHeight="71" >
      <Path lineWidth="6" type="line" >
        <Point x="-6.9484" y="-40.5" />
        <Point x="6.9484" y="-40.5" />
      </Path>
    </Layer>
    <Layer name="PACKAGE GEOMETRY/SILKSCREEN_TOP" packageHeight="71" >
      <Path lineWidth="6" type="line" >
        <Point x="6.9484" y="40.5" />
        <Point x="-6.9484" y="40.5" />
      </Path>
    </Layer>
    <Layer name="PACKAGE GEOMETRY/ASSEMBLY_TOP" packageHeight="71" >
      <Path lineWidth="0" type="line" >
        <Point x="-67" y="-35.5" />
        <Point x="67" y="-35.5" />
      </Path>
    </Layer>
    <Layer name="PACKAGE GEOMETRY/ASSEMBLY_TOP" packageHeight="71" >
      <Path lineWidth="0" type="line" >
        <Point x="67" y="-35.5" />
        <Point x="67" y="35.5" />
      </Path>
    </Layer>
    <Layer name="PACKAGE GEOMETRY/ASSEMBLY_TOP" packageHeight="71" >
      <Path lineWidth="0" type="line" >
        <Point x="67" y="35.5" />
        <Point x="-67" y="35.5" />
      </Path>
    </Layer>
    <Layer name="PACKAGE GEOMETRY/ASSEMBLY_TOP" packageHeight="71" >
      <Path lineWidth="0" type="line" >
        <Point x="-67" y="35.5" />
        <Point x="-67" y="-35.5" />
      </Path>
    </Layer>
  </Layers>
</Footprint>
