<Footprint name="CRYSTAL_FA-238_EPS" >
  <Units type="mils" precision="3" />
  <Extents minX="-2488.30708312988" minY="-2651" width="4026.61416625977" height="4002.49606323242" />
  <Padstack name="RX55Y47D0T" type="single" > 
    <Layers>
      <Layer name="TOP" >
        <Pad shape="rectangle" width="55" height="47" /> 
      </Layer>
      <Layer name="PASTEMASK_TOP" >
        <Pad shape="rectangle" width="55" height="47" /> 
      </Layer>
      <Layer name="SOLDERMASK_TOP" >
        <Pad shape="rectangle" width="55" height="47" /> 
      </Layer>
    </Layers>
  </Padstack>

  <Padstack name="RX55Y47D0T" type="single" > 
    <Layers>
      <Layer name="TOP" >
        <Pad shape="rectangle" width="55" height="47" /> 
      </Layer>
      <Layer name="PASTEMASK_TOP" >
        <Pad shape="rectangle" width="55" height="47" /> 
      </Layer>
      <Layer name="SOLDERMASK_TOP" >
        <Pad shape="rectangle" width="55" height="47" /> 
      </Layer>
    </Layers>
  </Padstack>
  <TextBlocks>
    <TextBlock name="17" width="6.25" height="25" lineSpacing="25" characterSpacing="6.25" /> 
  </TextBlocks>

  <Pins>
    <Pin number="4" padName="RX55Y47D0T" originX="-43.3071" originY="31.4961" rotation="0" isMechanical="no" textBlockName="17" />
    <Pin number="1" padName="RX55Y47D0T" originX="-43.3071" originY="-31.4961" rotation="0" isMechanical="no" textBlockName="17" />
    <Pin number="2" padName="RX55Y47D0T" originX="43.3071" originY="-31.4961" rotation="180" isMechanical="no" textBlockName="17" />
    <Pin number="3" padName="RX55Y47D0T" originX="43.3071" originY="31.4961" rotation="180" isMechanical="no" textBlockName="17" />
  </Pins>
  <Vias>
  </Vias>
  <Layers>
    <Layer name="PACKAGE GEOMETRY/PLACE_BOUND_TOP" packageHeight="28" packageHeightMin="0">
      <Path lineWidth="0" type="shape" >
        <Point x="-80.8071" y="-64.9961" />
        <Point x="-80.8071" y="64.9961" />
        <Point x="-75" y="64.9961" />
        <Point x="-75" y="64.9961" />
        <Point x="75" y="64.9961" />
        <Point x="75" y="64.9961" />
        <Point x="80.8071" y="64.9961" />
        <Point x="80.8071" y="-64.9961" />
        <Point x="75" y="-64.9961" />
        <Point x="75" y="-64.9961" />
        <Point x="-75" y="-64.9961" />
        <Point x="-75" y="-64.9961" />
        <Point x="-80.8071" y="-64.9961" />
      </Path>
    </Layer>
    <Layer name="MANUFACTURING/NO_PROBE_TOP" packageHeight="28" >
      <Path lineWidth="0" type="shape" >
        <Point x="-85.8071" y="-66" />
        <Point x="-85.8071" y="66" />
        <Point x="85.8071" y="66" />
        <Point x="85.8071" y="-66" />
        <Point x="-85.8071" y="-66" />
      </Path>
    </Layer>
    <Layer name="REF DES/SILKSCREEN_TOP" packageHeight="28" >
      <Label layer="REF DES/SILKSCREEN_TOP" textBlock="3" angle="0" x="0" y="-25" text="Ref" justify="center" />
    </Layer>
    <Layer name="DEVICE TYPE/SILKSCREEN_TOP" packageHeight="28" >
      <Label layer="DEVICE TYPE/SILKSCREEN_TOP" textBlock="3" angle="0" x="0" y="-25" text="Dev" justify="center" />
    </Layer>
    <Layer name="USER PART NUMBER/SILKSCREEN_TOP" packageHeight="28" >
      <Label layer="USER PART NUMBER/SILKSCREEN_TOP" textBlock="3" angle="0" x="0" y="-25" text="PN" justify="center" />
    </Layer>
    <Layer name="DEVICE TYPE/ASSEMBLY_TOP" packageHeight="28" >
      <Label layer="DEVICE TYPE/ASSEMBLY_TOP" textBlock="3" angle="0" x="0" y="-25" text="DEV" justify="center" />
    </Layer>
    <Layer name="COMPONENT VALUE/SILKSCREEN_TOP" packageHeight="28" >
      <Label layer="COMPONENT VALUE/SILKSCREEN_TOP" textBlock="3" angle="0" x="0" y="-25" text="VAL" justify="center" />
    </Layer>
    <Layer name="TOLERANCE/SILKSCREEN_TOP" packageHeight="28" >
      <Label layer="TOLERANCE/SILKSCREEN_TOP" textBlock="3" angle="0" x="0" y="-25" text="TOL" justify="center" />
    </Layer>
    <Layer name="REF DES/ASSEMBLY_TOP" packageHeight="28" >
      <Label layer="REF DES/ASSEMBLY_TOP" textBlock="3" angle="0" x="0" y="-25" text="Ref" justify="center" />
    </Layer>
    <Layer name="PACKAGE GEOMETRY/ASSEMBLY_TOP" packageHeight="28" >
      <Circle type="line"  lineWidth="0" originX="-15.8071" originY="31.4961" radius="0" > 
    </Layer>
    <Layer name="PACKAGE GEOMETRY/ASSEMBLY_TOP" packageHeight="28" >
      <Path lineWidth="0" type="line" >
        <Point x="-65" y="-51" />
        <Point x="65" y="-51" />
      </Path>
    </Layer>
    <Layer name="PACKAGE GEOMETRY/ASSEMBLY_TOP" packageHeight="28" >
      <Path lineWidth="0" type="line" >
        <Point x="65" y="-51" />
        <Point x="65" y="51" />
      </Path>
    </Layer>
    <Layer name="PACKAGE GEOMETRY/ASSEMBLY_TOP" packageHeight="28" >
      <Path lineWidth="0" type="line" >
        <Point x="65" y="51" />
        <Point x="-65" y="51" />
      </Path>
    </Layer>
    <Layer name="PACKAGE GEOMETRY/ASSEMBLY_TOP" packageHeight="28" >
      <Path lineWidth="0" type="line" >
        <Point x="-65" y="51" />
        <Point x="-65" y="-51" />
      </Path>
    </Layer>
    <Layer name="PACKAGE GEOMETRY/ASSEMBLY_TOP" packageHeight="28" >
      <Arc lineWidth="0" centerX="0" centerY="51" x1="-12" y1="51" x2="12" y2="51" startAngle="180" stopAngle="360" /> 
    </Layer>
  </Layers>
</Footprint>
